review_id,date,product,product_name,source,rating,review_text,request_id,created_at
seed-v3-cerave-20260120-0,2026-01-20,cerave,CeraVe,twitter,4,"Love the ceramides, great for winter skin.",,2026-03-20T07:15:23+00:00
seed-v3-cerave-20260120-1,2026-01-20,cerave,CeraVe,reviews,5,"Barrier feels stronger, less dryness overall.",,2026-03-20T07:15:23+00:00
seed-v3-cerave-20260120-2,2026-01-20,cerave,CeraVe,reviews,2,"Works well, but the finish is a bit tacky.",,2026-03-20T07:15:23+00:00
seed-v3-cerave-20260120-3,2026-01-20,cerave,CeraVe,reddit,1,"Reliable and gentle, no irritation.",,2026-03-20T07:15:23+00:00
seed-v3-cerave-20260120-4,2026-01-20,cerave,CeraVe,news,1,"Stung around my nose, not for me.",,2026-03-20T07:15:23+00:00
seed-v3-cleanser-20260120-0,2026-01-20,cleanser,Cleanser,reviews,4,"Gentle, but struggled to remove sunscreen.",,2026-03-20T07:15:23+00:00
seed-v3-cleanser-20260120-1,2026-01-20,cleanser,Cleanser,reddit,3,Cleans well without drying my skin.,,2026-03-20T07:15:23+00:00
seed-v3-la_roche_posay-20260120-0,2026-01-20,la_roche_posay,La Roche-Posay,twitter,2,"Helped my barrier, fewer irritations this week.",,2026-03-20T07:15:23+00:00
seed-v3-la_roche_posay-20260120-1,2026-01-20,la_roche_posay,La Roche-Posay,reviews,5,"Soothing for sensitive skin, texture feels premium.",,2026-03-20T07:15:23+00:00
seed-v3-la_roche_posay-20260120-2,2026-01-20,la_roche_posay,La Roche-Posay,reviews,5,"Great for sensitive skin, but can feel heavy mid-day.",,2026-03-20T07:15:23+00:00
seed-v3-la_roche_posay-20260120-3,2026-01-20,la_roche_posay,La Roche-Posay,reviews,3,"Did not work for my acne, caused clogged pores.",,2026-03-20T07:15:23+00:00
seed-v3-la_roche_posay-20260120-4,2026-01-20,la_roche_posay,La Roche-Posay,twitter,3,"Great for sensitive skin, but can feel heavy mid-day.",,2026-03-20T07:15:23+00:00
seed-v3-moisturizer-20260120-0,2026-01-20,moisturizer,Moisturizer,twitter,2,Too oily and caused breakouts.,,2026-03-20T07:15:23+00:00
seed-v3-moisturizer-20260120-1,2026-01-20,moisturizer,Moisturizer,reddit,4,Absorbs fast and helps my dry patches.,,2026-03-20T07:15:23+00:00
seed-v3-moisturizer-20260120-2,2026-01-20,moisturizer,Moisturizer,reddit,4,Hydrating and gentle for my sensitive skin.,,2026-03-20T07:15:23+00:00
seed-v3-neutrogena-20260120-0,2026-01-20,neutrogena,Neutrogena,reviews,4,Good value but a bit of white cast on deeper skin tones.,,2026-03-20T07:15:23+00:00
seed-v3-neutrogena-20260120-1,2026-01-20,neutrogena,Neutrogena,reviews,3,"Finish is matte, but stings around my eyes.",,2026-03-20T07:15:23+00:00
seed-v3-neutrogena-20260120-2,2026-01-20,neutrogena,Neutrogena,twitter,2,Good value but a bit of white cast on deeper skin tones.,,2026-03-20T07:15:23+00:00
seed-v3-neutrogena-20260120-3,2026-01-20,neutrogena,Neutrogena,news,2,Solid protection and easy to reapply.,,2026-03-20T07:15:23+00:00
seed-v3-neutrogena-20260120-4,2026-01-20,neutrogena,Neutrogena,reviews,5,"Great for acne-prone skin, no breakouts so far.",,2026-03-20T07:15:23+00:00
seed-v3-serum-20260120-0,2026-01-20,serum,Serum,twitter,1,"Too strong for me, tingled a lot.",,2026-03-20T07:15:23+00:00
seed-v3-serum-20260120-1,2026-01-20,serum,Serum,reviews,5,Improved texture and visible glow.,,2026-03-20T07:15:23+00:00
seed-v3-sunscreen-20260120-0,2026-01-20,sunscreen,Sunscreen,news,4,"Good daily SPF, absorbs quickly.",,2026-03-20T07:15:23+00:00
seed-v3-sunscreen-20260120-1,2026-01-20,sunscreen,Sunscreen,twitter,2,"Good daily SPF, absorbs quickly.",,2026-03-20T07:15:23+00:00
seed-v3-sunscreen-20260120-2,2026-01-20,sunscreen,Sunscreen,reviews,3,"No white cast, but reapplication is messy on makeup.",,2026-03-20T07:15:23+00:00
seed-v3-supergoop-20260120-0,2026-01-20,supergoop,Supergoop!,twitter,3,"Easy to reapply, but the scent is noticeable.",,2026-03-20T07:15:23+00:00
seed-v3-supergoop-20260120-1,2026-01-20,supergoop,Supergoop!,reddit,4,"Love the glow, but wish it was less fragranced.",,2026-03-20T07:15:23+00:00
seed-v3-supergoop-20260120-2,2026-01-20,supergoop,Supergoop!,reddit,2,"Too shiny on my skin, had to blot often.",,2026-03-20T07:15:23+00:00
seed-v3-supergoop-20260120-3,2026-01-20,supergoop,Supergoop!,news,4,"Finish looks nice, but feels oily after a few hours.",,2026-03-20T07:15:23+00:00
seed-v3-cerave-20260121-0,2026-01-21,cerave,CeraVe,reviews,5,"Love the ceramides, great for winter skin.",,2026-03-20T07:15:23+00:00
seed-v3-cerave-20260121-1,2026-01-21,cerave,CeraVe,reviews,2,"Stung around my nose, not for me.",,2026-03-20T07:15:23+00:00
seed-v3-cerave-20260121-2,2026-01-21,cerave,CeraVe,reviews,4,"Love the ceramides, great for winter skin.",,2026-03-20T07:15:23+00:00
seed-v3-cerave-20260121-3,2026-01-21,cerave,CeraVe,news,5,"Ceramides helped my dry skin, very gentle cleanser.",,2026-03-20T07:15:23+00:00
seed-v3-cleanser-20260121-0,2026-01-21,cleanser,Cleanser,news,4,Cleans well without drying my skin.,,2026-03-20T07:15:23+00:00
seed-v3-la_roche_posay-20260121-0,2026-01-21,la_roche_posay,La Roche-Posay,twitter,1,"Did not work for my acne, caused clogged pores.",,2026-03-20T07:15:23+00:00
seed-v3-la_roche_posay-20260121-1,2026-01-21,la_roche_posay,La Roche-Posay,reviews,4,"A little greasy in humid weather, still effective.",,2026-03-20T07:15:23+00:00
seed-v3-la_roche_posay-20260121-2,2026-01-21,la_roche_posay,La Roche-Posay,reviews,5,"Helped my barrier, fewer irritations this week.",,2026-03-20T07:15:23+00:00
seed-v3-moisturizer-20260121-0,2026-01-21,moisturizer,Moisturizer,twitter,4,Great value and smooth texture.,,2026-03-20T07:15:23+00:00
seed-v3-moisturizer-20260121-1,2026-01-21,moisturizer,Moisturizer,news,2,Too oily and caused breakouts.,,2026-03-20T07:15:23+00:00
seed-v3-neutrogena-20260121-0,2026-01-21,neutrogena,Neutrogena,reddit,1,"Works well for daily sunscreen, but can pill with moisturizer.",,2026-03-20T07:15:23+00:00
seed-v3-neutrogena-20260121-1,2026-01-21,neutrogena,Neutrogena,news,5,Lightweight SPF that layers well under makeup.,,2026-03-20T07:15:23+00:00
seed-v3-serum-20260121-0,2026-01-21,serum,Serum,reddit,2,No noticeable effect and caused redness.,,2026-03-20T07:15:23+00:00
seed-v3-sunscreen-20260121-0,2026-01-21,sunscreen,Sunscreen,reddit,2,"Good daily SPF, absorbs quickly.",,2026-03-20T07:15:23+00:00
seed-v3-sunscreen-20260121-1,2026-01-21,sunscreen,Sunscreen,reddit,4,"Good daily SPF, absorbs quickly.",,2026-03-20T07:15:23+00:00
seed-v3-sunscreen-20260121-2,2026-01-21,sunscreen,Sunscreen,twitter,4,Lightweight sunscreen and no white cast.,,2026-03-20T07:15:23+00:00
seed-v3-sunscreen-20260121-3,2026-01-21,sunscreen,Sunscreen,twitter,2,"Good daily SPF, absorbs quickly.",,2026-03-20T07:15:23+00:00
seed-v3-sunscreen-20260121-4,2026-01-21,sunscreen,Sunscreen,news,2,Caused irritation and felt heavy.,,2026-03-20T07:15:23+00:00
seed-v3-sunscreen-20260121-5,2026-01-21,sunscreen,Sunscreen,reviews,5,"Great for daily wear, feels weightless.",,2026-03-20T07:15:23+00:00
seed-v3-supergoop-20260121-0,2026-01-21,supergoop,Supergoop!,twitter,2,"Great under makeup, but breaks me out sometimes.",,2026-03-20T07:15:23+00:00
seed-v3-supergoop-20260121-1,2026-01-21,supergoop,Supergoop!,reddit,4,"Finish looks nice, but feels oily after a few hours.",,2026-03-20T07:15:23+00:00
seed-v3-supergoop-20260121-2,2026-01-21,supergoop,Supergoop!,news,3,"Great under makeup, but breaks me out sometimes.",,2026-03-20T07:15:23+00:00
seed-v3-cerave-20260122-0,2026-01-22,cerave,CeraVe,reviews,5,"Reliable and gentle, no irritation.",,2026-03-20T07:15:23+00:00
seed-v3-cleanser-20260122-0,2026-01-22,cleanser,Cleanser,news,1,Made my skin tight and itchy.,,2026-03-20T07:15:23+00:00
seed-v3-cleanser-20260122-1,2026-01-22,cleanser,Cleanser,news,3,"Gentle, but struggled to remove sunscreen.",,2026-03-20T07:15:23+00:00
seed-v3-la_roche_posay-20260122-0,2026-01-22,la_roche_posay,La Roche-Posay,twitter,3,"A little greasy in humid weather, still effective.",,2026-03-20T07:15:23+00:00
seed-v3-la_roche_posay-20260122-1,2026-01-22,la_roche_posay,La Roche-Posay,reddit,2,"A little greasy in humid weather, still effective.",,2026-03-20T07:15:23+00:00
seed-v3-la_roche_posay-20260122-2,2026-01-22,la_roche_posay,La Roche-Posay,news,5,Barrier repair feels solid but price is high.,,2026-03-20T07:15:23+00:00
seed-v3-la_roche_posay-20260122-3,2026-01-22,la_roche_posay,La Roche-Posay,reddit,4,Calms redness quickly and feels gentle.,,2026-03-20T07:15:23+00:00
seed-v3-moisturizer-20260122-0,2026-01-22,moisturizer,Moisturizer,news,3,"Not enough for winter, but good layering.",,2026-03-20T07:15:23+00:00
seed-v3-moisturizer-20260122-1,2026-01-22,moisturizer,Moisturizer,reviews,2,Too oily and caused breakouts.,,2026-03-20T07:15:23+00:00
seed-v3-neutrogena-20260122-0,2026-01-22,neutrogena,Neutrogena,reddit,1,"Works well for daily sunscreen, but can pill with moisturizer.",,2026-03-20T07:15:23+00:00
seed-v3-neutrogena-20260122-1,2026-01-22,neutrogena,Neutrogena,reddit,3,Solid protection and easy to reapply.,,2026-03-20T07:15:23+00:00
seed-v3-neutrogena-20260122-2,2026-01-22,neutrogena,Neutrogena,reddit,1,Good value but a bit of white cast on deeper skin tones.,,2026-03-20T07:15:23+00:00
seed-v3-serum-20260122-0,2026-01-22,serum,Serum,news,4,Helped with dark spots over a few weeks.,,2026-03-20T07:15:23+00:00
seed-v3-serum-20260122-1,2026-01-22,serum,Serum,twitter,1,Good results but expensive for quantity.,,2026-03-20T07:15:23+00:00
seed-v3-serum-20260122-2,2026-01-22,serum,Serum,reviews,4,"Too strong for me, tingled a lot.",,2026-03-20T07:15:23+00:00
seed-v3-sunscreen-20260122-0,2026-01-22,sunscreen,Sunscreen,reviews,5,"Good daily SPF, absorbs quickly.",,2026-03-20T07:15:23+00:00
seed-v3-sunscreen-20260122-1,2026-01-22,sunscreen,Sunscreen,reviews,5,"No white cast, but reapplication is messy on makeup.",,2026-03-20T07:15:23+00:00
seed-v3-supergoop-20260122-0,2026-01-22,supergoop,Supergoop!,twitter,4,"No white cast, works like a primer with a soft glow.",,2026-03-20T07:15:23+00:00
seed-v3-supergoop-20260122-1,2026-01-22,supergoop,Supergoop!,news,2,"Great under makeup, but breaks me out sometimes.",,2026-03-20T07:15:23+00:00
seed-v3-cerave-20260123-0,2026-01-23,cerave,CeraVe,twitter,1,"Works well, but the finish is a bit tacky.",,2026-03-20T07:15:23+00:00
seed-v3-cerave-20260123-1,2026-01-23,cerave,CeraVe,reviews,5,"Love the ceramides, great for winter skin.",,2026-03-20T07:15:23+00:00
seed-v3-cerave-20260123-2,2026-01-23,cerave,CeraVe,reddit,2,"Love the ceramides, great for winter skin.",,2026-03-20T07:15:23+00:00
seed-v3-cleanser-20260123-0,2026-01-23,cleanser,Cleanser,reviews,3,"Gentle, but struggled to remove sunscreen.",,2026-03-20T07:15:23+00:00
seed-v3-cleanser-20260123-1,2026-01-23,cleanser,Cleanser,reddit,3,Good everyday cleanser for oily skin.,,2026-03-20T07:15:23+00:00
seed-v3-la_roche_posay-20260123-0,2026-01-23,la_roche_posay,La Roche-Posay,twitter,3,"Great for sensitive skin, but can feel heavy mid-day.",,2026-03-20T07:15:23+00:00
seed-v3-moisturizer-20260123-0,2026-01-23,moisturizer,Moisturizer,reviews,5,Hydrating and gentle for my sensitive skin.,,2026-03-20T07:15:23+00:00
seed-v3-moisturizer-20260123-1,2026-01-23,moisturizer,Moisturizer,reddit,1,Too oily and caused breakouts.,,2026-03-20T07:15:23+00:00
seed-v3-moisturizer-20260123-2,2026-01-23,moisturizer,Moisturizer,reviews,5,Great value and smooth texture.,,2026-03-20T07:15:23+00:00
seed-v3-neutrogena-20260123-0,2026-01-23,neutrogena,Neutrogena,reviews,2,Good value but a bit of white cast on deeper skin tones.,,2026-03-20T07:15:23+00:00
seed-v3-neutrogena-20260123-1,2026-01-23,neutrogena,Neutrogena,reviews,4,"Works well for daily sunscreen, but can pill with moisturizer.",,2026-03-20T07:15:23+00:00
seed-v3-neutrogena-20260123-2,2026-01-23,neutrogena,Neutrogena,reddit,2,"Dry-touch finish, great for oily skin and acne-prone days.",,2026-03-20T07:15:23+00:00
seed-v3-neutrogena-20260123-3,2026-01-23,neutrogena,Neutrogena,reddit,1,"Finish is matte, but stings around my eyes.",,2026-03-20T07:15:23+00:00
seed-v3-neutrogena-20260123-4,2026-01-23,neutrogena,Neutrogena,reddit,1,Good value but a bit of white cast on deeper skin tones.,,2026-03-20T07:15:23+00:00
seed-v3-serum-20260123-0,2026-01-23,serum,Serum,reviews,5,Helped with dark spots over a few weeks.,,2026-03-20T07:15:23+00:00
seed-v3-serum-20260123-1,2026-01-23,serum,Serum,reviews,5,Helped with dark spots over a few weeks.,,2026-03-20T07:15:23+00:00
seed-v3-sunscreen-20260123-0,2026-01-23,sunscreen,Sunscreen,reviews,2,Caused irritation and felt heavy.,,2026-03-20T07:15:23+00:00
seed-v3-sunscreen-20260123-1,2026-01-23,sunscreen,Sunscreen,reviews,3,Decent protection but slightly greasy in humid weather.,,2026-03-20T07:15:23+00:00
seed-v3-sunscreen-20260123-2,2026-01-23,sunscreen,Sunscreen,reviews,5,"Good daily SPF, absorbs quickly.",,2026-03-20T07:15:23+00:00
seed-v3-sunscreen-20260123-3,2026-01-23,sunscreen,Sunscreen,reddit,4,Lightweight sunscreen and no white cast.,,2026-03-20T07:15:23+00:00
seed-v3-sunscreen-20260123-4,2026-01-23,sunscreen,Sunscreen,news,4,Lightweight sunscreen and no white cast.,,2026-03-20T07:15:23+00:00
seed-v3-supergoop-20260123-0,2026-01-23,supergoop,Supergoop!,reddit,3,"Great under makeup, but breaks me out sometimes.",,2026-03-20T07:15:23+00:00
seed-v3-supergoop-20260123-1,2026-01-23,supergoop,Supergoop!,twitter,4,"Love the glow, but wish it was less fragranced.",,2026-03-20T07:15:23+00:00
seed-v3-supergoop-20260123-2,2026-01-23,supergoop,Supergoop!,reddit,4,"No white cast, works like a primer with a soft glow.",,2026-03-20T07:15:23+00:00
seed-v3-supergoop-20260123-3,2026-01-23,supergoop,Supergoop!,reviews,5,"Easy to reapply, but the scent is noticeable.",,2026-03-20T07:15:23+00:00
seed-v3-supergoop-20260123-4,2026-01-23,supergoop,Supergoop!,twitter,3,"Easy to reapply, but the scent is noticeable.",,2026-03-20T07:15:23+00:00
seed-v3-cerave-20260124-0,2026-01-24,cerave,CeraVe,reviews,4,"Barrier feels stronger, less dryness overall.",,2026-03-20T07:15:23+00:00
seed-v3-cerave-20260124-1,2026-01-24,cerave,CeraVe,reviews,3,"Texture is okay, but it pills with sunscreen.",,2026-03-20T07:15:23+00:00
seed-v3-cerave-20260124-2,2026-01-24,cerave,CeraVe,reviews,2,"Stung around my nose, not for me.",,2026-03-20T07:15:23+00:00
seed-v3-cleanser-20260124-0,2026-01-24,cleanser,Cleanser,reddit,3,Good everyday cleanser for oily skin.,,2026-03-20T07:15:23+00:00
seed-v3-cleanser-20260124-1,2026-01-24,cleanser,Cleanser,reddit,4,Good everyday cleanser for oily skin.,,2026-03-20T07:15:23+00:00
seed-v3-cleanser-20260124-2,2026-01-24,cleanser,Cleanser,reviews,2,Made my skin tight and itchy.,,2026-03-20T07:15:23+00:00
seed-v3-la_roche_posay-20260124-0,2026-01-24,la_roche_posay,La Roche-Posay,twitter,2,"Broke me out after a week, had to stop.",,2026-03-20T07:15:23+00:00
seed-v3-la_roche_posay-20260124-1,2026-01-24,la_roche_posay,La Roche-Posay,twitter,3,Calms redness quickly and feels gentle.,,2026-03-20T07:15:23+00:00
seed-v3-la_roche_posay-20260124-2,2026-01-24,la_roche_posay,La Roche-Posay,news,5,"Soothing for sensitive skin, texture feels premium.",,2026-03-20T07:15:23+00:00
seed-v3-moisturizer-20260124-0,2026-01-24,moisturizer,Moisturizer,twitter,2,"Not enough for winter, but good layering.",,2026-03-20T07:15:23+00:00
seed-v3-moisturizer-20260124-1,2026-01-24,moisturizer,Moisturizer,reddit,4,Absorbs fast and helps my dry patches.,,2026-03-20T07:15:23+00:00
seed-v3-moisturizer-20260124-2,2026-01-24,moisturizer,Moisturizer,reddit,4,Hydrating and gentle for my sensitive skin.,,2026-03-20T07:15:23+00:00
seed-v3-moisturizer-20260124-3,2026-01-24,moisturizer,Moisturizer,news,4,"Not enough for winter, but good layering.",,2026-03-20T07:15:23+00:00
seed-v3-moisturizer-20260124-4,2026-01-24,moisturizer,Moisturizer,reddit,4,Hydrating and gentle for my sensitive skin.,,2026-03-20T07:15:23+00:00
seed-v3-neutrogena-20260124-0,2026-01-24,neutrogena,Neutrogena,twitter,2,"Works well for daily sunscreen, but can pill with moisturizer.",,2026-03-20T07:15:23+00:00
seed-v3-neutrogena-20260124-1,2026-01-24,neutrogena,Neutrogena,reddit,2,Solid protection and easy to reapply.,,2026-03-20T07:15:23+00:00
seed-v3-neutrogena-20260124-2,2026-01-24,neutrogena,Neutrogena,twitter,1,Good value but a bit of white cast on deeper skin tones.,,2026-03-20T07:15:23+00:00
seed-v3-neutrogena-20260124-3,2026-01-24,neutrogena,Neutrogena,reddit,3,Solid protection and easy to reapply.,,2026-03-20T07:15:23+00:00
seed-v3-serum-20260124-0,2026-01-24,serum,Serum,twitter,1,Good results but expensive for quantity.,,2026-03-20T07:15:23+00:00
seed-v3-serum-20260124-1,2026-01-24,serum,Serum,twitter,1,"Too strong for me, tingled a lot.",,2026-03-20T07:15:23+00:00
seed-v3-serum-20260124-2,2026-01-24,serum,Serum,reviews,4,No noticeable effect and caused redness.,,2026-03-20T07:15:23+00:00
seed-v3-serum-20260124-3,2026-01-24,serum,Serum,reviews,5,Helped with dark spots over a few weeks.,,2026-03-20T07:15:23+00:00
seed-v3-sunscreen-20260124-0,2026-01-24,sunscreen,Sunscreen,news,3,Decent protection but slightly greasy in humid weather.,,2026-03-20T07:15:23+00:00
seed-v3-sunscreen-20260124-1,2026-01-24,sunscreen,Sunscreen,reviews,5,"Great for daily wear, feels weightless.",,2026-03-20T07:15:23+00:00
seed-v3-sunscreen-20260124-2,2026-01-24,sunscreen,Sunscreen,reddit,4,Lightweight sunscreen and no white cast.,,2026-03-20T07:15:23+00:00
seed-v3-sunscreen-20260124-3,2026-01-24,sunscreen,Sunscreen,news,5,"Great for daily wear, feels weightless.",,2026-03-20T07:15:23+00:00
seed-v3-sunscreen-20260124-4,2026-01-24,sunscreen,Sunscreen,reviews,5,"No white cast, but reapplication is messy on makeup.",,2026-03-20T07:15:23+00:00
seed-v3-sunscreen-20260124-5,2026-01-24,sunscreen,Sunscreen,reddit,3,"No white cast, but reapplication is messy on makeup.",,2026-03-20T07:15:23+00:00
seed-v3-supergoop-20260124-0,2026-01-24,supergoop,Supergoop!,twitter,3,"Good primer feel, but too expensive to repurchase.",,2026-03-20T07:15:23+00:00
seed-v3-supergoop-20260124-1,2026-01-24,supergoop,Supergoop!,reddit,2,"Finish looks nice, but feels oily after a few hours.",,2026-03-20T07:15:23+00:00
seed-v3-cerave-20260125-0,2026-01-25,cerave,CeraVe,reddit,3,"Love the ceramides, great for winter skin.",,2026-03-20T07:15:23+00:00
seed-v3-cerave-20260125-1,2026-01-25,cerave,CeraVe,reddit,2,Good everyday hydration and fragrance-free.,,2026-03-20T07:15:23+00:00
seed-v3-cleanser-20260125-0,2026-01-25,cleanser,Cleanser,news,5,Cleans well without drying my skin.,,2026-03-20T07:15:23+00:00
seed-v3-cleanser-20260125-1,2026-01-25,cleanser,Cleanser,reddit,2,"Gentle, but struggled to remove sunscreen.",,2026-03-20T07:15:23+00:00
seed-v3-cleanser-20260125-2,2026-01-25,cleanser,Cleanser,news,4,Cleans well without drying my skin.,,2026-03-20T07:15:23+00:00
seed-v3-la_roche_posay-20260125-0,2026-01-25,la_roche_posay,La Roche-Posay,reddit,4,Calms redness quickly and feels gentle.,,2026-03-20T07:15:23+00:00
seed-v3-la_roche_posay-20260125-1,2026-01-25,la_roche_posay,La Roche-Posay,reviews,5,"Helped my barrier, fewer irritations this week.",,2026-03-20T07:15:23+00:00
seed-v3-la_roche_posay-20260125-2,2026-01-25,la_roche_posay,La Roche-Posay,reddit,1,"A little greasy in humid weather, still effective.",,2026-03-20T07:15:23+00:00
seed-v3-moisturizer-20260125-0,2026-01-25,moisturizer,Moisturizer,reddit,3,"Not enough for winter, but good layering.",,2026-03-20T07:15:23+00:00
seed-v3-moisturizer-20260125-1,2026-01-25,moisturizer,Moisturizer,news,3,Great value and smooth texture.,,2026-03-20T07:15:23+00:00
seed-v3-neutrogena-20260125-0,2026-01-25,neutrogena,Neutrogena,reddit,2,Solid protection and easy to reapply.,,2026-03-20T07:15:23+00:00
seed-v3-neutrogena-20260125-1,2026-01-25,neutrogena,Neutrogena,reddit,1,Irritated my skin and felt heavy by afternoon.,,2026-03-20T07:15:23+00:00
seed-v3-serum-20260125-0,2026-01-25,serum,Serum,news,5,Helped with dark spots over a few weeks.,,2026-03-20T07:15:23+00:00
seed-v3-sunscreen-20260125-0,2026-01-25,sunscreen,Sunscreen,reddit,1,Caused irritation and felt heavy.,,2026-03-20T07:15:23+00:00
seed-v3-sunscreen-20260125-1,2026-01-25,sunscreen,Sunscreen,twitter,1,Caused irritation and felt heavy.,,2026-03-20T07:15:23+00:00
seed-v3-supergoop-20260125-0,2026-01-25,supergoop,Supergoop!,reddit,4,"Good primer feel, but too expensive to repurchase.",,2026-03-20T07:15:23+00:00
seed-v3-supergoop-20260125-1,2026-01-25,supergoop,Supergoop!,reviews,5,Nice finish but feels pricey for the size.,,2026-03-20T07:15:23+00:00
seed-v3-cerave-20260126-0,2026-01-26,cerave,CeraVe,reviews,4,Good everyday hydration and fragrance-free.,,2026-03-20T07:15:23+00:00
seed-v3-cerave-20260126-1,2026-01-26,cerave,CeraVe,reviews,5,"Love the ceramides, great for winter skin.",,2026-03-20T07:15:23+00:00
seed-v3-cerave-20260126-2,2026-01-26,cerave,CeraVe,news,4,"Reliable and gentle, no irritation.",,2026-03-20T07:15:23+00:00
seed-v3-cerave-20260126-3,2026-01-26,cerave,CeraVe,reviews,2,"Texture is okay, but it pills with sunscreen.",,2026-03-20T07:15:23+00:00
seed-v3-cerave-20260126-4,2026-01-26,cerave,CeraVe,reddit,1,"Works well, but the finish is a bit tacky.",,2026-03-20T07:15:23+00:00
seed-v3-cleanser-20260126-0,2026-01-26,cleanser,Cleanser,reddit,2,Works okay but fragrance is strong.,,2026-03-20T07:15:23+00:00
seed-v3-la_roche_posay-20260126-0,2026-01-26,la_roche_posay,La Roche-Posay,twitter,4,Barrier repair feels solid but price is high.,,2026-03-20T07:15:23+00:00
seed-v3-la_roche_posay-20260126-1,2026-01-26,la_roche_posay,La Roche-Posay,reviews,4,"Broke me out after a week, had to stop.",,2026-03-20T07:15:23+00:00
seed-v3-la_roche_posay-20260126-2,2026-01-26,la_roche_posay,La Roche-Posay,news,4,"A little greasy in humid weather, still effective.",,2026-03-20T07:15:23+00:00
seed-v3-la_roche_posay-20260126-3,2026-01-26,la_roche_posay,La Roche-Posay,news,2,"Broke me out after a week, had to stop.",,2026-03-20T07:15:23+00:00
seed-v3-la_roche_posay-20260126-4,2026-01-26,la_roche_posay,La Roche-Posay,reviews,5,"Helped my barrier, fewer irritations this week.",,2026-03-20T07:15:23+00:00
seed-v3-moisturizer-20260126-0,2026-01-26,moisturizer,Moisturizer,reviews,5,Hydrating and gentle for my sensitive skin.,,2026-03-20T07:15:23+00:00
seed-v3-moisturizer-20260126-1,2026-01-26,moisturizer,Moisturizer,reviews,2,Too oily and caused breakouts.,,2026-03-20T07:15:23+00:00
seed-v3-neutrogena-20260126-0,2026-01-26,neutrogena,Neutrogena,news,5,Lightweight SPF that layers well under makeup.,,2026-03-20T07:15:23+00:00
seed-v3-neutrogena-20260126-1,2026-01-26,neutrogena,Neutrogena,reviews,2,Irritated my skin and felt heavy by afternoon.,,2026-03-20T07:15:23+00:00
seed-v3-serum-20260126-0,2026-01-26,serum,Serum,reddit,3,Absorbs fast and works under makeup.,,2026-03-20T07:15:23+00:00
seed-v3-sunscreen-20260126-0,2026-01-26,sunscreen,Sunscreen,reviews,5,"No white cast, but reapplication is messy on makeup.",,2026-03-20T07:15:23+00:00
seed-v3-sunscreen-20260126-1,2026-01-26,sunscreen,Sunscreen,reddit,1,Caused irritation and felt heavy.,,2026-03-20T07:15:23+00:00
seed-v3-sunscreen-20260126-2,2026-01-26,sunscreen,Sunscreen,reddit,2,"Good daily SPF, absorbs quickly.",,2026-03-20T07:15:23+00:00
seed-v3-sunscreen-20260126-3,2026-01-26,sunscreen,Sunscreen,reddit,3,"No white cast, but reapplication is messy on makeup.",,2026-03-20T07:15:23+00:00
seed-v3-supergoop-20260126-0,2026-01-26,supergoop,Supergoop!,news,4,"Great under makeup, but breaks me out sometimes.",,2026-03-20T07:15:23+00:00
seed-v3-supergoop-20260126-1,2026-01-26,supergoop,Supergoop!,reviews,5,"No white cast, works like a primer with a soft glow.",,2026-03-20T07:15:23+00:00
seed-v3-supergoop-20260126-2,2026-01-26,supergoop,Supergoop!,news,3,Nice finish but feels pricey for the size.,,2026-03-20T07:15:23+00:00
seed-v3-supergoop-20260126-3,2026-01-26,supergoop,Supergoop!,reddit,3,"Great under makeup, but breaks me out sometimes.",,2026-03-20T07:15:23+00:00
seed-v3-supergoop-20260126-4,2026-01-26,supergoop,Supergoop!,twitter,4,Nice finish but feels pricey for the size.,,2026-03-20T07:15:23+00:00
seed-v3-cerave-20260127-0,2026-01-27,cerave,CeraVe,reddit,1,"Stung around my nose, not for me.",,2026-03-20T07:15:23+00:00
seed-v3-cerave-20260127-1,2026-01-27,cerave,CeraVe,reviews,4,"Love the ceramides, great for winter skin.",,2026-03-20T07:15:23+00:00
seed-v3-cleanser-20260127-0,2026-01-27,cleanser,Cleanser,reviews,4,Made my skin tight and itchy.,,2026-03-20T07:15:23+00:00
seed-v3-la_roche_posay-20260127-0,2026-01-27,la_roche_posay,La Roche-Posay,news,3,"A little greasy in humid weather, still effective.",,2026-03-20T07:15:23+00:00
seed-v3-la_roche_posay-20260127-1,2026-01-27,la_roche_posay,La Roche-Posay,twitter,1,"Broke me out after a week, had to stop.",,2026-03-20T07:15:23+00:00
seed-v3-la_roche_posay-20260127-2,2026-01-27,la_roche_posay,La Roche-Posay,reviews,4,"A little greasy in humid weather, still effective.",,2026-03-20T07:15:23+00:00
seed-v3-la_roche_posay-20260127-3,2026-01-27,la_roche_posay,La Roche-Posay,news,3,"Great for sensitive skin, but can feel heavy mid-day.",,2026-03-20T07:15:23+00:00
seed-v3-la_roche_posay-20260127-4,2026-01-27,la_roche_posay,La Roche-Posay,reviews,5,"Great for sensitive skin, but can feel heavy mid-day.",,2026-03-20T07:15:23+00:00
seed-v3-moisturizer-20260127-0,2026-01-27,moisturizer,Moisturizer,reviews,4,Great value and smooth texture.,,2026-03-20T07:15:23+00:00
seed-v3-moisturizer-20260127-1,2026-01-27,moisturizer,Moisturizer,twitter,3,Great value and smooth texture.,,2026-03-20T07:15:23+00:00
seed-v3-moisturizer-20260127-2,2026-01-27,moisturizer,Moisturizer,news,4,Hydrating and gentle for my sensitive skin.,,2026-03-20T07:15:23+00:00
seed-v3-moisturizer-20260127-3,2026-01-27,moisturizer,Moisturizer,news,4,Average hydration and a bit sticky.,,2026-03-20T07:15:23+00:00
seed-v3-moisturizer-20260127-4,2026-01-27,moisturizer,Moisturizer,reviews,4,Too oily and caused breakouts.,,2026-03-20T07:15:23+00:00
seed-v3-neutrogena-20260127-0,2026-01-27,neutrogena,Neutrogena,twitter,1,Irritated my skin and felt heavy by afternoon.,,2026-03-20T07:15:23+00:00
seed-v3-neutrogena-20260127-1,2026-01-27,neutrogena,Neutrogena,reviews,4,"Works well for daily sunscreen, but can pill with moisturizer.",,2026-03-20T07:15:23+00:00
seed-v3-neutrogena-20260127-2,2026-01-27,neutrogena,Neutrogena,news,3,Good value but a bit of white cast on deeper skin tones.,,2026-03-20T07:15:23+00:00
seed-v3-neutrogena-20260127-3,2026-01-27,neutrogena,Neutrogena,reddit,1,"Finish is matte, but stings around my eyes.",,2026-03-20T07:15:23+00:00
seed-v3-neutrogena-20260127-4,2026-01-27,neutrogena,Neutrogena,reddit,1,Irritated my skin and felt heavy by afternoon.,,2026-03-20T07:15:23+00:00
seed-v3-neutrogena-20260127-5,2026-01-27,neutrogena,Neutrogena,reviews,4,"Works well for daily sunscreen, but can pill with moisturizer.",,2026-03-20T07:15:23+00:00
seed-v3-serum-20260127-0,2026-01-27,serum,Serum,reviews,4,"Too strong for me, tingled a lot.",,2026-03-20T07:15:23+00:00
seed-v3-serum-20260127-1,2026-01-27,serum,Serum,news,1,No noticeable effect and caused redness.,,2026-03-20T07:15:23+00:00
seed-v3-serum-20260127-2,2026-01-27,serum,Serum,reviews,4,Helped with dark spots over a few weeks.,,2026-03-20T07:15:23+00:00
seed-v3-sunscreen-20260127-0,2026-01-27,sunscreen,Sunscreen,reviews,4,Decent protection but slightly greasy in humid weather.,,2026-03-20T07:15:23+00:00
seed-v3-sunscreen-20260127-1,2026-01-27,sunscreen,Sunscreen,news,1,Caused irritation and felt heavy.,,2026-03-20T07:15:23+00:00
seed-v3-sunscreen-20260127-2,2026-01-27,sunscreen,Sunscreen,reviews,4,"Good daily SPF, absorbs quickly.",,2026-03-20T07:15:23+00:00
seed-v3-supergoop-20260127-0,2026-01-27,supergoop,Supergoop!,reddit,3,Nice finish but feels pricey for the size.,,2026-03-20T07:15:23+00:00
seed-v3-supergoop-20260127-1,2026-01-27,supergoop,Supergoop!,twitter,3,"Great under makeup, but breaks me out sometimes.",,2026-03-20T07:15:23+00:00
seed-v3-supergoop-20260127-2,2026-01-27,supergoop,Supergoop!,news,2,"Great under makeup, but breaks me out sometimes.",,2026-03-20T07:15:23+00:00
seed-v3-supergoop-20260127-3,2026-01-27,supergoop,Supergoop!,reviews,5,"Love the glow, but wish it was less fragranced.",,2026-03-20T07:15:23+00:00
seed-v3-supergoop-20260127-4,2026-01-27,supergoop,Supergoop!,reddit,4,"Easy to reapply, but the scent is noticeable.",,2026-03-20T07:15:23+00:00
seed-v3-supergoop-20260127-5,2026-01-27,supergoop,Supergoop!,twitter,4,"Easy to reapply, but the scent is noticeable.",,2026-03-20T07:15:23+00:00
seed-v3-cerave-20260128-0,2026-01-28,cerave,CeraVe,reddit,4,"Love the ceramides, great for winter skin.",,2026-03-20T07:15:23+00:00
seed-v3-cerave-20260128-1,2026-01-28,cerave,CeraVe,news,2,Good everyday hydration and fragrance-free.,,2026-03-20T07:15:23+00:00
seed-v3-cerave-20260128-2,2026-01-28,cerave,CeraVe,twitter,2,"Barrier feels stronger, less dryness overall.",,2026-03-20T07:15:23+00:00
seed-v3-cerave-20260128-3,2026-01-28,cerave,CeraVe,twitter,1,"Stung around my nose, not for me.",,2026-03-20T07:15:23+00:00
seed-v3-cerave-20260128-4,2026-01-28,cerave,CeraVe,reviews,2,"Texture is okay, but it pills with sunscreen.",,2026-03-20T07:15:23+00:00
seed-v3-cleanser-20260128-0,2026-01-28,cleanser,Cleanser,reviews,4,Good everyday cleanser for oily skin.,,2026-03-20T07:15:23+00:00
seed-v3-la_roche_posay-20260128-0,2026-01-28,la_roche_posay,La Roche-Posay,twitter,1,"Great for sensitive skin, but can feel heavy mid-day.",,2026-03-20T07:15:23+00:00
seed-v3-moisturizer-20260128-0,2026-01-28,moisturizer,Moisturizer,reddit,4,Hydrating and gentle for my sensitive skin.,,2026-03-20T07:15:23+00:00
seed-v3-moisturizer-20260128-1,2026-01-28,moisturizer,Moisturizer,reddit,4,Absorbs fast and helps my dry patches.,,2026-03-20T07:15:23+00:00
seed-v3-moisturizer-20260128-2,2026-01-28,moisturizer,Moisturizer,twitter,1,Average hydration and a bit sticky.,,2026-03-20T07:15:23+00:00
seed-v3-neutrogena-20260128-0,2026-01-28,neutrogena,Neutrogena,news,3,Good value but a bit of white cast on deeper skin tones.,,2026-03-20T07:15:23+00:00
seed-v3-neutrogena-20260128-1,2026-01-28,neutrogena,Neutrogena,reviews,3,Solid protection and easy to reapply.,,2026-03-20T07:15:23+00:00
seed-v3-neutrogena-20260128-2,2026-01-28,neutrogena,Neutrogena,twitter,2,Lightweight SPF that layers well under makeup.,,2026-03-20T07:15:23+00:00
seed-v3-neutrogena-20260128-3,2026-01-28,neutrogena,Neutrogena,reviews,4,Solid protection and easy to reapply.,,2026-03-20T07:15:23+00:00
seed-v3-neutrogena-20260128-4,2026-01-28,neutrogena,Neutrogena,reddit,1,"Works well for daily sunscreen, but can pill with moisturizer.",,2026-03-20T07:15:23+00:00
seed-v3-neutrogena-20260128-5,2026-01-28,neutrogena,Neutrogena,reddit,3,Lightweight SPF that layers well under makeup.,,2026-03-20T07:15:23+00:00
seed-v3-neutrogena-20260128-6,2026-01-28,neutrogena,Neutrogena,twitter,1,"Finish is matte, but stings around my eyes.",,2026-03-20T07:15:23+00:00
seed-v3-serum-20260128-0,2026-01-28,serum,Serum,twitter,3,Helped with dark spots over a few weeks.,,2026-03-20T07:15:23+00:00
seed-v3-sunscreen-20260128-0,2026-01-28,sunscreen,Sunscreen,twitter,1,Caused irritation and felt heavy.,,2026-03-20T07:15:23+00:00
seed-v3-sunscreen-20260128-1,2026-01-28,sunscreen,Sunscreen,twitter,3,"Good daily SPF, absorbs quickly.",,2026-03-20T07:15:23+00:00
seed-v3-sunscreen-20260128-2,2026-01-28,sunscreen,Sunscreen,reviews,5,Lightweight sunscreen and no white cast.,,2026-03-20T07:15:23+00:00
seed-v3-sunscreen-20260128-3,2026-01-28,sunscreen,Sunscreen,news,2,"No white cast, but reapplication is messy on makeup.",,2026-03-20T07:15:23+00:00
seed-v3-sunscreen-20260128-4,2026-01-28,sunscreen,Sunscreen,reviews,5,"Great for daily wear, feels weightless.",,2026-03-20T07:15:23+00:00
seed-v3-supergoop-20260128-0,2026-01-28,supergoop,Supergoop!,twitter,2,"Great under makeup, but breaks me out sometimes.",,2026-03-20T07:15:23+00:00
seed-v3-supergoop-20260128-1,2026-01-28,supergoop,Supergoop!,news,5,"Love the glow, but wish it was less fragranced.",,2026-03-20T07:15:23+00:00
seed-v3-supergoop-20260128-2,2026-01-28,supergoop,Supergoop!,reviews,5,"Easy to reapply, but the scent is noticeable.",,2026-03-20T07:15:23+00:00
seed-v3-supergoop-20260128-3,2026-01-28,supergoop,Supergoop!,reddit,4,"Love the glow, but wish it was less fragranced.",,2026-03-20T07:15:23+00:00
seed-v3-supergoop-20260128-4,2026-01-28,supergoop,Supergoop!,reddit,4,"No white cast, works like a primer with a soft glow.",,2026-03-20T07:15:23+00:00
seed-v3-cerave-20260129-0,2026-01-29,cerave,CeraVe,reviews,5,"Ceramides helped my dry skin, very gentle cleanser.",,2026-03-20T07:15:23+00:00
seed-v3-cerave-20260129-1,2026-01-29,cerave,CeraVe,reddit,1,"Stung around my nose, not for me.",,2026-03-20T07:15:23+00:00
seed-v3-cleanser-20260129-0,2026-01-29,cleanser,Cleanser,reviews,4,"Gentle, but struggled to remove sunscreen.",,2026-03-20T07:15:23+00:00
seed-v3-cleanser-20260129-1,2026-01-29,cleanser,Cleanser,twitter,1,Made my skin tight and itchy.,,2026-03-20T07:15:23+00:00
seed-v3-la_roche_posay-20260129-0,2026-01-29,la_roche_posay,La Roche-Posay,news,3,"Helped my barrier, fewer irritations this week.",,2026-03-20T07:15:23+00:00
seed-v3-la_roche_posay-20260129-1,2026-01-29,la_roche_posay,La Roche-Posay,reddit,1,"Did not work for my acne, caused clogged pores.",,2026-03-20T07:15:23+00:00
seed-v3-la_roche_posay-20260129-2,2026-01-29,la_roche_posay,La Roche-Posay,reviews,4,"Did not work for my acne, caused clogged pores.",,2026-03-20T07:15:23+00:00
seed-v3-moisturizer-20260129-0,2026-01-29,moisturizer,Moisturizer,news,3,Average hydration and a bit sticky.,,2026-03-20T07:15:23+00:00
seed-v3-moisturizer-20260129-1,2026-01-29,moisturizer,Moisturizer,twitter,1,"Not enough for winter, but good layering.",,2026-03-20T07:15:23+00:00
seed-v3-moisturizer-20260129-2,2026-01-29,moisturizer,Moisturizer,reddit,4,Hydrating and gentle for my sensitive skin.,,2026-03-20T07:15:23+00:00
seed-v3-moisturizer-20260129-3,2026-01-29,moisturizer,Moisturizer,news,5,Hydrating and gentle for my sensitive skin.,,2026-03-20T07:15:23+00:00
seed-v3-neutrogena-20260129-0,2026-01-29,neutrogena,Neutrogena,twitter,1,Irritated my skin and felt heavy by afternoon.,,2026-03-20T07:15:23+00:00
seed-v3-neutrogena-20260129-1,2026-01-29,neutrogena,Neutrogena,twitter,2,"Great for acne-prone skin, no breakouts so far.",,2026-03-20T07:15:23+00:00
seed-v3-neutrogena-20260129-2,2026-01-29,neutrogena,Neutrogena,reddit,1,"Finish is matte, but stings around my eyes.",,2026-03-20T07:15:23+00:00
seed-v3-neutrogena-20260129-3,2026-01-29,neutrogena,Neutrogena,twitter,4,"Great for acne-prone skin, no breakouts so far.",,2026-03-20T07:15:23+00:00
seed-v3-neutrogena-20260129-4,2026-01-29,neutrogena,Neutrogena,reddit,4,"Great for acne-prone skin, no breakouts so far.",,2026-03-20T07:15:23+00:00
seed-v3-serum-20260129-0,2026-01-29,serum,Serum,twitter,2,Absorbs fast and works under makeup.,,2026-03-20T07:15:23+00:00
seed-v3-serum-20260129-1,2026-01-29,serum,Serum,reviews,4,Absorbs fast and works under makeup.,,2026-03-20T07:15:23+00:00
seed-v3-serum-20260129-2,2026-01-29,serum,Serum,reddit,3,Improved texture and visible glow.,,2026-03-20T07:15:23+00:00
seed-v3-serum-20260129-3,2026-01-29,serum,Serum,reviews,3,Good results but expensive for quantity.,,2026-03-20T07:15:23+00:00
seed-v3-sunscreen-20260129-0,2026-01-29,sunscreen,Sunscreen,reddit,3,"Great for daily wear, feels weightless.",,2026-03-20T07:15:23+00:00
seed-v3-sunscreen-20260129-1,2026-01-29,sunscreen,Sunscreen,reviews,5,"Great for daily wear, feels weightless.",,2026-03-20T07:15:23+00:00
seed-v3-sunscreen-20260129-2,2026-01-29,sunscreen,Sunscreen,reviews,5,"No white cast, but reapplication is messy on makeup.",,2026-03-20T07:15:23+00:00
seed-v3-sunscreen-20260129-3,2026-01-29,sunscreen,Sunscreen,reviews,5,Lightweight sunscreen and no white cast.,,2026-03-20T07:15:23+00:00
seed-v3-supergoop-20260129-0,2026-01-29,supergoop,Supergoop!,reddit,4,"Easy to reapply, but the scent is noticeable.",,2026-03-20T07:15:23+00:00
seed-v3-supergoop-20260129-1,2026-01-29,supergoop,Supergoop!,twitter,4,"No white cast, works like a primer with a soft glow.",,2026-03-20T07:15:23+00:00
seed-v3-supergoop-20260129-2,2026-01-29,supergoop,Supergoop!,twitter,4,"Love the glow, but wish it was less fragranced.",,2026-03-20T07:15:23+00:00
seed-v3-supergoop-20260129-3,2026-01-29,supergoop,Supergoop!,reddit,4,"No white cast, works like a primer with a soft glow.",,2026-03-20T07:15:23+00:00
seed-v3-supergoop-20260129-4,2026-01-29,supergoop,Supergoop!,reddit,3,"Great under makeup, but breaks me out sometimes.",,2026-03-20T07:15:23+00:00
seed-v3-supergoop-20260129-5,2026-01-29,supergoop,Supergoop!,reddit,4,"Easy to reapply, but the scent is noticeable.",,2026-03-20T07:15:23+00:00
seed-v3-cerave-20260130-0,2026-01-30,cerave,CeraVe,reviews,4,"Barrier feels stronger, less dryness overall.",,2026-03-20T07:15:23+00:00
seed-v3-cerave-20260130-1,2026-01-30,cerave,CeraVe,reddit,1,"Stung around my nose, not for me.",,2026-03-20T07:15:23+00:00
seed-v3-cleanser-20260130-0,2026-01-30,cleanser,Cleanser,reviews,5,Works okay but fragrance is strong.,,2026-03-20T07:15:23+00:00
seed-v3-cleanser-20260130-1,2026-01-30,cleanser,Cleanser,reddit,3,"Gentle, but struggled to remove sunscreen.",,2026-03-20T07:15:23+00:00
seed-v3-cleanser-20260130-2,2026-01-30,cleanser,Cleanser,reddit,3,"Gentle, but struggled to remove sunscreen.",,2026-03-20T07:15:23+00:00
seed-v3-cleanser-20260130-3,2026-01-30,cleanser,Cleanser,news,2,"Gentle, but struggled to remove sunscreen.",,2026-03-20T07:15:23+00:00
seed-v3-la_roche_posay-20260130-0,2026-01-30,la_roche_posay,La Roche-Posay,reviews,3,"A little greasy in humid weather, still effective.",,2026-03-20T07:15:23+00:00
seed-v3-la_roche_posay-20260130-1,2026-01-30,la_roche_posay,La Roche-Posay,reddit,4,Calms redness quickly and feels gentle.,,2026-03-20T07:15:23+00:00
seed-v3-la_roche_posay-20260130-2,2026-01-30,la_roche_posay,La Roche-Posay,reviews,5,"Helped my barrier, fewer irritations this week.",,2026-03-20T07:15:23+00:00
seed-v3-la_roche_posay-20260130-3,2026-01-30,la_roche_posay,La Roche-Posay,reviews,5,"Soothing for sensitive skin, texture feels premium.",,2026-03-20T07:15:23+00:00
seed-v3-la_roche_posay-20260130-4,2026-01-30,la_roche_posay,La Roche-Posay,reddit,2,"Did not work for my acne, caused clogged pores.",,2026-03-20T07:15:23+00:00
seed-v3-moisturizer-20260130-0,2026-01-30,moisturizer,Moisturizer,reviews,4,Too oily and caused breakouts.,,2026-03-20T07:15:23+00:00
seed-v3-neutrogena-20260130-0,2026-01-30,neutrogena,Neutrogena,reviews,5,Lightweight SPF that layers well under makeup.,,2026-03-20T07:15:23+00:00
seed-v3-neutrogena-20260130-1,2026-01-30,neutrogena,Neutrogena,reviews,3,"Works well for daily sunscreen, but can pill with moisturizer.",,2026-03-20T07:15:23+00:00
seed-v3-neutrogena-20260130-2,2026-01-30,neutrogena,Neutrogena,twitter,2,"Dry-touch finish, great for oily skin and acne-prone days.",,2026-03-20T07:15:23+00:00
seed-v3-neutrogena-20260130-3,2026-01-30,neutrogena,Neutrogena,reviews,3,"Works well for daily sunscreen, but can pill with moisturizer.",,2026-03-20T07:15:23+00:00
seed-v3-neutrogena-20260130-4,2026-01-30,neutrogena,Neutrogena,reddit,2,"Great for acne-prone skin, no breakouts so far.",,2026-03-20T07:15:23+00:00
seed-v3-neutrogena-20260130-5,2026-01-30,neutrogena,Neutrogena,reviews,2,Irritated my skin and felt heavy by afternoon.,,2026-03-20T07:15:23+00:00
seed-v3-serum-20260130-0,2026-01-30,serum,Serum,reviews,2,"Too strong for me, tingled a lot.",,2026-03-20T07:15:23+00:00
seed-v3-sunscreen-20260130-0,2026-01-30,sunscreen,Sunscreen,twitter,2,"Good daily SPF, absorbs quickly.",,2026-03-20T07:15:23+00:00
seed-v3-sunscreen-20260130-1,2026-01-30,sunscreen,Sunscreen,reviews,5,"Great for daily wear, feels weightless.",,2026-03-20T07:15:23+00:00
seed-v3-sunscreen-20260130-2,2026-01-30,sunscreen,Sunscreen,reviews,3,Caused irritation and felt heavy.,,2026-03-20T07:15:23+00:00
seed-v3-sunscreen-20260130-3,2026-01-30,sunscreen,Sunscreen,news,5,Lightweight sunscreen and no white cast.,,2026-03-20T07:15:23+00:00
seed-v3-sunscreen-20260130-4,2026-01-30,sunscreen,Sunscreen,reviews,5,"Great for daily wear, feels weightless.",,2026-03-20T07:15:23+00:00
seed-v3-sunscreen-20260130-5,2026-01-30,sunscreen,Sunscreen,reviews,4,"Good daily SPF, absorbs quickly.",,2026-03-20T07:15:23+00:00
seed-v3-supergoop-20260130-0,2026-01-30,supergoop,Supergoop!,twitter,3,Nice finish but feels pricey for the size.,,2026-03-20T07:15:23+00:00
seed-v3-supergoop-20260130-1,2026-01-30,supergoop,Supergoop!,twitter,3,Nice finish but feels pricey for the size.,,2026-03-20T07:15:23+00:00
seed-v3-supergoop-20260130-2,2026-01-30,supergoop,Supergoop!,reddit,4,"Love the glow, but wish it was less fragranced.",,2026-03-20T07:15:23+00:00
seed-v3-supergoop-20260130-3,2026-01-30,supergoop,Supergoop!,reddit,4,"Finish looks nice, but feels oily after a few hours.",,2026-03-20T07:15:23+00:00
seed-v3-supergoop-20260130-4,2026-01-30,supergoop,Supergoop!,news,4,"Great under makeup, but breaks me out sometimes.",,2026-03-20T07:15:23+00:00
seed-v3-cerave-20260131-0,2026-01-31,cerave,CeraVe,reddit,1,Good everyday hydration and fragrance-free.,,2026-03-20T07:15:23+00:00
seed-v3-cerave-20260131-1,2026-01-31,cerave,CeraVe,reddit,1,"Stung around my nose, not for me.",,2026-03-20T07:15:23+00:00
seed-v3-cerave-20260131-2,2026-01-31,cerave,CeraVe,reddit,4,"Barrier feels stronger, less dryness overall.",,2026-03-20T07:15:23+00:00
seed-v3-cerave-20260131-3,2026-01-31,cerave,CeraVe,reddit,3,"Reliable and gentle, no irritation.",,2026-03-20T07:15:23+00:00
seed-v3-cleanser-20260131-0,2026-01-31,cleanser,Cleanser,reddit,1,Broke me out and felt harsh on my cheeks.,,2026-03-20T07:15:23+00:00
seed-v3-la_roche_posay-20260131-0,2026-01-31,la_roche_posay,La Roche-Posay,reviews,5,"Soothing for sensitive skin, texture feels premium.",,2026-03-20T07:15:23+00:00
seed-v3-la_roche_posay-20260131-1,2026-01-31,la_roche_posay,La Roche-Posay,reviews,5,Calms redness quickly and feels gentle.,,2026-03-20T07:15:23+00:00
seed-v3-la_roche_posay-20260131-2,2026-01-31,la_roche_posay,La Roche-Posay,reddit,4,Calms redness quickly and feels gentle.,,2026-03-20T07:15:23+00:00
seed-v3-la_roche_posay-20260131-3,2026-01-31,la_roche_posay,La Roche-Posay,reviews,5,Calms redness quickly and feels gentle.,,2026-03-20T07:15:23+00:00
seed-v3-la_roche_posay-20260131-4,2026-01-31,la_roche_posay,La Roche-Posay,reviews,5,"Soothing for sensitive skin, texture feels premium.",,2026-03-20T07:15:23+00:00
seed-v3-moisturizer-20260131-0,2026-01-31,moisturizer,Moisturizer,reddit,2,Average hydration and a bit sticky.,,2026-03-20T07:15:23+00:00
seed-v3-neutrogena-20260131-0,2026-01-31,neutrogena,Neutrogena,reviews,4,"Works well for daily sunscreen, but can pill with moisturizer.",,2026-03-20T07:15:23+00:00
seed-v3-neutrogena-20260131-1,2026-01-31,neutrogena,Neutrogena,reddit,2,"Dry-touch finish, great for oily skin and acne-prone days.",,2026-03-20T07:15:23+00:00
seed-v3-neutrogena-20260131-2,2026-01-31,neutrogena,Neutrogena,reddit,1,"Finish is matte, but stings around my eyes.",,2026-03-20T07:15:23+00:00
seed-v3-neutrogena-20260131-3,2026-01-31,neutrogena,Neutrogena,news,2,"Finish is matte, but stings around my eyes.",,2026-03-20T07:15:23+00:00
seed-v3-neutrogena-20260131-4,2026-01-31,neutrogena,Neutrogena,reddit,1,Good value but a bit of white cast on deeper skin tones.,,2026-03-20T07:15:23+00:00
seed-v3-neutrogena-20260131-5,2026-01-31,neutrogena,Neutrogena,reviews,5,"Dry-touch finish, great for oily skin and acne-prone days.",,2026-03-20T07:15:23+00:00
seed-v3-serum-20260131-0,2026-01-31,serum,Serum,reddit,2,Helped with dark spots over a few weeks.,,2026-03-20T07:15:23+00:00
seed-v3-sunscreen-20260131-0,2026-01-31,sunscreen,Sunscreen,reddit,2,Decent protection but slightly greasy in humid weather.,,2026-03-20T07:15:23+00:00
seed-v3-sunscreen-20260131-1,2026-01-31,sunscreen,Sunscreen,news,3,"No white cast, but reapplication is messy on makeup.",,2026-03-20T07:15:23+00:00
seed-v3-sunscreen-20260131-2,2026-01-31,sunscreen,Sunscreen,twitter,1,Caused irritation and felt heavy.,,2026-03-20T07:15:23+00:00
seed-v3-supergoop-20260131-0,2026-01-31,supergoop,Supergoop!,twitter,4,Nice finish but feels pricey for the size.,,2026-03-20T07:15:23+00:00
seed-v3-supergoop-20260131-1,2026-01-31,supergoop,Supergoop!,twitter,3,"Finish looks nice, but feels oily after a few hours.",,2026-03-20T07:15:23+00:00
seed-v3-supergoop-20260131-2,2026-01-31,supergoop,Supergoop!,twitter,2,"Great under makeup, but breaks me out sometimes.",,2026-03-20T07:15:23+00:00
seed-v3-cerave-20260201-0,2026-02-01,cerave,CeraVe,reddit,2,"Works well, but the finish is a bit tacky.",,2026-03-20T07:15:23+00:00
seed-v3-cerave-20260201-1,2026-02-01,cerave,CeraVe,reviews,5,"Barrier feels stronger, less dryness overall.",,2026-03-20T07:15:23+00:00
seed-v3-cerave-20260201-2,2026-02-01,cerave,CeraVe,reddit,1,Good everyday hydration and fragrance-free.,,2026-03-20T07:15:23+00:00
seed-v3-cerave-20260201-3,2026-02-01,cerave,CeraVe,reviews,5,"Barrier feels stronger, less dryness overall.",,2026-03-20T07:15:23+00:00
seed-v3-cerave-20260201-4,2026-02-01,cerave,CeraVe,reddit,1,"Stung around my nose, not for me.",,2026-03-20T07:15:23+00:00
seed-v3-cleanser-20260201-0,2026-02-01,cleanser,Cleanser,reddit,4,Good everyday cleanser for oily skin.,,2026-03-20T07:15:23+00:00
seed-v3-cleanser-20260201-1,2026-02-01,cleanser,Cleanser,reviews,2,Made my skin tight and itchy.,,2026-03-20T07:15:23+00:00
seed-v3-cleanser-20260201-2,2026-02-01,cleanser,Cleanser,reddit,1,Broke me out and felt harsh on my cheeks.,,2026-03-20T07:15:23+00:00
seed-v3-cleanser-20260201-3,2026-02-01,cleanser,Cleanser,reviews,3,Made my skin tight and itchy.,,2026-03-20T07:15:23+00:00
seed-v3-cleanser-20260201-4,2026-02-01,cleanser,Cleanser,reviews,5,"Gentle, but struggled to remove sunscreen.",,2026-03-20T07:15:23+00:00
seed-v3-la_roche_posay-20260201-0,2026-02-01,la_roche_posay,La Roche-Posay,reviews,5,Calms redness quickly and feels gentle.,,2026-03-20T07:15:23+00:00
seed-v3-la_roche_posay-20260201-1,2026-02-01,la_roche_posay,La Roche-Posay,reviews,5,"Great for sensitive skin, but can feel heavy mid-day.",,2026-03-20T07:15:23+00:00
seed-v3-la_roche_posay-20260201-2,2026-02-01,la_roche_posay,La Roche-Posay,reddit,1,"Did not work for my acne, caused clogged pores.",,2026-03-20T07:15:23+00:00
seed-v3-moisturizer-20260201-0,2026-02-01,moisturizer,Moisturizer,reddit,1,"Not enough for winter, but good layering.",,2026-03-20T07:15:23+00:00
seed-v3-moisturizer-20260201-1,2026-02-01,moisturizer,Moisturizer,twitter,3,Great value and smooth texture.,,2026-03-20T07:15:23+00:00
seed-v3-moisturizer-20260201-2,2026-02-01,moisturizer,Moisturizer,twitter,4,Hydrating and gentle for my sensitive skin.,,2026-03-20T07:15:23+00:00
seed-v3-moisturizer-20260201-3,2026-02-01,moisturizer,Moisturizer,news,4,Average hydration and a bit sticky.,,2026-03-20T07:15:23+00:00
seed-v3-moisturizer-20260201-4,2026-02-01,moisturizer,Moisturizer,reddit,4,Absorbs fast and helps my dry patches.,,2026-03-20T07:15:23+00:00
seed-v3-neutrogena-20260201-0,2026-02-01,neutrogena,Neutrogena,news,4,Solid protection and easy to reapply.,,2026-03-20T07:15:23+00:00
seed-v3-neutrogena-20260201-1,2026-02-01,neutrogena,Neutrogena,reviews,3,"Finish is matte, but stings around my eyes.",,2026-03-20T07:15:23+00:00
seed-v3-neutrogena-20260201-2,2026-02-01,neutrogena,Neutrogena,reddit,1,Irritated my skin and felt heavy by afternoon.,,2026-03-20T07:15:23+00:00
seed-v3-neutrogena-20260201-3,2026-02-01,neutrogena,Neutrogena,reddit,2,Good value but a bit of white cast on deeper skin tones.,,2026-03-20T07:15:23+00:00
seed-v3-neutrogena-20260201-4,2026-02-01,neutrogena,Neutrogena,twitter,3,"Great for acne-prone skin, no breakouts so far.",,2026-03-20T07:15:23+00:00
seed-v3-serum-20260201-0,2026-02-01,serum,Serum,reviews,5,Improved texture and visible glow.,,2026-03-20T07:15:23+00:00
seed-v3-serum-20260201-1,2026-02-01,serum,Serum,reviews,4,No noticeable effect and caused redness.,,2026-03-20T07:15:23+00:00
seed-v3-serum-20260201-2,2026-02-01,serum,Serum,reddit,3,Helped with dark spots over a few weeks.,,2026-03-20T07:15:23+00:00
seed-v3-serum-20260201-3,2026-02-01,serum,Serum,news,3,Good results but expensive for quantity.,,2026-03-20T07:15:23+00:00
seed-v3-sunscreen-20260201-0,2026-02-01,sunscreen,Sunscreen,news,3,"Good daily SPF, absorbs quickly.",,2026-03-20T07:15:23+00:00
seed-v3-sunscreen-20260201-1,2026-02-01,sunscreen,Sunscreen,twitter,4,Lightweight sunscreen and no white cast.,,2026-03-20T07:15:23+00:00
seed-v3-sunscreen-20260201-2,2026-02-01,sunscreen,Sunscreen,news,2,Caused irritation and felt heavy.,,2026-03-20T07:15:23+00:00
seed-v3-sunscreen-20260201-3,2026-02-01,sunscreen,Sunscreen,reviews,5,Lightweight sunscreen and no white cast.,,2026-03-20T07:15:23+00:00
seed-v3-sunscreen-20260201-4,2026-02-01,sunscreen,Sunscreen,twitter,1,Decent protection but slightly greasy in humid weather.,,2026-03-20T07:15:23+00:00
seed-v3-sunscreen-20260201-5,2026-02-01,sunscreen,Sunscreen,reddit,2,Decent protection but slightly greasy in humid weather.,,2026-03-20T07:15:23+00:00
seed-v3-supergoop-20260201-0,2026-02-01,supergoop,Supergoop!,reddit,2,"Finish looks nice, but feels oily after a few hours.",,2026-03-20T07:15:23+00:00
seed-v3-supergoop-20260201-1,2026-02-01,supergoop,Supergoop!,twitter,3,"Good primer feel, but too expensive to repurchase.",,2026-03-20T07:15:23+00:00
seed-v3-cerave-20260202-0,2026-02-02,cerave,CeraVe,reviews,2,"Stung around my nose, not for me.",,2026-03-20T07:15:23+00:00
seed-v3-cerave-20260202-1,2026-02-02,cerave,CeraVe,reviews,5,Good everyday hydration and fragrance-free.,,2026-03-20T07:15:23+00:00
seed-v3-cleanser-20260202-0,2026-02-02,cleanser,Cleanser,twitter,1,Broke me out and felt harsh on my cheeks.,,2026-03-20T07:15:23+00:00
seed-v3-cleanser-20260202-1,2026-02-02,cleanser,Cleanser,twitter,4,Cleans well without drying my skin.,,2026-03-20T07:15:23+00:00
seed-v3-la_roche_posay-20260202-0,2026-02-02,la_roche_posay,La Roche-Posay,reddit,2,"Helped my barrier, fewer irritations this week.",,2026-03-20T07:15:23+00:00
seed-v3-moisturizer-20260202-0,2026-02-02,moisturizer,Moisturizer,reviews,4,Average hydration and a bit sticky.,,2026-03-20T07:15:23+00:00
seed-v3-moisturizer-20260202-1,2026-02-02,moisturizer,Moisturizer,news,1,Too oily and caused breakouts.,,2026-03-20T07:15:23+00:00
seed-v3-moisturizer-20260202-2,2026-02-02,moisturizer,Moisturizer,reviews,5,Hydrating and gentle for my sensitive skin.,,2026-03-20T07:15:23+00:00
seed-v3-moisturizer-20260202-3,2026-02-02,moisturizer,Moisturizer,news,3,Too oily and caused breakouts.,,2026-03-20T07:15:23+00:00
seed-v3-moisturizer-20260202-4,2026-02-02,moisturizer,Moisturizer,twitter,1,Too oily and caused breakouts.,,2026-03-20T07:15:23+00:00
seed-v3-neutrogena-20260202-0,2026-02-02,neutrogena,Neutrogena,reddit,2,"Works well for daily sunscreen, but can pill with moisturizer.",,2026-03-20T07:15:23+00:00
seed-v3-neutrogena-20260202-1,2026-02-02,neutrogena,Neutrogena,reviews,2,"Finish is matte, but stings around my eyes.",,2026-03-20T07:15:23+00:00
seed-v3-neutrogena-20260202-2,2026-02-02,neutrogena,Neutrogena,news,4,"Dry-touch finish, great for oily skin and acne-prone days.",,2026-03-20T07:15:23+00:00
seed-v3-neutrogena-20260202-3,2026-02-02,neutrogena,Neutrogena,twitter,3,"Great for acne-prone skin, no breakouts so far.",,2026-03-20T07:15:23+00:00
seed-v3-neutrogena-20260202-4,2026-02-02,neutrogena,Neutrogena,twitter,1,Irritated my skin and felt heavy by afternoon.,,2026-03-20T07:15:23+00:00
seed-v3-serum-20260202-0,2026-02-02,serum,Serum,reviews,3,No noticeable effect and caused redness.,,2026-03-20T07:15:23+00:00
seed-v3-sunscreen-20260202-0,2026-02-02,sunscreen,Sunscreen,reviews,4,"No white cast, but reapplication is messy on makeup.",,2026-03-20T07:15:23+00:00
seed-v3-sunscreen-20260202-1,2026-02-02,sunscreen,Sunscreen,reddit,2,"No white cast, but reapplication is messy on makeup.",,2026-03-20T07:15:23+00:00
seed-v3-sunscreen-20260202-2,2026-02-02,sunscreen,Sunscreen,news,5,"Great for daily wear, feels weightless.",,2026-03-20T07:15:23+00:00
seed-v3-sunscreen-20260202-3,2026-02-02,sunscreen,Sunscreen,news,2,Caused irritation and felt heavy.,,2026-03-20T07:15:23+00:00
seed-v3-supergoop-20260202-0,2026-02-02,supergoop,Supergoop!,news,3,Nice finish but feels pricey for the size.,,2026-03-20T07:15:23+00:00
seed-v3-supergoop-20260202-1,2026-02-02,supergoop,Supergoop!,twitter,3,"Easy to reapply, but the scent is noticeable.",,2026-03-20T07:15:23+00:00
seed-v3-cerave-20260203-0,2026-02-03,cerave,CeraVe,reviews,4,"Barrier feels stronger, less dryness overall.",,2026-03-20T07:15:23+00:00
seed-v3-cerave-20260203-1,2026-02-03,cerave,CeraVe,reddit,4,"Barrier feels stronger, less dryness overall.",,2026-03-20T07:15:23+00:00
seed-v3-cerave-20260203-2,2026-02-03,cerave,CeraVe,reviews,4,"Love the ceramides, great for winter skin.",,2026-03-20T07:15:23+00:00
seed-v3-cleanser-20260203-0,2026-02-03,cleanser,Cleanser,reviews,2,Broke me out and felt harsh on my cheeks.,,2026-03-20T07:15:23+00:00
seed-v3-cleanser-20260203-1,2026-02-03,cleanser,Cleanser,reviews,4,Works okay but fragrance is strong.,,2026-03-20T07:15:23+00:00
seed-v3-cleanser-20260203-2,2026-02-03,cleanser,Cleanser,reviews,3,Broke me out and felt harsh on my cheeks.,,2026-03-20T07:15:23+00:00
seed-v3-la_roche_posay-20260203-0,2026-02-03,la_roche_posay,La Roche-Posay,reddit,3,"A little greasy in humid weather, still effective.",,2026-03-20T07:15:23+00:00
seed-v3-la_roche_posay-20260203-1,2026-02-03,la_roche_posay,La Roche-Posay,reviews,4,"Great for sensitive skin, but can feel heavy mid-day.",,2026-03-20T07:15:23+00:00
seed-v3-la_roche_posay-20260203-2,2026-02-03,la_roche_posay,La Roche-Posay,reddit,1,"Broke me out after a week, had to stop.",,2026-03-20T07:15:23+00:00
seed-v3-la_roche_posay-20260203-3,2026-02-03,la_roche_posay,La Roche-Posay,reddit,2,"Did not work for my acne, caused clogged pores.",,2026-03-20T07:15:23+00:00
seed-v3-moisturizer-20260203-0,2026-02-03,moisturizer,Moisturizer,reddit,4,Absorbs fast and helps my dry patches.,,2026-03-20T07:15:23+00:00
seed-v3-neutrogena-20260203-0,2026-02-03,neutrogena,Neutrogena,reddit,1,"Works well for daily sunscreen, but can pill with moisturizer.",,2026-03-20T07:15:23+00:00
seed-v3-neutrogena-20260203-1,2026-02-03,neutrogena,Neutrogena,reviews,5,"Dry-touch finish, great for oily skin and acne-prone days.",,2026-03-20T07:15:23+00:00
seed-v3-neutrogena-20260203-2,2026-02-03,neutrogena,Neutrogena,reddit,1,"Finish is matte, but stings around my eyes.",,2026-03-20T07:15:23+00:00
seed-v3-serum-20260203-0,2026-02-03,serum,Serum,reviews,3,Good results but expensive for quantity.,,2026-03-20T07:15:23+00:00
seed-v3-sunscreen-20260203-0,2026-02-03,sunscreen,Sunscreen,reviews,5,"Great for daily wear, feels weightless.",,2026-03-20T07:15:23+00:00
seed-v3-sunscreen-20260203-1,2026-02-03,sunscreen,Sunscreen,reviews,5,Lightweight sunscreen and no white cast.,,2026-03-20T07:15:23+00:00
seed-v3-sunscreen-20260203-2,2026-02-03,sunscreen,Sunscreen,reddit,3,"Good daily SPF, absorbs quickly.",,2026-03-20T07:15:23+00:00
seed-v3-sunscreen-20260203-3,2026-02-03,sunscreen,Sunscreen,reddit,4,Lightweight sunscreen and no white cast.,,2026-03-20T07:15:23+00:00
seed-v3-supergoop-20260203-0,2026-02-03,supergoop,Supergoop!,reviews,5,"Love the glow, but wish it was less fragranced.",,2026-03-20T07:15:23+00:00
seed-v3-supergoop-20260203-1,2026-02-03,supergoop,Supergoop!,twitter,3,"Too shiny on my skin, had to blot often.",,2026-03-20T07:15:23+00:00
seed-v3-supergoop-20260203-2,2026-02-03,supergoop,Supergoop!,reddit,3,"Easy to reapply, but the scent is noticeable.",,2026-03-20T07:15:23+00:00
seed-v3-supergoop-20260203-3,2026-02-03,supergoop,Supergoop!,twitter,3,"Good primer feel, but too expensive to repurchase.",,2026-03-20T07:15:23+00:00
seed-v3-supergoop-20260203-4,2026-02-03,supergoop,Supergoop!,twitter,3,"Easy to reapply, but the scent is noticeable.",,2026-03-20T07:15:23+00:00
seed-v3-supergoop-20260203-5,2026-02-03,supergoop,Supergoop!,twitter,3,"Too shiny on my skin, had to blot often.",,2026-03-20T07:15:23+00:00
seed-v3-cerave-20260204-0,2026-02-04,cerave,CeraVe,reddit,3,"Love the ceramides, great for winter skin.",,2026-03-20T07:15:23+00:00
seed-v3-cerave-20260204-1,2026-02-04,cerave,CeraVe,reviews,4,"Stung around my nose, not for me.",,2026-03-20T07:15:23+00:00
seed-v3-cerave-20260204-2,2026-02-04,cerave,CeraVe,reviews,5,"Reliable and gentle, no irritation.",,2026-03-20T07:15:23+00:00
seed-v3-cerave-20260204-3,2026-02-04,cerave,CeraVe,twitter,4,"Barrier feels stronger, less dryness overall.",,2026-03-20T07:15:23+00:00
seed-v3-cerave-20260204-4,2026-02-04,cerave,CeraVe,reviews,4,"Texture is okay, but it pills with sunscreen.",,2026-03-20T07:15:23+00:00
seed-v3-cerave-20260204-5,2026-02-04,cerave,CeraVe,reviews,2,"Stung around my nose, not for me.",,2026-03-20T07:15:23+00:00
seed-v3-cleanser-20260204-0,2026-02-04,cleanser,Cleanser,news,3,"Gentle, but struggled to remove sunscreen.",,2026-03-20T07:15:23+00:00
seed-v3-la_roche_posay-20260204-0,2026-02-04,la_roche_posay,La Roche-Posay,twitter,3,"Great for sensitive skin, but can feel heavy mid-day.",,2026-03-20T07:15:23+00:00
seed-v3-la_roche_posay-20260204-1,2026-02-04,la_roche_posay,La Roche-Posay,news,4,"A little greasy in humid weather, still effective.",,2026-03-20T07:15:23+00:00
seed-v3-la_roche_posay-20260204-2,2026-02-04,la_roche_posay,La Roche-Posay,reddit,2,"Did not work for my acne, caused clogged pores.",,2026-03-20T07:15:23+00:00
seed-v3-la_roche_posay-20260204-3,2026-02-04,la_roche_posay,La Roche-Posay,reddit,3,Calms redness quickly and feels gentle.,,2026-03-20T07:15:23+00:00
seed-v3-la_roche_posay-20260204-4,2026-02-04,la_roche_posay,La Roche-Posay,reviews,5,"Great for sensitive skin, but can feel heavy mid-day.",,2026-03-20T07:15:23+00:00
seed-v3-la_roche_posay-20260204-5,2026-02-04,la_roche_posay,La Roche-Posay,twitter,2,"Broke me out after a week, had to stop.",,2026-03-20T07:15:23+00:00
seed-v3-moisturizer-20260204-0,2026-02-04,moisturizer,Moisturizer,reviews,5,Absorbs fast and helps my dry patches.,,2026-03-20T07:15:23+00:00
seed-v3-moisturizer-20260204-1,2026-02-04,moisturizer,Moisturizer,reviews,3,Too oily and caused breakouts.,,2026-03-20T07:15:23+00:00
seed-v3-moisturizer-20260204-2,2026-02-04,moisturizer,Moisturizer,reviews,4,Too oily and caused breakouts.,,2026-03-20T07:15:23+00:00
seed-v3-moisturizer-20260204-3,2026-02-04,moisturizer,Moisturizer,reddit,3,Average hydration and a bit sticky.,,2026-03-20T07:15:23+00:00
seed-v3-moisturizer-20260204-4,2026-02-04,moisturizer,Moisturizer,reviews,5,Great value and smooth texture.,,2026-03-20T07:15:23+00:00
seed-v3-neutrogena-20260204-0,2026-02-04,neutrogena,Neutrogena,reddit,4,Lightweight SPF that layers well under makeup.,,2026-03-20T07:15:23+00:00
seed-v3-neutrogena-20260204-1,2026-02-04,neutrogena,Neutrogena,reddit,2,"Dry-touch finish, great for oily skin and acne-prone days.",,2026-03-20T07:15:23+00:00
seed-v3-neutrogena-20260204-2,2026-02-04,neutrogena,Neutrogena,reviews,5,Lightweight SPF that layers well under makeup.,,2026-03-20T07:15:23+00:00
seed-v3-neutrogena-20260204-3,2026-02-04,neutrogena,Neutrogena,twitter,1,Irritated my skin and felt heavy by afternoon.,,2026-03-20T07:15:23+00:00
seed-v3-neutrogena-20260204-4,2026-02-04,neutrogena,Neutrogena,reddit,4,Lightweight SPF that layers well under makeup.,,2026-03-20T07:15:23+00:00
seed-v3-serum-20260204-0,2026-02-04,serum,Serum,reddit,1,Good results but expensive for quantity.,,2026-03-20T07:15:23+00:00
seed-v3-serum-20260204-1,2026-02-04,serum,Serum,news,2,"Too strong for me, tingled a lot.",,2026-03-20T07:15:23+00:00
seed-v3-sunscreen-20260204-0,2026-02-04,sunscreen,Sunscreen,twitter,3,"Good daily SPF, absorbs quickly.",,2026-03-20T07:15:23+00:00
seed-v3-sunscreen-20260204-1,2026-02-04,sunscreen,Sunscreen,twitter,2,"No white cast, but reapplication is messy on makeup.",,2026-03-20T07:15:23+00:00
seed-v3-sunscreen-20260204-2,2026-02-04,sunscreen,Sunscreen,reviews,5,"Good daily SPF, absorbs quickly.",,2026-03-20T07:15:23+00:00
seed-v3-sunscreen-20260204-3,2026-02-04,sunscreen,Sunscreen,twitter,2,Decent protection but slightly greasy in humid weather.,,2026-03-20T07:15:23+00:00
seed-v3-sunscreen-20260204-4,2026-02-04,sunscreen,Sunscreen,twitter,2,"No white cast, but reapplication is messy on makeup.",,2026-03-20T07:15:23+00:00
seed-v3-sunscreen-20260204-5,2026-02-04,sunscreen,Sunscreen,news,5,Lightweight sunscreen and no white cast.,,2026-03-20T07:15:23+00:00
seed-v3-supergoop-20260204-0,2026-02-04,supergoop,Supergoop!,twitter,2,"Easy to reapply, but the scent is noticeable.",,2026-03-20T07:15:23+00:00
seed-v3-supergoop-20260204-1,2026-02-04,supergoop,Supergoop!,news,3,"Good primer feel, but too expensive to repurchase.",,2026-03-20T07:15:23+00:00
seed-v3-supergoop-20260204-2,2026-02-04,supergoop,Supergoop!,reddit,1,"Too shiny on my skin, had to blot often.",,2026-03-20T07:15:23+00:00
seed-v3-supergoop-20260204-3,2026-02-04,supergoop,Supergoop!,news,3,"Easy to reapply, but the scent is noticeable.",,2026-03-20T07:15:23+00:00
seed-v3-cerave-20260205-0,2026-02-05,cerave,CeraVe,reddit,3,"Texture is okay, but it pills with sunscreen.",,2026-03-20T07:15:23+00:00
seed-v3-cerave-20260205-1,2026-02-05,cerave,CeraVe,reddit,4,"Barrier feels stronger, less dryness overall.",,2026-03-20T07:15:23+00:00
seed-v3-cerave-20260205-2,2026-02-05,cerave,CeraVe,reddit,4,"Ceramides helped my dry skin, very gentle cleanser.",,2026-03-20T07:15:23+00:00
seed-v3-cerave-20260205-3,2026-02-05,cerave,CeraVe,reviews,3,"Works well, but the finish is a bit tacky.",,2026-03-20T07:15:23+00:00
seed-v3-cerave-20260205-4,2026-02-05,cerave,CeraVe,reddit,3,"Barrier feels stronger, less dryness overall.",,2026-03-20T07:15:23+00:00
seed-v3-cleanser-20260205-0,2026-02-05,cleanser,Cleanser,reviews,4,Broke me out and felt harsh on my cheeks.,,2026-03-20T07:15:23+00:00
seed-v3-cleanser-20260205-1,2026-02-05,cleanser,Cleanser,twitter,4,Cleans well without drying my skin.,,2026-03-20T07:15:23+00:00
seed-v3-cleanser-20260205-2,2026-02-05,cleanser,Cleanser,reviews,4,Works okay but fragrance is strong.,,2026-03-20T07:15:23+00:00
seed-v3-cleanser-20260205-3,2026-02-05,cleanser,Cleanser,reddit,2,Broke me out and felt harsh on my cheeks.,,2026-03-20T07:15:23+00:00
seed-v3-la_roche_posay-20260205-0,2026-02-05,la_roche_posay,La Roche-Posay,news,4,Barrier repair feels solid but price is high.,,2026-03-20T07:15:23+00:00
seed-v3-la_roche_posay-20260205-1,2026-02-05,la_roche_posay,La Roche-Posay,twitter,2,"Helped my barrier, fewer irritations this week.",,2026-03-20T07:15:23+00:00
seed-v3-la_roche_posay-20260205-2,2026-02-05,la_roche_posay,La Roche-Posay,reviews,4,"A little greasy in humid weather, still effective.",,2026-03-20T07:15:23+00:00
seed-v3-la_roche_posay-20260205-3,2026-02-05,la_roche_posay,La Roche-Posay,reviews,4,"Broke me out after a week, had to stop.",,2026-03-20T07:15:23+00:00
seed-v3-moisturizer-20260205-0,2026-02-05,moisturizer,Moisturizer,reviews,4,"Not enough for winter, but good layering.",,2026-03-20T07:15:23+00:00
seed-v3-moisturizer-20260205-1,2026-02-05,moisturizer,Moisturizer,reddit,3,Average hydration and a bit sticky.,,2026-03-20T07:15:23+00:00
seed-v3-moisturizer-20260205-2,2026-02-05,moisturizer,Moisturizer,news,3,Average hydration and a bit sticky.,,2026-03-20T07:15:23+00:00
seed-v3-moisturizer-20260205-3,2026-02-05,moisturizer,Moisturizer,reddit,3,Hydrating and gentle for my sensitive skin.,,2026-03-20T07:15:23+00:00
seed-v3-neutrogena-20260205-0,2026-02-05,neutrogena,Neutrogena,reviews,5,Good value but a bit of white cast on deeper skin tones.,,2026-03-20T07:15:23+00:00
seed-v3-neutrogena-20260205-1,2026-02-05,neutrogena,Neutrogena,reviews,4,Solid protection and easy to reapply.,,2026-03-20T07:15:23+00:00
seed-v3-neutrogena-20260205-2,2026-02-05,neutrogena,Neutrogena,reddit,2,Solid protection and easy to reapply.,,2026-03-20T07:15:23+00:00
seed-v3-neutrogena-20260205-3,2026-02-05,neutrogena,Neutrogena,reddit,1,Irritated my skin and felt heavy by afternoon.,,2026-03-20T07:15:23+00:00
seed-v3-serum-20260205-0,2026-02-05,serum,Serum,news,5,Absorbs fast and works under makeup.,,2026-03-20T07:15:23+00:00
seed-v3-sunscreen-20260205-0,2026-02-05,sunscreen,Sunscreen,news,5,"Great for daily wear, feels weightless.",,2026-03-20T07:15:23+00:00
seed-v3-sunscreen-20260205-1,2026-02-05,sunscreen,Sunscreen,reviews,5,"Good daily SPF, absorbs quickly.",,2026-03-20T07:15:23+00:00
seed-v3-supergoop-20260205-0,2026-02-05,supergoop,Supergoop!,twitter,4,"Easy to reapply, but the scent is noticeable.",,2026-03-20T07:15:23+00:00
seed-v3-cerave-20260206-0,2026-02-06,cerave,CeraVe,twitter,1,"Texture is okay, but it pills with sunscreen.",,2026-03-20T07:15:23+00:00
seed-v3-cerave-20260206-1,2026-02-06,cerave,CeraVe,reviews,4,Good everyday hydration and fragrance-free.,,2026-03-20T07:15:23+00:00
seed-v3-cerave-20260206-2,2026-02-06,cerave,CeraVe,reddit,1,"Stung around my nose, not for me.",,2026-03-20T07:15:23+00:00
seed-v3-cleanser-20260206-0,2026-02-06,cleanser,Cleanser,reddit,3,Cleans well without drying my skin.,,2026-03-20T07:15:23+00:00
seed-v3-cleanser-20260206-1,2026-02-06,cleanser,Cleanser,reddit,1,Made my skin tight and itchy.,,2026-03-20T07:15:23+00:00
seed-v3-cleanser-20260206-2,2026-02-06,cleanser,Cleanser,reviews,4,Made my skin tight and itchy.,,2026-03-20T07:15:23+00:00
seed-v3-la_roche_posay-20260206-0,2026-02-06,la_roche_posay,La Roche-Posay,reviews,5,"A little greasy in humid weather, still effective.",,2026-03-20T07:15:23+00:00
seed-v3-la_roche_posay-20260206-1,2026-02-06,la_roche_posay,La Roche-Posay,reddit,2,"Great for sensitive skin, but can feel heavy mid-day.",,2026-03-20T07:15:23+00:00
seed-v3-la_roche_posay-20260206-2,2026-02-06,la_roche_posay,La Roche-Posay,twitter,4,"Soothing for sensitive skin, texture feels premium.",,2026-03-20T07:15:23+00:00
seed-v3-la_roche_posay-20260206-3,2026-02-06,la_roche_posay,La Roche-Posay,news,5,Calms redness quickly and feels gentle.,,2026-03-20T07:15:23+00:00
seed-v3-la_roche_posay-20260206-4,2026-02-06,la_roche_posay,La Roche-Posay,reviews,5,Calms redness quickly and feels gentle.,,2026-03-20T07:15:23+00:00
seed-v3-la_roche_posay-20260206-5,2026-02-06,la_roche_posay,La Roche-Posay,reviews,3,"Great for sensitive skin, but can feel heavy mid-day.",,2026-03-20T07:15:23+00:00
seed-v3-moisturizer-20260206-0,2026-02-06,moisturizer,Moisturizer,reddit,2,Great value and smooth texture.,,2026-03-20T07:15:23+00:00
seed-v3-moisturizer-20260206-1,2026-02-06,moisturizer,Moisturizer,news,3,Great value and smooth texture.,,2026-03-20T07:15:23+00:00
seed-v3-moisturizer-20260206-2,2026-02-06,moisturizer,Moisturizer,reviews,5,Great value and smooth texture.,,2026-03-20T07:15:23+00:00
seed-v3-neutrogena-20260206-0,2026-02-06,neutrogena,Neutrogena,reviews,5,Solid protection and easy to reapply.,,2026-03-20T07:15:23+00:00
seed-v3-neutrogena-20260206-1,2026-02-06,neutrogena,Neutrogena,reviews,5,"Great for acne-prone skin, no breakouts so far.",,2026-03-20T07:15:23+00:00
seed-v3-neutrogena-20260206-2,2026-02-06,neutrogena,Neutrogena,reddit,3,"Works well for daily sunscreen, but can pill with moisturizer.",,2026-03-20T07:15:23+00:00
seed-v3-serum-20260206-0,2026-02-06,serum,Serum,reviews,4,"Too strong for me, tingled a lot.",,2026-03-20T07:15:23+00:00
seed-v3-serum-20260206-1,2026-02-06,serum,Serum,reviews,4,Helped with dark spots over a few weeks.,,2026-03-20T07:15:23+00:00
seed-v3-sunscreen-20260206-0,2026-02-06,sunscreen,Sunscreen,reviews,5,"Good daily SPF, absorbs quickly.",,2026-03-20T07:15:23+00:00
seed-v3-sunscreen-20260206-1,2026-02-06,sunscreen,Sunscreen,reviews,3,Decent protection but slightly greasy in humid weather.,,2026-03-20T07:15:23+00:00
seed-v3-supergoop-20260206-0,2026-02-06,supergoop,Supergoop!,reddit,1,"Too shiny on my skin, had to blot often.",,2026-03-20T07:15:23+00:00
seed-v3-supergoop-20260206-1,2026-02-06,supergoop,Supergoop!,twitter,2,"Love the glow, but wish it was less fragranced.",,2026-03-20T07:15:23+00:00
seed-v3-supergoop-20260206-2,2026-02-06,supergoop,Supergoop!,reddit,1,"Great under makeup, but breaks me out sometimes.",,2026-03-20T07:15:23+00:00
seed-v3-cerave-20260207-0,2026-02-07,cerave,CeraVe,news,1,"Stung around my nose, not for me.",,2026-03-20T07:15:23+00:00
seed-v3-cerave-20260207-1,2026-02-07,cerave,CeraVe,twitter,3,"Barrier feels stronger, less dryness overall.",,2026-03-20T07:15:23+00:00
seed-v3-cerave-20260207-2,2026-02-07,cerave,CeraVe,reviews,5,"Ceramides helped my dry skin, very gentle cleanser.",,2026-03-20T07:15:23+00:00
seed-v3-cerave-20260207-3,2026-02-07,cerave,CeraVe,reddit,4,"Love the ceramides, great for winter skin.",,2026-03-20T07:15:23+00:00
seed-v3-cerave-20260207-4,2026-02-07,cerave,CeraVe,news,3,"Works well, but the finish is a bit tacky.",,2026-03-20T07:15:23+00:00
seed-v3-cleanser-20260207-0,2026-02-07,cleanser,Cleanser,reviews,4,Good everyday cleanser for oily skin.,,2026-03-20T07:15:23+00:00
seed-v3-cleanser-20260207-1,2026-02-07,cleanser,Cleanser,reviews,3,"Gentle, but struggled to remove sunscreen.",,2026-03-20T07:15:23+00:00
seed-v3-la_roche_posay-20260207-0,2026-02-07,la_roche_posay,La Roche-Posay,reviews,5,Calms redness quickly and feels gentle.,,2026-03-20T07:15:23+00:00
seed-v3-la_roche_posay-20260207-1,2026-02-07,la_roche_posay,La Roche-Posay,reviews,5,Calms redness quickly and feels gentle.,,2026-03-20T07:15:23+00:00
seed-v3-la_roche_posay-20260207-2,2026-02-07,la_roche_posay,La Roche-Posay,reviews,4,"Great for sensitive skin, but can feel heavy mid-day.",,2026-03-20T07:15:23+00:00
seed-v3-moisturizer-20260207-0,2026-02-07,moisturizer,Moisturizer,reviews,5,Hydrating and gentle for my sensitive skin.,,2026-03-20T07:15:23+00:00
seed-v3-moisturizer-20260207-1,2026-02-07,moisturizer,Moisturizer,twitter,3,Average hydration and a bit sticky.,,2026-03-20T07:15:23+00:00
seed-v3-neutrogena-20260207-0,2026-02-07,neutrogena,Neutrogena,reviews,5,Lightweight SPF that layers well under makeup.,,2026-03-20T07:15:23+00:00
seed-v3-neutrogena-20260207-1,2026-02-07,neutrogena,Neutrogena,reviews,3,Good value but a bit of white cast on deeper skin tones.,,2026-03-20T07:15:23+00:00
seed-v3-neutrogena-20260207-2,2026-02-07,neutrogena,Neutrogena,twitter,4,Lightweight SPF that layers well under makeup.,,2026-03-20T07:15:23+00:00
seed-v3-neutrogena-20260207-3,2026-02-07,neutrogena,Neutrogena,reviews,4,"Works well for daily sunscreen, but can pill with moisturizer.",,2026-03-20T07:15:23+00:00
seed-v3-neutrogena-20260207-4,2026-02-07,neutrogena,Neutrogena,reviews,5,Lightweight SPF that layers well under makeup.,,2026-03-20T07:15:23+00:00
seed-v3-neutrogena-20260207-5,2026-02-07,neutrogena,Neutrogena,twitter,1,"Finish is matte, but stings around my eyes.",,2026-03-20T07:15:23+00:00
seed-v3-serum-20260207-0,2026-02-07,serum,Serum,news,2,"Too strong for me, tingled a lot.",,2026-03-20T07:15:23+00:00
seed-v3-serum-20260207-1,2026-02-07,serum,Serum,reviews,2,No noticeable effect and caused redness.,,2026-03-20T07:15:23+00:00
seed-v3-serum-20260207-2,2026-02-07,serum,Serum,reviews,5,Helped with dark spots over a few weeks.,,2026-03-20T07:15:23+00:00
seed-v3-serum-20260207-3,2026-02-07,serum,Serum,reviews,4,"Too strong for me, tingled a lot.",,2026-03-20T07:15:23+00:00
seed-v3-sunscreen-20260207-0,2026-02-07,sunscreen,Sunscreen,reddit,3,Lightweight sunscreen and no white cast.,,2026-03-20T07:15:23+00:00
seed-v3-sunscreen-20260207-1,2026-02-07,sunscreen,Sunscreen,reviews,5,"Good daily SPF, absorbs quickly.",,2026-03-20T07:15:23+00:00
seed-v3-sunscreen-20260207-2,2026-02-07,sunscreen,Sunscreen,reviews,5,Lightweight sunscreen and no white cast.,,2026-03-20T07:15:23+00:00
seed-v3-sunscreen-20260207-3,2026-02-07,sunscreen,Sunscreen,news,5,Lightweight sunscreen and no white cast.,,2026-03-20T07:15:23+00:00
seed-v3-supergoop-20260207-0,2026-02-07,supergoop,Supergoop!,twitter,2,"Love the glow, but wish it was less fragranced.",,2026-03-20T07:15:23+00:00
seed-v3-supergoop-20260207-1,2026-02-07,supergoop,Supergoop!,reviews,3,"Great under makeup, but breaks me out sometimes.",,2026-03-20T07:15:23+00:00
seed-v3-supergoop-20260207-2,2026-02-07,supergoop,Supergoop!,reviews,5,"Love the glow, but wish it was less fragranced.",,2026-03-20T07:15:23+00:00
seed-v3-supergoop-20260207-3,2026-02-07,supergoop,Supergoop!,twitter,1,Nice finish but feels pricey for the size.,,2026-03-20T07:15:23+00:00
seed-v3-supergoop-20260207-4,2026-02-07,supergoop,Supergoop!,twitter,1,"Great under makeup, but breaks me out sometimes.",,2026-03-20T07:15:23+00:00
seed-v3-cerave-20260208-0,2026-02-08,cerave,CeraVe,reddit,1,"Stung around my nose, not for me.",,2026-03-20T07:15:23+00:00
seed-v3-cerave-20260208-1,2026-02-08,cerave,CeraVe,reviews,4,"Works well, but the finish is a bit tacky.",,2026-03-20T07:15:23+00:00
seed-v3-cerave-20260208-2,2026-02-08,cerave,CeraVe,reddit,1,"Texture is okay, but it pills with sunscreen.",,2026-03-20T07:15:23+00:00
seed-v3-cerave-20260208-3,2026-02-08,cerave,CeraVe,reviews,5,"Reliable and gentle, no irritation.",,2026-03-20T07:15:23+00:00
seed-v3-cerave-20260208-4,2026-02-08,cerave,CeraVe,twitter,1,"Stung around my nose, not for me.",,2026-03-20T07:15:23+00:00
seed-v3-cleanser-20260208-0,2026-02-08,cleanser,Cleanser,reviews,2,Broke me out and felt harsh on my cheeks.,,2026-03-20T07:15:23+00:00
seed-v3-la_roche_posay-20260208-0,2026-02-08,la_roche_posay,La Roche-Posay,reviews,5,"Helped my barrier, fewer irritations this week.",,2026-03-20T07:15:23+00:00
seed-v3-la_roche_posay-20260208-1,2026-02-08,la_roche_posay,La Roche-Posay,news,2,"A little greasy in humid weather, still effective.",,2026-03-20T07:15:23+00:00
seed-v3-moisturizer-20260208-0,2026-02-08,moisturizer,Moisturizer,reviews,5,Hydrating and gentle for my sensitive skin.,,2026-03-20T07:15:23+00:00
seed-v3-moisturizer-20260208-1,2026-02-08,moisturizer,Moisturizer,reviews,5,Hydrating and gentle for my sensitive skin.,,2026-03-20T07:15:23+00:00
seed-v3-moisturizer-20260208-2,2026-02-08,moisturizer,Moisturizer,twitter,2,"Not enough for winter, but good layering.",,2026-03-20T07:15:23+00:00
seed-v3-neutrogena-20260208-0,2026-02-08,neutrogena,Neutrogena,reddit,3,Lightweight SPF that layers well under makeup.,,2026-03-20T07:15:23+00:00
seed-v3-neutrogena-20260208-1,2026-02-08,neutrogena,Neutrogena,reviews,5,Solid protection and easy to reapply.,,2026-03-20T07:15:23+00:00
seed-v3-neutrogena-20260208-2,2026-02-08,neutrogena,Neutrogena,twitter,1,Irritated my skin and felt heavy by afternoon.,,2026-03-20T07:15:23+00:00
seed-v3-serum-20260208-0,2026-02-08,serum,Serum,twitter,3,Helped with dark spots over a few weeks.,,2026-03-20T07:15:23+00:00
seed-v3-serum-20260208-1,2026-02-08,serum,Serum,reviews,5,Good results but expensive for quantity.,,2026-03-20T07:15:23+00:00
seed-v3-serum-20260208-2,2026-02-08,serum,Serum,reviews,5,Good results but expensive for quantity.,,2026-03-20T07:15:23+00:00
seed-v3-sunscreen-20260208-0,2026-02-08,sunscreen,Sunscreen,twitter,2,"Good daily SPF, absorbs quickly.",,2026-03-20T07:15:23+00:00
seed-v3-sunscreen-20260208-1,2026-02-08,sunscreen,Sunscreen,reviews,4,Decent protection but slightly greasy in humid weather.,,2026-03-20T07:15:23+00:00
seed-v3-sunscreen-20260208-2,2026-02-08,sunscreen,Sunscreen,reddit,3,"Good daily SPF, absorbs quickly.",,2026-03-20T07:15:23+00:00
seed-v3-sunscreen-20260208-3,2026-02-08,sunscreen,Sunscreen,reviews,5,Lightweight sunscreen and no white cast.,,2026-03-20T07:15:23+00:00
seed-v3-supergoop-20260208-0,2026-02-08,supergoop,Supergoop!,twitter,3,Nice finish but feels pricey for the size.,,2026-03-20T07:15:23+00:00
seed-v3-supergoop-20260208-1,2026-02-08,supergoop,Supergoop!,news,2,"Too shiny on my skin, had to blot often.",,2026-03-20T07:15:23+00:00
seed-v3-supergoop-20260208-2,2026-02-08,supergoop,Supergoop!,reviews,5,Nice finish but feels pricey for the size.,,2026-03-20T07:15:23+00:00
seed-v3-supergoop-20260208-3,2026-02-08,supergoop,Supergoop!,reddit,1,Nice finish but feels pricey for the size.,,2026-03-20T07:15:23+00:00
seed-v3-cerave-20260209-0,2026-02-09,cerave,CeraVe,news,4,"Ceramides helped my dry skin, very gentle cleanser.",,2026-03-20T07:15:23+00:00
seed-v3-cerave-20260209-1,2026-02-09,cerave,CeraVe,reviews,5,Good everyday hydration and fragrance-free.,,2026-03-20T07:15:23+00:00
seed-v3-cerave-20260209-2,2026-02-09,cerave,CeraVe,news,5,"Barrier feels stronger, less dryness overall.",,2026-03-20T07:15:23+00:00
seed-v3-cerave-20260209-3,2026-02-09,cerave,CeraVe,twitter,4,"Barrier feels stronger, less dryness overall.",,2026-03-20T07:15:23+00:00
seed-v3-cerave-20260209-4,2026-02-09,cerave,CeraVe,reviews,5,Good everyday hydration and fragrance-free.,,2026-03-20T07:15:23+00:00
seed-v3-cerave-20260209-5,2026-02-09,cerave,CeraVe,twitter,2,"Texture is okay, but it pills with sunscreen.",,2026-03-20T07:15:23+00:00
seed-v3-cleanser-20260209-0,2026-02-09,cleanser,Cleanser,news,2,Works okay but fragrance is strong.,,2026-03-20T07:15:23+00:00
seed-v3-cleanser-20260209-1,2026-02-09,cleanser,Cleanser,twitter,3,Good everyday cleanser for oily skin.,,2026-03-20T07:15:23+00:00
seed-v3-la_roche_posay-20260209-0,2026-02-09,la_roche_posay,La Roche-Posay,reviews,4,Barrier repair feels solid but price is high.,,2026-03-20T07:15:23+00:00
seed-v3-la_roche_posay-20260209-1,2026-02-09,la_roche_posay,La Roche-Posay,reviews,5,"Soothing for sensitive skin, texture feels premium.",,2026-03-20T07:15:23+00:00
seed-v3-la_roche_posay-20260209-2,2026-02-09,la_roche_posay,La Roche-Posay,reviews,4,Barrier repair feels solid but price is high.,,2026-03-20T07:15:23+00:00
seed-v3-moisturizer-20260209-0,2026-02-09,moisturizer,Moisturizer,reviews,4,Too oily and caused breakouts.,,2026-03-20T07:15:23+00:00
seed-v3-moisturizer-20260209-1,2026-02-09,moisturizer,Moisturizer,reviews,5,Great value and smooth texture.,,2026-03-20T07:15:23+00:00
seed-v3-neutrogena-20260209-0,2026-02-09,neutrogena,Neutrogena,reddit,2,"Dry-touch finish, great for oily skin and acne-prone days.",,2026-03-20T07:15:23+00:00
seed-v3-neutrogena-20260209-1,2026-02-09,neutrogena,Neutrogena,reddit,1,"Finish is matte, but stings around my eyes.",,2026-03-20T07:15:23+00:00
seed-v3-neutrogena-20260209-2,2026-02-09,neutrogena,Neutrogena,twitter,1,"Finish is matte, but stings around my eyes.",,2026-03-20T07:15:23+00:00
seed-v3-neutrogena-20260209-3,2026-02-09,neutrogena,Neutrogena,twitter,3,Good value but a bit of white cast on deeper skin tones.,,2026-03-20T07:15:23+00:00
seed-v3-neutrogena-20260209-4,2026-02-09,neutrogena,Neutrogena,reviews,5,Lightweight SPF that layers well under makeup.,,2026-03-20T07:15:23+00:00
seed-v3-serum-20260209-0,2026-02-09,serum,Serum,news,5,Helped with dark spots over a few weeks.,,2026-03-20T07:15:23+00:00
seed-v3-serum-20260209-1,2026-02-09,serum,Serum,twitter,2,Absorbs fast and works under makeup.,,2026-03-20T07:15:23+00:00
seed-v3-serum-20260209-2,2026-02-09,serum,Serum,twitter,3,Absorbs fast and works under makeup.,,2026-03-20T07:15:23+00:00
seed-v3-serum-20260209-3,2026-02-09,serum,Serum,reviews,4,Good results but expensive for quantity.,,2026-03-20T07:15:23+00:00
seed-v3-sunscreen-20260209-0,2026-02-09,sunscreen,Sunscreen,reviews,5,Lightweight sunscreen and no white cast.,,2026-03-20T07:15:23+00:00
seed-v3-sunscreen-20260209-1,2026-02-09,sunscreen,Sunscreen,reddit,1,Decent protection but slightly greasy in humid weather.,,2026-03-20T07:15:23+00:00
seed-v3-sunscreen-20260209-2,2026-02-09,sunscreen,Sunscreen,twitter,3,"Great for daily wear, feels weightless.",,2026-03-20T07:15:23+00:00
seed-v3-sunscreen-20260209-3,2026-02-09,sunscreen,Sunscreen,reddit,1,Caused irritation and felt heavy.,,2026-03-20T07:15:23+00:00
seed-v3-sunscreen-20260209-4,2026-02-09,sunscreen,Sunscreen,reddit,3,"Great for daily wear, feels weightless.",,2026-03-20T07:15:23+00:00
seed-v3-supergoop-20260209-0,2026-02-09,supergoop,Supergoop!,news,1,"Too shiny on my skin, had to blot often.",,2026-03-20T07:15:23+00:00
seed-v3-supergoop-20260209-1,2026-02-09,supergoop,Supergoop!,twitter,1,"Too shiny on my skin, had to blot often.",,2026-03-20T07:15:23+00:00
seed-v3-supergoop-20260209-2,2026-02-09,supergoop,Supergoop!,twitter,3,"Love the glow, but wish it was less fragranced.",,2026-03-20T07:15:23+00:00
seed-v3-cerave-20260210-0,2026-02-10,cerave,CeraVe,reviews,5,"Barrier feels stronger, less dryness overall.",,2026-03-20T07:15:23+00:00
seed-v3-cerave-20260210-1,2026-02-10,cerave,CeraVe,reviews,4,"Works well, but the finish is a bit tacky.",,2026-03-20T07:15:23+00:00
seed-v3-cerave-20260210-2,2026-02-10,cerave,CeraVe,reviews,5,"Ceramides helped my dry skin, very gentle cleanser.",,2026-03-20T07:15:23+00:00
seed-v3-cerave-20260210-3,2026-02-10,cerave,CeraVe,news,4,"Texture is okay, but it pills with sunscreen.",,2026-03-20T07:15:23+00:00
seed-v3-cerave-20260210-4,2026-02-10,cerave,CeraVe,reddit,2,"Stung around my nose, not for me.",,2026-03-20T07:15:23+00:00
seed-v3-cleanser-20260210-0,2026-02-10,cleanser,Cleanser,reviews,5,Good everyday cleanser for oily skin.,,2026-03-20T07:15:23+00:00
seed-v3-cleanser-20260210-1,2026-02-10,cleanser,Cleanser,reviews,4,Broke me out and felt harsh on my cheeks.,,2026-03-20T07:15:23+00:00
seed-v3-cleanser-20260210-2,2026-02-10,cleanser,Cleanser,reddit,3,"Gentle, but struggled to remove sunscreen.",,2026-03-20T07:15:23+00:00
seed-v3-cleanser-20260210-3,2026-02-10,cleanser,Cleanser,reddit,2,Made my skin tight and itchy.,,2026-03-20T07:15:23+00:00
seed-v3-la_roche_posay-20260210-0,2026-02-10,la_roche_posay,La Roche-Posay,news,2,"Broke me out after a week, had to stop.",,2026-03-20T07:15:23+00:00
seed-v3-la_roche_posay-20260210-1,2026-02-10,la_roche_posay,La Roche-Posay,reviews,5,"Soothing for sensitive skin, texture feels premium.",,2026-03-20T07:15:23+00:00
seed-v3-la_roche_posay-20260210-2,2026-02-10,la_roche_posay,La Roche-Posay,reviews,5,"Helped my barrier, fewer irritations this week.",,2026-03-20T07:15:23+00:00
seed-v3-la_roche_posay-20260210-3,2026-02-10,la_roche_posay,La Roche-Posay,reviews,3,"Broke me out after a week, had to stop.",,2026-03-20T07:15:23+00:00
seed-v3-moisturizer-20260210-0,2026-02-10,moisturizer,Moisturizer,reviews,3,Average hydration and a bit sticky.,,2026-03-20T07:15:23+00:00
seed-v3-moisturizer-20260210-1,2026-02-10,moisturizer,Moisturizer,twitter,3,"Not enough for winter, but good layering.",,2026-03-20T07:15:23+00:00
seed-v3-moisturizer-20260210-2,2026-02-10,moisturizer,Moisturizer,reddit,4,Great value and smooth texture.,,2026-03-20T07:15:23+00:00
seed-v3-moisturizer-20260210-3,2026-02-10,moisturizer,Moisturizer,twitter,4,Absorbs fast and helps my dry patches.,,2026-03-20T07:15:23+00:00
seed-v3-moisturizer-20260210-4,2026-02-10,moisturizer,Moisturizer,reviews,4,Great value and smooth texture.,,2026-03-20T07:15:23+00:00
seed-v3-neutrogena-20260210-0,2026-02-10,neutrogena,Neutrogena,reddit,4,"Dry-touch finish, great for oily skin and acne-prone days.",,2026-03-20T07:15:23+00:00
seed-v3-neutrogena-20260210-1,2026-02-10,neutrogena,Neutrogena,reddit,1,Irritated my skin and felt heavy by afternoon.,,2026-03-20T07:15:23+00:00
seed-v3-neutrogena-20260210-2,2026-02-10,neutrogena,Neutrogena,reddit,4,Solid protection and easy to reapply.,,2026-03-20T07:15:23+00:00
seed-v3-neutrogena-20260210-3,2026-02-10,neutrogena,Neutrogena,reddit,1,"Works well for daily sunscreen, but can pill with moisturizer.",,2026-03-20T07:15:23+00:00
seed-v3-neutrogena-20260210-4,2026-02-10,neutrogena,Neutrogena,reddit,4,Solid protection and easy to reapply.,,2026-03-20T07:15:23+00:00
seed-v3-neutrogena-20260210-5,2026-02-10,neutrogena,Neutrogena,twitter,2,Irritated my skin and felt heavy by afternoon.,,2026-03-20T07:15:23+00:00
seed-v3-serum-20260210-0,2026-02-10,serum,Serum,twitter,4,Absorbs fast and works under makeup.,,2026-03-20T07:15:23+00:00
seed-v3-serum-20260210-1,2026-02-10,serum,Serum,reviews,5,Improved texture and visible glow.,,2026-03-20T07:15:23+00:00
seed-v3-serum-20260210-2,2026-02-10,serum,Serum,twitter,3,Improved texture and visible glow.,,2026-03-20T07:15:23+00:00
seed-v3-sunscreen-20260210-0,2026-02-10,sunscreen,Sunscreen,reviews,5,Lightweight sunscreen and no white cast.,,2026-03-20T07:15:23+00:00
seed-v3-sunscreen-20260210-1,2026-02-10,sunscreen,Sunscreen,reviews,5,"Great for daily wear, feels weightless.",,2026-03-20T07:15:23+00:00
seed-v3-sunscreen-20260210-2,2026-02-10,sunscreen,Sunscreen,reviews,5,Lightweight sunscreen and no white cast.,,2026-03-20T07:15:23+00:00
seed-v3-sunscreen-20260210-3,2026-02-10,sunscreen,Sunscreen,reviews,2,Caused irritation and felt heavy.,,2026-03-20T07:15:23+00:00
seed-v3-supergoop-20260210-0,2026-02-10,supergoop,Supergoop!,reviews,3,"Good primer feel, but too expensive to repurchase.",,2026-03-20T07:15:23+00:00
seed-v3-supergoop-20260210-1,2026-02-10,supergoop,Supergoop!,twitter,4,"Easy to reapply, but the scent is noticeable.",,2026-03-20T07:15:23+00:00
seed-v3-supergoop-20260210-2,2026-02-10,supergoop,Supergoop!,twitter,3,"No white cast, works like a primer with a soft glow.",,2026-03-20T07:15:23+00:00
seed-v3-supergoop-20260210-3,2026-02-10,supergoop,Supergoop!,news,2,Nice finish but feels pricey for the size.,,2026-03-20T07:15:23+00:00
seed-v3-supergoop-20260210-4,2026-02-10,supergoop,Supergoop!,twitter,4,"Love the glow, but wish it was less fragranced.",,2026-03-20T07:15:23+00:00
seed-v3-cerave-20260211-0,2026-02-11,cerave,CeraVe,reviews,5,"Love the ceramides, great for winter skin.",,2026-03-20T07:15:23+00:00
seed-v3-cerave-20260211-1,2026-02-11,cerave,CeraVe,reddit,3,"Ceramides helped my dry skin, very gentle cleanser.",,2026-03-20T07:15:23+00:00
seed-v3-cerave-20260211-2,2026-02-11,cerave,CeraVe,reviews,3,"Works well, but the finish is a bit tacky.",,2026-03-20T07:15:23+00:00
seed-v3-cerave-20260211-3,2026-02-11,cerave,CeraVe,reviews,5,Good everyday hydration and fragrance-free.,,2026-03-20T07:15:23+00:00
seed-v3-cerave-20260211-4,2026-02-11,cerave,CeraVe,news,4,"Barrier feels stronger, less dryness overall.",,2026-03-20T07:15:23+00:00
seed-v3-cleanser-20260211-0,2026-02-11,cleanser,Cleanser,twitter,1,Broke me out and felt harsh on my cheeks.,,2026-03-20T07:15:23+00:00
seed-v3-cleanser-20260211-1,2026-02-11,cleanser,Cleanser,reviews,5,Good everyday cleanser for oily skin.,,2026-03-20T07:15:23+00:00
seed-v3-cleanser-20260211-2,2026-02-11,cleanser,Cleanser,reviews,4,"Gentle, but struggled to remove sunscreen.",,2026-03-20T07:15:23+00:00
seed-v3-cleanser-20260211-3,2026-02-11,cleanser,Cleanser,reddit,4,Good everyday cleanser for oily skin.,,2026-03-20T07:15:23+00:00
seed-v3-la_roche_posay-20260211-0,2026-02-11,la_roche_posay,La Roche-Posay,reviews,5,Barrier repair feels solid but price is high.,,2026-03-20T07:15:23+00:00
seed-v3-la_roche_posay-20260211-1,2026-02-11,la_roche_posay,La Roche-Posay,reviews,3,"Did not work for my acne, caused clogged pores.",,2026-03-20T07:15:23+00:00
seed-v3-la_roche_posay-20260211-2,2026-02-11,la_roche_posay,La Roche-Posay,reddit,1,"Broke me out after a week, had to stop.",,2026-03-20T07:15:23+00:00
seed-v3-la_roche_posay-20260211-3,2026-02-11,la_roche_posay,La Roche-Posay,reviews,5,Calms redness quickly and feels gentle.,,2026-03-20T07:15:23+00:00
seed-v3-moisturizer-20260211-0,2026-02-11,moisturizer,Moisturizer,reviews,4,Great value and smooth texture.,,2026-03-20T07:15:23+00:00
seed-v3-moisturizer-20260211-1,2026-02-11,moisturizer,Moisturizer,news,5,Hydrating and gentle for my sensitive skin.,,2026-03-20T07:15:23+00:00
seed-v3-moisturizer-20260211-2,2026-02-11,moisturizer,Moisturizer,twitter,3,Average hydration and a bit sticky.,,2026-03-20T07:15:23+00:00
seed-v3-moisturizer-20260211-3,2026-02-11,moisturizer,Moisturizer,reddit,2,Too oily and caused breakouts.,,2026-03-20T07:15:23+00:00
seed-v3-moisturizer-20260211-4,2026-02-11,moisturizer,Moisturizer,reviews,5,Great value and smooth texture.,,2026-03-20T07:15:23+00:00
seed-v3-neutrogena-20260211-0,2026-02-11,neutrogena,Neutrogena,twitter,1,"Finish is matte, but stings around my eyes.",,2026-03-20T07:15:23+00:00
seed-v3-neutrogena-20260211-1,2026-02-11,neutrogena,Neutrogena,reddit,2,Good value but a bit of white cast on deeper skin tones.,,2026-03-20T07:15:23+00:00
seed-v3-neutrogena-20260211-2,2026-02-11,neutrogena,Neutrogena,twitter,2,"Works well for daily sunscreen, but can pill with moisturizer.",,2026-03-20T07:15:23+00:00
seed-v3-serum-20260211-0,2026-02-11,serum,Serum,reviews,5,Helped with dark spots over a few weeks.,,2026-03-20T07:15:23+00:00
seed-v3-serum-20260211-1,2026-02-11,serum,Serum,news,5,Improved texture and visible glow.,,2026-03-20T07:15:23+00:00
seed-v3-serum-20260211-2,2026-02-11,serum,Serum,reviews,3,"Too strong for me, tingled a lot.",,2026-03-20T07:15:23+00:00
seed-v3-serum-20260211-3,2026-02-11,serum,Serum,twitter,2,Helped with dark spots over a few weeks.,,2026-03-20T07:15:23+00:00
seed-v3-sunscreen-20260211-0,2026-02-11,sunscreen,Sunscreen,reddit,2,"No white cast, but reapplication is messy on makeup.",,2026-03-20T07:15:23+00:00
seed-v3-sunscreen-20260211-1,2026-02-11,sunscreen,Sunscreen,reviews,4,Decent protection but slightly greasy in humid weather.,,2026-03-20T07:15:23+00:00
seed-v3-sunscreen-20260211-2,2026-02-11,sunscreen,Sunscreen,twitter,3,Decent protection but slightly greasy in humid weather.,,2026-03-20T07:15:23+00:00
seed-v3-sunscreen-20260211-3,2026-02-11,sunscreen,Sunscreen,reviews,5,"Good daily SPF, absorbs quickly.",,2026-03-20T07:15:23+00:00
seed-v3-supergoop-20260211-0,2026-02-11,supergoop,Supergoop!,twitter,1,"Finish looks nice, but feels oily after a few hours.",,2026-03-20T07:15:23+00:00
seed-v3-supergoop-20260211-1,2026-02-11,supergoop,Supergoop!,twitter,1,"Too shiny on my skin, had to blot often.",,2026-03-20T07:15:23+00:00
seed-v3-supergoop-20260211-2,2026-02-11,supergoop,Supergoop!,reviews,4,"Good primer feel, but too expensive to repurchase.",,2026-03-20T07:15:23+00:00
seed-v3-cerave-20260212-0,2026-02-12,cerave,CeraVe,twitter,4,"Reliable and gentle, no irritation.",,2026-03-20T07:15:23+00:00
seed-v3-cerave-20260212-1,2026-02-12,cerave,CeraVe,reviews,2,"Stung around my nose, not for me.",,2026-03-20T07:15:23+00:00
seed-v3-cerave-20260212-2,2026-02-12,cerave,CeraVe,reviews,5,"Barrier feels stronger, less dryness overall.",,2026-03-20T07:15:23+00:00
seed-v3-cerave-20260212-3,2026-02-12,cerave,CeraVe,reviews,5,"Love the ceramides, great for winter skin.",,2026-03-20T07:15:23+00:00
seed-v3-cerave-20260212-4,2026-02-12,cerave,CeraVe,reviews,5,"Love the ceramides, great for winter skin.",,2026-03-20T07:15:23+00:00
seed-v3-cerave-20260212-5,2026-02-12,cerave,CeraVe,reviews,5,"Love the ceramides, great for winter skin.",,2026-03-20T07:15:23+00:00
seed-v3-cleanser-20260212-0,2026-02-12,cleanser,Cleanser,twitter,1,Made my skin tight and itchy.,,2026-03-20T07:15:23+00:00
seed-v3-cleanser-20260212-1,2026-02-12,cleanser,Cleanser,news,3,Made my skin tight and itchy.,,2026-03-20T07:15:23+00:00
seed-v3-cleanser-20260212-2,2026-02-12,cleanser,Cleanser,reviews,3,Made my skin tight and itchy.,,2026-03-20T07:15:23+00:00
seed-v3-cleanser-20260212-3,2026-02-12,cleanser,Cleanser,reviews,5,Cleans well without drying my skin.,,2026-03-20T07:15:23+00:00
seed-v3-cleanser-20260212-4,2026-02-12,cleanser,Cleanser,reviews,2,Made my skin tight and itchy.,,2026-03-20T07:15:23+00:00
seed-v3-la_roche_posay-20260212-0,2026-02-12,la_roche_posay,La Roche-Posay,news,2,"Broke me out after a week, had to stop.",,2026-03-20T07:15:23+00:00
seed-v3-la_roche_posay-20260212-1,2026-02-12,la_roche_posay,La Roche-Posay,reviews,5,"Soothing for sensitive skin, texture feels premium.",,2026-03-20T07:15:23+00:00
seed-v3-moisturizer-20260212-0,2026-02-12,moisturizer,Moisturizer,reddit,2,"Not enough for winter, but good layering.",,2026-03-20T07:15:23+00:00
seed-v3-moisturizer-20260212-1,2026-02-12,moisturizer,Moisturizer,reddit,3,Great value and smooth texture.,,2026-03-20T07:15:23+00:00
seed-v3-neutrogena-20260212-0,2026-02-12,neutrogena,Neutrogena,reviews,4,Good value but a bit of white cast on deeper skin tones.,,2026-03-20T07:15:23+00:00
seed-v3-neutrogena-20260212-1,2026-02-12,neutrogena,Neutrogena,reddit,2,Solid protection and easy to reapply.,,2026-03-20T07:15:23+00:00
seed-v3-neutrogena-20260212-2,2026-02-12,neutrogena,Neutrogena,twitter,2,"Dry-touch finish, great for oily skin and acne-prone days.",,2026-03-20T07:15:23+00:00
seed-v3-neutrogena-20260212-3,2026-02-12,neutrogena,Neutrogena,reddit,1,"Finish is matte, but stings around my eyes.",,2026-03-20T07:15:23+00:00
seed-v3-neutrogena-20260212-4,2026-02-12,neutrogena,Neutrogena,reviews,5,"Works well for daily sunscreen, but can pill with moisturizer.",,2026-03-20T07:15:23+00:00
seed-v3-serum-20260212-0,2026-02-12,serum,Serum,reviews,2,No noticeable effect and caused redness.,,2026-03-20T07:15:23+00:00
seed-v3-serum-20260212-1,2026-02-12,serum,Serum,reddit,3,Helped with dark spots over a few weeks.,,2026-03-20T07:15:23+00:00
seed-v3-sunscreen-20260212-0,2026-02-12,sunscreen,Sunscreen,reviews,4,"No white cast, but reapplication is messy on makeup.",,2026-03-20T07:15:23+00:00
seed-v3-sunscreen-20260212-1,2026-02-12,sunscreen,Sunscreen,news,5,Lightweight sunscreen and no white cast.,,2026-03-20T07:15:23+00:00
seed-v3-sunscreen-20260212-2,2026-02-12,sunscreen,Sunscreen,reviews,3,"No white cast, but reapplication is messy on makeup.",,2026-03-20T07:15:23+00:00
seed-v3-sunscreen-20260212-3,2026-02-12,sunscreen,Sunscreen,reddit,2,Decent protection but slightly greasy in humid weather.,,2026-03-20T07:15:23+00:00
seed-v3-sunscreen-20260212-4,2026-02-12,sunscreen,Sunscreen,reviews,5,"Great for daily wear, feels weightless.",,2026-03-20T07:15:23+00:00
seed-v3-supergoop-20260212-0,2026-02-12,supergoop,Supergoop!,reviews,3,Nice finish but feels pricey for the size.,,2026-03-20T07:15:23+00:00
seed-v3-cerave-20260213-0,2026-02-13,cerave,CeraVe,news,5,"Ceramides helped my dry skin, very gentle cleanser.",,2026-03-20T07:15:23+00:00
seed-v3-cerave-20260213-1,2026-02-13,cerave,CeraVe,reviews,5,"Barrier feels stronger, less dryness overall.",,2026-03-20T07:15:23+00:00
seed-v3-cerave-20260213-2,2026-02-13,cerave,CeraVe,reviews,5,"Texture is okay, but it pills with sunscreen.",,2026-03-20T07:15:23+00:00
seed-v3-cerave-20260213-3,2026-02-13,cerave,CeraVe,reviews,4,"Texture is okay, but it pills with sunscreen.",,2026-03-20T07:15:23+00:00
seed-v3-cerave-20260213-4,2026-02-13,cerave,CeraVe,news,3,"Reliable and gentle, no irritation.",,2026-03-20T07:15:23+00:00
seed-v3-cerave-20260213-5,2026-02-13,cerave,CeraVe,reviews,4,"Texture is okay, but it pills with sunscreen.",,2026-03-20T07:15:23+00:00
seed-v3-cleanser-20260213-0,2026-02-13,cleanser,Cleanser,twitter,2,"Gentle, but struggled to remove sunscreen.",,2026-03-20T07:15:23+00:00
seed-v3-la_roche_posay-20260213-0,2026-02-13,la_roche_posay,La Roche-Posay,reviews,4,"Did not work for my acne, caused clogged pores.",,2026-03-20T07:15:23+00:00
seed-v3-la_roche_posay-20260213-1,2026-02-13,la_roche_posay,La Roche-Posay,news,4,Barrier repair feels solid but price is high.,,2026-03-20T07:15:23+00:00
seed-v3-la_roche_posay-20260213-2,2026-02-13,la_roche_posay,La Roche-Posay,reviews,4,"Great for sensitive skin, but can feel heavy mid-day.",,2026-03-20T07:15:23+00:00
seed-v3-la_roche_posay-20260213-3,2026-02-13,la_roche_posay,La Roche-Posay,reviews,3,"Great for sensitive skin, but can feel heavy mid-day.",,2026-03-20T07:15:23+00:00
seed-v3-la_roche_posay-20260213-4,2026-02-13,la_roche_posay,La Roche-Posay,reviews,4,"A little greasy in humid weather, still effective.",,2026-03-20T07:15:23+00:00
seed-v3-la_roche_posay-20260213-5,2026-02-13,la_roche_posay,La Roche-Posay,reddit,3,"Soothing for sensitive skin, texture feels premium.",,2026-03-20T07:15:23+00:00
seed-v3-moisturizer-20260213-0,2026-02-13,moisturizer,Moisturizer,news,3,"Not enough for winter, but good layering.",,2026-03-20T07:15:23+00:00
seed-v3-neutrogena-20260213-0,2026-02-13,neutrogena,Neutrogena,reddit,2,"Dry-touch finish, great for oily skin and acne-prone days.",,2026-03-20T07:15:23+00:00
seed-v3-neutrogena-20260213-1,2026-02-13,neutrogena,Neutrogena,reddit,2,Good value but a bit of white cast on deeper skin tones.,,2026-03-20T07:15:23+00:00
seed-v3-neutrogena-20260213-2,2026-02-13,neutrogena,Neutrogena,reddit,3,Solid protection and easy to reapply.,,2026-03-20T07:15:23+00:00
seed-v3-neutrogena-20260213-3,2026-02-13,neutrogena,Neutrogena,reddit,1,"Finish is matte, but stings around my eyes.",,2026-03-20T07:15:23+00:00
seed-v3-neutrogena-20260213-4,2026-02-13,neutrogena,Neutrogena,reddit,4,"Great for acne-prone skin, no breakouts so far.",,2026-03-20T07:15:23+00:00
seed-v3-serum-20260213-0,2026-02-13,serum,Serum,reviews,5,Helped with dark spots over a few weeks.,,2026-03-20T07:15:23+00:00
seed-v3-sunscreen-20260213-0,2026-02-13,sunscreen,Sunscreen,reddit,1,Decent protection but slightly greasy in humid weather.,,2026-03-20T07:15:23+00:00
seed-v3-sunscreen-20260213-1,2026-02-13,sunscreen,Sunscreen,twitter,1,Decent protection but slightly greasy in humid weather.,,2026-03-20T07:15:23+00:00
seed-v3-sunscreen-20260213-2,2026-02-13,sunscreen,Sunscreen,twitter,4,Lightweight sunscreen and no white cast.,,2026-03-20T07:15:23+00:00
seed-v3-supergoop-20260213-0,2026-02-13,supergoop,Supergoop!,twitter,4,"No white cast, works like a primer with a soft glow.",,2026-03-20T07:15:23+00:00
seed-v3-supergoop-20260213-1,2026-02-13,supergoop,Supergoop!,twitter,3,"Good primer feel, but too expensive to repurchase.",,2026-03-20T07:15:23+00:00
seed-v3-supergoop-20260213-2,2026-02-13,supergoop,Supergoop!,reddit,4,"Love the glow, but wish it was less fragranced.",,2026-03-20T07:15:23+00:00
seed-v3-supergoop-20260213-3,2026-02-13,supergoop,Supergoop!,reviews,3,Nice finish but feels pricey for the size.,,2026-03-20T07:15:23+00:00
seed-v3-supergoop-20260213-4,2026-02-13,supergoop,Supergoop!,twitter,1,"Great under makeup, but breaks me out sometimes.",,2026-03-20T07:15:23+00:00
seed-v3-cerave-20260214-0,2026-02-14,cerave,CeraVe,reddit,1,"Stung around my nose, not for me.",,2026-03-20T07:15:23+00:00
seed-v3-cerave-20260214-1,2026-02-14,cerave,CeraVe,reviews,5,"Love the ceramides, great for winter skin.",,2026-03-20T07:15:23+00:00
seed-v3-cerave-20260214-2,2026-02-14,cerave,CeraVe,reddit,3,"Texture is okay, but it pills with sunscreen.",,2026-03-20T07:15:23+00:00
seed-v3-cerave-20260214-3,2026-02-14,cerave,CeraVe,reviews,4,"Stung around my nose, not for me.",,2026-03-20T07:15:23+00:00
seed-v3-cerave-20260214-4,2026-02-14,cerave,CeraVe,twitter,3,Good everyday hydration and fragrance-free.,,2026-03-20T07:15:23+00:00
seed-v3-cerave-20260214-5,2026-02-14,cerave,CeraVe,news,4,"Reliable and gentle, no irritation.",,2026-03-20T07:15:23+00:00
seed-v3-cerave-20260214-6,2026-02-14,cerave,CeraVe,twitter,4,Good everyday hydration and fragrance-free.,,2026-03-20T07:15:23+00:00
seed-v3-cleanser-20260214-0,2026-02-14,cleanser,Cleanser,news,2,Broke me out and felt harsh on my cheeks.,,2026-03-20T07:15:23+00:00
seed-v3-la_roche_posay-20260214-0,2026-02-14,la_roche_posay,La Roche-Posay,reviews,4,"Helped my barrier, fewer irritations this week.",,2026-03-20T07:15:23+00:00
seed-v3-la_roche_posay-20260214-1,2026-02-14,la_roche_posay,La Roche-Posay,reddit,3,"Soothing for sensitive skin, texture feels premium.",,2026-03-20T07:15:23+00:00
seed-v3-moisturizer-20260214-0,2026-02-14,moisturizer,Moisturizer,reviews,5,Absorbs fast and helps my dry patches.,,2026-03-20T07:15:23+00:00
seed-v3-neutrogena-20260214-0,2026-02-14,neutrogena,Neutrogena,reddit,4,"Dry-touch finish, great for oily skin and acne-prone days.",,2026-03-20T07:15:23+00:00
seed-v3-neutrogena-20260214-1,2026-02-14,neutrogena,Neutrogena,reddit,2,"Works well for daily sunscreen, but can pill with moisturizer.",,2026-03-20T07:15:23+00:00
seed-v3-neutrogena-20260214-2,2026-02-14,neutrogena,Neutrogena,reviews,5,"Dry-touch finish, great for oily skin and acne-prone days.",,2026-03-20T07:15:23+00:00
seed-v3-neutrogena-20260214-3,2026-02-14,neutrogena,Neutrogena,reviews,5,"Works well for daily sunscreen, but can pill with moisturizer.",,2026-03-20T07:15:23+00:00
seed-v3-neutrogena-20260214-4,2026-02-14,neutrogena,Neutrogena,reddit,2,Irritated my skin and felt heavy by afternoon.,,2026-03-20T07:15:23+00:00
seed-v3-neutrogena-20260214-5,2026-02-14,neutrogena,Neutrogena,news,3,"Dry-touch finish, great for oily skin and acne-prone days.",,2026-03-20T07:15:23+00:00
seed-v3-neutrogena-20260214-6,2026-02-14,neutrogena,Neutrogena,reddit,1,"Finish is matte, but stings around my eyes.",,2026-03-20T07:15:23+00:00
seed-v3-neutrogena-20260214-7,2026-02-14,neutrogena,Neutrogena,reddit,3,"Dry-touch finish, great for oily skin and acne-prone days.",,2026-03-20T07:15:23+00:00
seed-v3-serum-20260214-0,2026-02-14,serum,Serum,reddit,1,Good results but expensive for quantity.,,2026-03-20T07:15:23+00:00
seed-v3-sunscreen-20260214-0,2026-02-14,sunscreen,Sunscreen,news,5,Lightweight sunscreen and no white cast.,,2026-03-20T07:15:23+00:00
seed-v3-sunscreen-20260214-1,2026-02-14,sunscreen,Sunscreen,reviews,2,Caused irritation and felt heavy.,,2026-03-20T07:15:23+00:00
seed-v3-supergoop-20260214-0,2026-02-14,supergoop,Supergoop!,reviews,5,"No white cast, works like a primer with a soft glow.",,2026-03-20T07:15:23+00:00
seed-v3-supergoop-20260214-1,2026-02-14,supergoop,Supergoop!,reddit,2,"Easy to reapply, but the scent is noticeable.",,2026-03-20T07:15:23+00:00
seed-v3-supergoop-20260214-2,2026-02-14,supergoop,Supergoop!,reviews,5,"Love the glow, but wish it was less fragranced.",,2026-03-20T07:15:23+00:00
seed-v3-supergoop-20260214-3,2026-02-14,supergoop,Supergoop!,reddit,2,"Too shiny on my skin, had to blot often.",,2026-03-20T07:15:23+00:00
seed-v3-supergoop-20260214-4,2026-02-14,supergoop,Supergoop!,news,5,"Love the glow, but wish it was less fragranced.",,2026-03-20T07:15:23+00:00
seed-v3-cerave-20260215-0,2026-02-15,cerave,CeraVe,reviews,5,"Barrier feels stronger, less dryness overall.",,2026-03-20T07:15:23+00:00
seed-v3-cerave-20260215-1,2026-02-15,cerave,CeraVe,reddit,1,"Stung around my nose, not for me.",,2026-03-20T07:15:23+00:00
seed-v3-cerave-20260215-2,2026-02-15,cerave,CeraVe,twitter,2,"Texture is okay, but it pills with sunscreen.",,2026-03-20T07:15:23+00:00
seed-v3-cleanser-20260215-0,2026-02-15,cleanser,Cleanser,reviews,4,Broke me out and felt harsh on my cheeks.,,2026-03-20T07:15:23+00:00
seed-v3-cleanser-20260215-1,2026-02-15,cleanser,Cleanser,news,4,Good everyday cleanser for oily skin.,,2026-03-20T07:15:23+00:00
seed-v3-cleanser-20260215-2,2026-02-15,cleanser,Cleanser,reddit,1,Works okay but fragrance is strong.,,2026-03-20T07:15:23+00:00
seed-v3-cleanser-20260215-3,2026-02-15,cleanser,Cleanser,twitter,2,Made my skin tight and itchy.,,2026-03-20T07:15:23+00:00
seed-v3-la_roche_posay-20260215-0,2026-02-15,la_roche_posay,La Roche-Posay,reddit,1,"Great for sensitive skin, but can feel heavy mid-day.",,2026-03-20T07:15:23+00:00
seed-v3-la_roche_posay-20260215-1,2026-02-15,la_roche_posay,La Roche-Posay,twitter,4,Calms redness quickly and feels gentle.,,2026-03-20T07:15:23+00:00
seed-v3-la_roche_posay-20260215-2,2026-02-15,la_roche_posay,La Roche-Posay,news,4,"Soothing for sensitive skin, texture feels premium.",,2026-03-20T07:15:23+00:00
seed-v3-la_roche_posay-20260215-3,2026-02-15,la_roche_posay,La Roche-Posay,reviews,5,"Great for sensitive skin, but can feel heavy mid-day.",,2026-03-20T07:15:23+00:00
seed-v3-moisturizer-20260215-0,2026-02-15,moisturizer,Moisturizer,reddit,3,"Not enough for winter, but good layering.",,2026-03-20T07:15:23+00:00
seed-v3-moisturizer-20260215-1,2026-02-15,moisturizer,Moisturizer,reviews,5,"Not enough for winter, but good layering.",,2026-03-20T07:15:23+00:00
seed-v3-neutrogena-20260215-0,2026-02-15,neutrogena,Neutrogena,reddit,3,Solid protection and easy to reapply.,,2026-03-20T07:15:23+00:00
seed-v3-neutrogena-20260215-1,2026-02-15,neutrogena,Neutrogena,reddit,3,Good value but a bit of white cast on deeper skin tones.,,2026-03-20T07:15:23+00:00
seed-v3-neutrogena-20260215-2,2026-02-15,neutrogena,Neutrogena,reviews,4,"Dry-touch finish, great for oily skin and acne-prone days.",,2026-03-20T07:15:23+00:00
seed-v3-neutrogena-20260215-3,2026-02-15,neutrogena,Neutrogena,news,2,Good value but a bit of white cast on deeper skin tones.,,2026-03-20T07:15:23+00:00
seed-v3-neutrogena-20260215-4,2026-02-15,neutrogena,Neutrogena,reviews,3,Good value but a bit of white cast on deeper skin tones.,,2026-03-20T07:15:23+00:00
seed-v3-neutrogena-20260215-5,2026-02-15,neutrogena,Neutrogena,news,3,Good value but a bit of white cast on deeper skin tones.,,2026-03-20T07:15:23+00:00
seed-v3-serum-20260215-0,2026-02-15,serum,Serum,news,4,Good results but expensive for quantity.,,2026-03-20T07:15:23+00:00
seed-v3-sunscreen-20260215-0,2026-02-15,sunscreen,Sunscreen,news,2,Decent protection but slightly greasy in humid weather.,,2026-03-20T07:15:23+00:00
seed-v3-sunscreen-20260215-1,2026-02-15,sunscreen,Sunscreen,reviews,5,Decent protection but slightly greasy in humid weather.,,2026-03-20T07:15:23+00:00
seed-v3-sunscreen-20260215-2,2026-02-15,sunscreen,Sunscreen,reviews,4,"Good daily SPF, absorbs quickly.",,2026-03-20T07:15:23+00:00
seed-v3-sunscreen-20260215-3,2026-02-15,sunscreen,Sunscreen,reddit,1,Caused irritation and felt heavy.,,2026-03-20T07:15:23+00:00
seed-v3-sunscreen-20260215-4,2026-02-15,sunscreen,Sunscreen,reviews,2,Caused irritation and felt heavy.,,2026-03-20T07:15:23+00:00
seed-v3-supergoop-20260215-0,2026-02-15,supergoop,Supergoop!,news,4,"No white cast, works like a primer with a soft glow.",,2026-03-20T07:15:23+00:00
seed-v3-supergoop-20260215-1,2026-02-15,supergoop,Supergoop!,reddit,1,"Too shiny on my skin, had to blot often.",,2026-03-20T07:15:23+00:00
seed-v3-supergoop-20260215-2,2026-02-15,supergoop,Supergoop!,reddit,4,"No white cast, works like a primer with a soft glow.",,2026-03-20T07:15:23+00:00
seed-v3-supergoop-20260215-3,2026-02-15,supergoop,Supergoop!,twitter,1,"Too shiny on my skin, had to blot often.",,2026-03-20T07:15:23+00:00
seed-v3-cerave-20260216-0,2026-02-16,cerave,CeraVe,news,4,"Works well, but the finish is a bit tacky.",,2026-03-20T07:15:23+00:00
seed-v3-cerave-20260216-1,2026-02-16,cerave,CeraVe,news,5,"Love the ceramides, great for winter skin.",,2026-03-20T07:15:23+00:00
seed-v3-cerave-20260216-2,2026-02-16,cerave,CeraVe,reviews,5,"Ceramides helped my dry skin, very gentle cleanser.",,2026-03-20T07:15:23+00:00
seed-v3-cerave-20260216-3,2026-02-16,cerave,CeraVe,reviews,3,"Stung around my nose, not for me.",,2026-03-20T07:15:23+00:00
seed-v3-cerave-20260216-4,2026-02-16,cerave,CeraVe,twitter,2,"Texture is okay, but it pills with sunscreen.",,2026-03-20T07:15:23+00:00
seed-v3-cleanser-20260216-0,2026-02-16,cleanser,Cleanser,reviews,5,Good everyday cleanser for oily skin.,,2026-03-20T07:15:23+00:00
seed-v3-cleanser-20260216-1,2026-02-16,cleanser,Cleanser,reviews,5,Cleans well without drying my skin.,,2026-03-20T07:15:23+00:00
seed-v3-la_roche_posay-20260216-0,2026-02-16,la_roche_posay,La Roche-Posay,reviews,2,"Did not work for my acne, caused clogged pores.",,2026-03-20T07:15:23+00:00
seed-v3-la_roche_posay-20260216-1,2026-02-16,la_roche_posay,La Roche-Posay,news,4,"A little greasy in humid weather, still effective.",,2026-03-20T07:15:23+00:00
seed-v3-la_roche_posay-20260216-2,2026-02-16,la_roche_posay,La Roche-Posay,reviews,5,Barrier repair feels solid but price is high.,,2026-03-20T07:15:23+00:00
seed-v3-la_roche_posay-20260216-3,2026-02-16,la_roche_posay,La Roche-Posay,reviews,5,"Great for sensitive skin, but can feel heavy mid-day.",,2026-03-20T07:15:23+00:00
seed-v3-la_roche_posay-20260216-4,2026-02-16,la_roche_posay,La Roche-Posay,reviews,3,"Did not work for my acne, caused clogged pores.",,2026-03-20T07:15:23+00:00
seed-v3-moisturizer-20260216-0,2026-02-16,moisturizer,Moisturizer,reddit,1,Too oily and caused breakouts.,,2026-03-20T07:15:23+00:00
seed-v3-moisturizer-20260216-1,2026-02-16,moisturizer,Moisturizer,twitter,3,Great value and smooth texture.,,2026-03-20T07:15:23+00:00
seed-v3-moisturizer-20260216-2,2026-02-16,moisturizer,Moisturizer,reddit,1,"Not enough for winter, but good layering.",,2026-03-20T07:15:23+00:00
seed-v3-moisturizer-20260216-3,2026-02-16,moisturizer,Moisturizer,reddit,3,"Not enough for winter, but good layering.",,2026-03-20T07:15:23+00:00
seed-v3-neutrogena-20260216-0,2026-02-16,neutrogena,Neutrogena,reddit,3,"Great for acne-prone skin, no breakouts so far.",,2026-03-20T07:15:23+00:00
seed-v3-neutrogena-20260216-1,2026-02-16,neutrogena,Neutrogena,twitter,3,"Works well for daily sunscreen, but can pill with moisturizer.",,2026-03-20T07:15:23+00:00
seed-v3-neutrogena-20260216-2,2026-02-16,neutrogena,Neutrogena,reddit,4,Solid protection and easy to reapply.,,2026-03-20T07:15:23+00:00
seed-v3-neutrogena-20260216-3,2026-02-16,neutrogena,Neutrogena,twitter,3,"Works well for daily sunscreen, but can pill with moisturizer.",,2026-03-20T07:15:23+00:00
seed-v3-neutrogena-20260216-4,2026-02-16,neutrogena,Neutrogena,twitter,4,"Great for acne-prone skin, no breakouts so far.",,2026-03-20T07:15:23+00:00
seed-v3-serum-20260216-0,2026-02-16,serum,Serum,news,2,No noticeable effect and caused redness.,,2026-03-20T07:15:23+00:00
seed-v3-sunscreen-20260216-0,2026-02-16,sunscreen,Sunscreen,news,2,"No white cast, but reapplication is messy on makeup.",,2026-03-20T07:15:23+00:00
seed-v3-sunscreen-20260216-1,2026-02-16,sunscreen,Sunscreen,news,2,Decent protection but slightly greasy in humid weather.,,2026-03-20T07:15:23+00:00
seed-v3-sunscreen-20260216-2,2026-02-16,sunscreen,Sunscreen,reviews,3,Caused irritation and felt heavy.,,2026-03-20T07:15:23+00:00
seed-v3-sunscreen-20260216-3,2026-02-16,sunscreen,Sunscreen,news,4,"Good daily SPF, absorbs quickly.",,2026-03-20T07:15:23+00:00
seed-v3-sunscreen-20260216-4,2026-02-16,sunscreen,Sunscreen,reddit,1,Decent protection but slightly greasy in humid weather.,,2026-03-20T07:15:23+00:00
seed-v3-sunscreen-20260216-5,2026-02-16,sunscreen,Sunscreen,reddit,1,Decent protection but slightly greasy in humid weather.,,2026-03-20T07:15:23+00:00
seed-v3-supergoop-20260216-0,2026-02-16,supergoop,Supergoop!,reviews,5,"Easy to reapply, but the scent is noticeable.",,2026-03-20T07:15:23+00:00
seed-v3-supergoop-20260216-1,2026-02-16,supergoop,Supergoop!,twitter,3,"No white cast, works like a primer with a soft glow.",,2026-03-20T07:15:23+00:00
seed-v3-cerave-20260217-0,2026-02-17,cerave,CeraVe,reviews,5,"Barrier feels stronger, less dryness overall.",,2026-03-20T07:15:23+00:00
seed-v3-cerave-20260217-1,2026-02-17,cerave,CeraVe,reviews,5,Good everyday hydration and fragrance-free.,,2026-03-20T07:15:23+00:00
seed-v3-cerave-20260217-2,2026-02-17,cerave,CeraVe,reviews,5,"Barrier feels stronger, less dryness overall.",,2026-03-20T07:15:23+00:00
seed-v3-cerave-20260217-3,2026-02-17,cerave,CeraVe,reviews,5,"Love the ceramides, great for winter skin.",,2026-03-20T07:15:23+00:00
seed-v3-cerave-20260217-4,2026-02-17,cerave,CeraVe,reviews,4,"Reliable and gentle, no irritation.",,2026-03-20T07:15:23+00:00
seed-v3-cerave-20260217-5,2026-02-17,cerave,CeraVe,reddit,1,"Stung around my nose, not for me.",,2026-03-20T07:15:23+00:00
seed-v3-cleanser-20260217-0,2026-02-17,cleanser,Cleanser,news,4,"Gentle, but struggled to remove sunscreen.",,2026-03-20T07:15:23+00:00
seed-v3-cleanser-20260217-1,2026-02-17,cleanser,Cleanser,twitter,1,Works okay but fragrance is strong.,,2026-03-20T07:15:23+00:00
seed-v3-la_roche_posay-20260217-0,2026-02-17,la_roche_posay,La Roche-Posay,twitter,2,"Broke me out after a week, had to stop.",,2026-03-20T07:15:23+00:00
seed-v3-la_roche_posay-20260217-1,2026-02-17,la_roche_posay,La Roche-Posay,news,5,"Helped my barrier, fewer irritations this week.",,2026-03-20T07:15:23+00:00
seed-v3-moisturizer-20260217-0,2026-02-17,moisturizer,Moisturizer,news,5,Absorbs fast and helps my dry patches.,,2026-03-20T07:15:23+00:00
seed-v3-moisturizer-20260217-1,2026-02-17,moisturizer,Moisturizer,reviews,4,"Not enough for winter, but good layering.",,2026-03-20T07:15:23+00:00
seed-v3-moisturizer-20260217-2,2026-02-17,moisturizer,Moisturizer,twitter,4,Great value and smooth texture.,,2026-03-20T07:15:23+00:00
seed-v3-moisturizer-20260217-3,2026-02-17,moisturizer,Moisturizer,reddit,4,Great value and smooth texture.,,2026-03-20T07:15:23+00:00
seed-v3-moisturizer-20260217-4,2026-02-17,moisturizer,Moisturizer,twitter,2,Great value and smooth texture.,,2026-03-20T07:15:23+00:00
seed-v3-neutrogena-20260217-0,2026-02-17,neutrogena,Neutrogena,reviews,5,Lightweight SPF that layers well under makeup.,,2026-03-20T07:15:23+00:00
seed-v3-neutrogena-20260217-1,2026-02-17,neutrogena,Neutrogena,twitter,4,"Great for acne-prone skin, no breakouts so far.",,2026-03-20T07:15:23+00:00
seed-v3-neutrogena-20260217-2,2026-02-17,neutrogena,Neutrogena,reddit,4,Lightweight SPF that layers well under makeup.,,2026-03-20T07:15:23+00:00
seed-v3-neutrogena-20260217-3,2026-02-17,neutrogena,Neutrogena,reviews,2,Irritated my skin and felt heavy by afternoon.,,2026-03-20T07:15:23+00:00
seed-v3-neutrogena-20260217-4,2026-02-17,neutrogena,Neutrogena,reviews,5,"Great for acne-prone skin, no breakouts so far.",,2026-03-20T07:15:23+00:00
seed-v3-neutrogena-20260217-5,2026-02-17,neutrogena,Neutrogena,twitter,4,Lightweight SPF that layers well under makeup.,,2026-03-20T07:15:23+00:00
seed-v3-neutrogena-20260217-6,2026-02-17,neutrogena,Neutrogena,reddit,1,Good value but a bit of white cast on deeper skin tones.,,2026-03-20T07:15:23+00:00
seed-v3-neutrogena-20260217-7,2026-02-17,neutrogena,Neutrogena,reviews,2,"Finish is matte, but stings around my eyes.",,2026-03-20T07:15:23+00:00
seed-v3-serum-20260217-0,2026-02-17,serum,Serum,reviews,5,Absorbs fast and works under makeup.,,2026-03-20T07:15:23+00:00
seed-v3-serum-20260217-1,2026-02-17,serum,Serum,reddit,3,Helped with dark spots over a few weeks.,,2026-03-20T07:15:23+00:00
seed-v3-serum-20260217-2,2026-02-17,serum,Serum,reviews,5,Improved texture and visible glow.,,2026-03-20T07:15:23+00:00
seed-v3-sunscreen-20260217-0,2026-02-17,sunscreen,Sunscreen,twitter,2,"Good daily SPF, absorbs quickly.",,2026-03-20T07:15:23+00:00
seed-v3-sunscreen-20260217-1,2026-02-17,sunscreen,Sunscreen,news,5,"Great for daily wear, feels weightless.",,2026-03-20T07:15:23+00:00
seed-v3-supergoop-20260217-0,2026-02-17,supergoop,Supergoop!,reddit,2,"Easy to reapply, but the scent is noticeable.",,2026-03-20T07:15:23+00:00
seed-v3-supergoop-20260217-1,2026-02-17,supergoop,Supergoop!,twitter,4,"No white cast, works like a primer with a soft glow.",,2026-03-20T07:15:23+00:00
seed-v3-supergoop-20260217-2,2026-02-17,supergoop,Supergoop!,reviews,5,"Easy to reapply, but the scent is noticeable.",,2026-03-20T07:15:23+00:00
seed-v3-cerave-20260218-0,2026-02-18,cerave,CeraVe,reviews,5,"Barrier feels stronger, less dryness overall.",,2026-03-20T07:15:23+00:00
seed-v3-cerave-20260218-1,2026-02-18,cerave,CeraVe,twitter,3,"Works well, but the finish is a bit tacky.",,2026-03-20T07:15:23+00:00
seed-v3-cerave-20260218-2,2026-02-18,cerave,CeraVe,reddit,2,Good everyday hydration and fragrance-free.,,2026-03-20T07:15:23+00:00
seed-v3-cerave-20260218-3,2026-02-18,cerave,CeraVe,twitter,2,"Stung around my nose, not for me.",,2026-03-20T07:15:23+00:00
seed-v3-cerave-20260218-4,2026-02-18,cerave,CeraVe,reviews,5,"Texture is okay, but it pills with sunscreen.",,2026-03-20T07:15:23+00:00
seed-v3-cleanser-20260218-0,2026-02-18,cleanser,Cleanser,reviews,3,Made my skin tight and itchy.,,2026-03-20T07:15:23+00:00
seed-v3-cleanser-20260218-1,2026-02-18,cleanser,Cleanser,twitter,3,Good everyday cleanser for oily skin.,,2026-03-20T07:15:23+00:00
seed-v3-cleanser-20260218-2,2026-02-18,cleanser,Cleanser,reviews,3,"Gentle, but struggled to remove sunscreen.",,2026-03-20T07:15:23+00:00
seed-v3-cleanser-20260218-3,2026-02-18,cleanser,Cleanser,news,3,Broke me out and felt harsh on my cheeks.,,2026-03-20T07:15:23+00:00
seed-v3-la_roche_posay-20260218-0,2026-02-18,la_roche_posay,La Roche-Posay,news,4,"Soothing for sensitive skin, texture feels premium.",,2026-03-20T07:15:23+00:00
seed-v3-la_roche_posay-20260218-1,2026-02-18,la_roche_posay,La Roche-Posay,news,4,"Soothing for sensitive skin, texture feels premium.",,2026-03-20T07:15:23+00:00
seed-v3-la_roche_posay-20260218-2,2026-02-18,la_roche_posay,La Roche-Posay,news,4,"Helped my barrier, fewer irritations this week.",,2026-03-20T07:15:23+00:00
seed-v3-la_roche_posay-20260218-3,2026-02-18,la_roche_posay,La Roche-Posay,reddit,4,Calms redness quickly and feels gentle.,,2026-03-20T07:15:23+00:00
seed-v3-la_roche_posay-20260218-4,2026-02-18,la_roche_posay,La Roche-Posay,news,3,"Broke me out after a week, had to stop.",,2026-03-20T07:15:23+00:00
seed-v3-moisturizer-20260218-0,2026-02-18,moisturizer,Moisturizer,reddit,3,"Not enough for winter, but good layering.",,2026-03-20T07:15:23+00:00
seed-v3-moisturizer-20260218-1,2026-02-18,moisturizer,Moisturizer,twitter,4,Hydrating and gentle for my sensitive skin.,,2026-03-20T07:15:23+00:00
seed-v3-moisturizer-20260218-2,2026-02-18,moisturizer,Moisturizer,news,4,Hydrating and gentle for my sensitive skin.,,2026-03-20T07:15:23+00:00
seed-v3-neutrogena-20260218-0,2026-02-18,neutrogena,Neutrogena,twitter,1,"Finish is matte, but stings around my eyes.",,2026-03-20T07:15:23+00:00
seed-v3-neutrogena-20260218-1,2026-02-18,neutrogena,Neutrogena,reddit,1,"Finish is matte, but stings around my eyes.",,2026-03-20T07:15:23+00:00
seed-v3-neutrogena-20260218-2,2026-02-18,neutrogena,Neutrogena,reddit,2,"Works well for daily sunscreen, but can pill with moisturizer.",,2026-03-20T07:15:23+00:00
seed-v3-neutrogena-20260218-3,2026-02-18,neutrogena,Neutrogena,news,2,"Finish is matte, but stings around my eyes.",,2026-03-20T07:15:23+00:00
seed-v3-neutrogena-20260218-4,2026-02-18,neutrogena,Neutrogena,reddit,2,Solid protection and easy to reapply.,,2026-03-20T07:15:23+00:00
seed-v3-neutrogena-20260218-5,2026-02-18,neutrogena,Neutrogena,twitter,1,Irritated my skin and felt heavy by afternoon.,,2026-03-20T07:15:23+00:00
seed-v3-neutrogena-20260218-6,2026-02-18,neutrogena,Neutrogena,news,5,"Dry-touch finish, great for oily skin and acne-prone days.",,2026-03-20T07:15:23+00:00
seed-v3-neutrogena-20260218-7,2026-02-18,neutrogena,Neutrogena,reddit,1,Irritated my skin and felt heavy by afternoon.,,2026-03-20T07:15:23+00:00
seed-v3-serum-20260218-0,2026-02-18,serum,Serum,news,5,Absorbs fast and works under makeup.,,2026-03-20T07:15:23+00:00
seed-v3-sunscreen-20260218-0,2026-02-18,sunscreen,Sunscreen,reviews,5,Decent protection but slightly greasy in humid weather.,,2026-03-20T07:15:23+00:00
seed-v3-sunscreen-20260218-1,2026-02-18,sunscreen,Sunscreen,reviews,5,"Good daily SPF, absorbs quickly.",,2026-03-20T07:15:23+00:00
seed-v3-supergoop-20260218-0,2026-02-18,supergoop,Supergoop!,reviews,4,"Finish looks nice, but feels oily after a few hours.",,2026-03-20T07:15:23+00:00
seed-v3-supergoop-20260218-1,2026-02-18,supergoop,Supergoop!,twitter,2,"Finish looks nice, but feels oily after a few hours.",,2026-03-20T07:15:23+00:00
seed-v3-supergoop-20260218-2,2026-02-18,supergoop,Supergoop!,twitter,4,"Easy to reapply, but the scent is noticeable.",,2026-03-20T07:15:23+00:00
seed-v3-supergoop-20260218-3,2026-02-18,supergoop,Supergoop!,reviews,4,"Good primer feel, but too expensive to repurchase.",,2026-03-20T07:15:23+00:00
seed-v3-cerave-20260219-0,2026-02-19,cerave,CeraVe,twitter,4,"Ceramides helped my dry skin, very gentle cleanser.",,2026-03-20T07:15:23+00:00
seed-v3-cerave-20260219-1,2026-02-19,cerave,CeraVe,reviews,5,"Barrier feels stronger, less dryness overall.",,2026-03-20T07:15:23+00:00
seed-v3-cerave-20260219-2,2026-02-19,cerave,CeraVe,news,5,"Barrier feels stronger, less dryness overall.",,2026-03-20T07:15:23+00:00
seed-v3-cerave-20260219-3,2026-02-19,cerave,CeraVe,reddit,1,"Texture is okay, but it pills with sunscreen.",,2026-03-20T07:15:23+00:00
seed-v3-cerave-20260219-4,2026-02-19,cerave,CeraVe,reddit,1,"Works well, but the finish is a bit tacky.",,2026-03-20T07:15:23+00:00
seed-v3-cleanser-20260219-0,2026-02-19,cleanser,Cleanser,reviews,3,Works okay but fragrance is strong.,,2026-03-20T07:15:23+00:00
seed-v3-cleanser-20260219-1,2026-02-19,cleanser,Cleanser,reviews,4,Works okay but fragrance is strong.,,2026-03-20T07:15:23+00:00
seed-v3-la_roche_posay-20260219-0,2026-02-19,la_roche_posay,La Roche-Posay,reddit,3,Barrier repair feels solid but price is high.,,2026-03-20T07:15:23+00:00
seed-v3-la_roche_posay-20260219-1,2026-02-19,la_roche_posay,La Roche-Posay,twitter,3,Calms redness quickly and feels gentle.,,2026-03-20T07:15:23+00:00
seed-v3-moisturizer-20260219-0,2026-02-19,moisturizer,Moisturizer,reddit,4,Hydrating and gentle for my sensitive skin.,,2026-03-20T07:15:23+00:00
seed-v3-moisturizer-20260219-1,2026-02-19,moisturizer,Moisturizer,reddit,2,"Not enough for winter, but good layering.",,2026-03-20T07:15:23+00:00
seed-v3-moisturizer-20260219-2,2026-02-19,moisturizer,Moisturizer,twitter,4,Absorbs fast and helps my dry patches.,,2026-03-20T07:15:23+00:00
seed-v3-moisturizer-20260219-3,2026-02-19,moisturizer,Moisturizer,reviews,5,Hydrating and gentle for my sensitive skin.,,2026-03-20T07:15:23+00:00
seed-v3-neutrogena-20260219-0,2026-02-19,neutrogena,Neutrogena,twitter,1,Good value but a bit of white cast on deeper skin tones.,,2026-03-20T07:15:23+00:00
seed-v3-neutrogena-20260219-1,2026-02-19,neutrogena,Neutrogena,reviews,4,"Dry-touch finish, great for oily skin and acne-prone days.",,2026-03-20T07:15:23+00:00
seed-v3-neutrogena-20260219-2,2026-02-19,neutrogena,Neutrogena,reddit,4,Lightweight SPF that layers well under makeup.,,2026-03-20T07:15:23+00:00
seed-v3-neutrogena-20260219-3,2026-02-19,neutrogena,Neutrogena,twitter,1,Irritated my skin and felt heavy by afternoon.,,2026-03-20T07:15:23+00:00
seed-v3-serum-20260219-0,2026-02-19,serum,Serum,twitter,3,Improved texture and visible glow.,,2026-03-20T07:15:23+00:00
seed-v3-sunscreen-20260219-0,2026-02-19,sunscreen,Sunscreen,reviews,5,Lightweight sunscreen and no white cast.,,2026-03-20T07:15:23+00:00
seed-v3-sunscreen-20260219-1,2026-02-19,sunscreen,Sunscreen,twitter,1,"No white cast, but reapplication is messy on makeup.",,2026-03-20T07:15:23+00:00
seed-v3-supergoop-20260219-0,2026-02-19,supergoop,Supergoop!,reviews,5,Nice finish but feels pricey for the size.,,2026-03-20T07:15:23+00:00
seed-v3-supergoop-20260219-1,2026-02-19,supergoop,Supergoop!,twitter,3,"No white cast, works like a primer with a soft glow.",,2026-03-20T07:15:23+00:00
seed-v3-supergoop-20260219-2,2026-02-19,supergoop,Supergoop!,twitter,3,Nice finish but feels pricey for the size.,,2026-03-20T07:15:23+00:00
seed-v3-supergoop-20260219-3,2026-02-19,supergoop,Supergoop!,reddit,3,"Finish looks nice, but feels oily after a few hours.",,2026-03-20T07:15:23+00:00
seed-v3-supergoop-20260219-4,2026-02-19,supergoop,Supergoop!,reviews,5,"Finish looks nice, but feels oily after a few hours.",,2026-03-20T07:15:23+00:00
seed-v3-cerave-20260220-0,2026-02-20,cerave,CeraVe,twitter,2,Good everyday hydration and fragrance-free.,,2026-03-20T07:15:23+00:00
seed-v3-cerave-20260220-1,2026-02-20,cerave,CeraVe,news,4,"Barrier feels stronger, less dryness overall.",,2026-03-20T07:15:23+00:00
seed-v3-cerave-20260220-2,2026-02-20,cerave,CeraVe,news,4,"Love the ceramides, great for winter skin.",,2026-03-20T07:15:23+00:00
seed-v3-cleanser-20260220-0,2026-02-20,cleanser,Cleanser,reviews,3,Works okay but fragrance is strong.,,2026-03-20T07:15:23+00:00
seed-v3-cleanser-20260220-1,2026-02-20,cleanser,Cleanser,twitter,2,"Gentle, but struggled to remove sunscreen.",,2026-03-20T07:15:23+00:00
seed-v3-cleanser-20260220-2,2026-02-20,cleanser,Cleanser,reddit,3,Cleans well without drying my skin.,,2026-03-20T07:15:23+00:00
seed-v3-cleanser-20260220-3,2026-02-20,cleanser,Cleanser,twitter,2,Works okay but fragrance is strong.,,2026-03-20T07:15:23+00:00
seed-v3-la_roche_posay-20260220-0,2026-02-20,la_roche_posay,La Roche-Posay,twitter,2,"Broke me out after a week, had to stop.",,2026-03-20T07:15:23+00:00
seed-v3-la_roche_posay-20260220-1,2026-02-20,la_roche_posay,La Roche-Posay,reviews,4,"Did not work for my acne, caused clogged pores.",,2026-03-20T07:15:23+00:00
seed-v3-moisturizer-20260220-0,2026-02-20,moisturizer,Moisturizer,reviews,5,Hydrating and gentle for my sensitive skin.,,2026-03-20T07:15:23+00:00
seed-v3-neutrogena-20260220-0,2026-02-20,neutrogena,Neutrogena,twitter,2,Irritated my skin and felt heavy by afternoon.,,2026-03-20T07:15:23+00:00
seed-v3-neutrogena-20260220-1,2026-02-20,neutrogena,Neutrogena,reddit,3,Solid protection and easy to reapply.,,2026-03-20T07:15:23+00:00
seed-v3-neutrogena-20260220-2,2026-02-20,neutrogena,Neutrogena,reddit,2,Irritated my skin and felt heavy by afternoon.,,2026-03-20T07:15:23+00:00
seed-v3-neutrogena-20260220-3,2026-02-20,neutrogena,Neutrogena,reviews,4,"Finish is matte, but stings around my eyes.",,2026-03-20T07:15:23+00:00
seed-v3-neutrogena-20260220-4,2026-02-20,neutrogena,Neutrogena,reddit,1,Irritated my skin and felt heavy by afternoon.,,2026-03-20T07:15:23+00:00
seed-v3-neutrogena-20260220-5,2026-02-20,neutrogena,Neutrogena,reddit,1,"Finish is matte, but stings around my eyes.",,2026-03-20T07:15:23+00:00
seed-v3-neutrogena-20260220-6,2026-02-20,neutrogena,Neutrogena,reddit,2,"Works well for daily sunscreen, but can pill with moisturizer.",,2026-03-20T07:15:23+00:00
seed-v3-serum-20260220-0,2026-02-20,serum,Serum,news,3,"Too strong for me, tingled a lot.",,2026-03-20T07:15:23+00:00
seed-v3-sunscreen-20260220-0,2026-02-20,sunscreen,Sunscreen,reddit,1,Caused irritation and felt heavy.,,2026-03-20T07:15:23+00:00
seed-v3-sunscreen-20260220-1,2026-02-20,sunscreen,Sunscreen,news,2,Decent protection but slightly greasy in humid weather.,,2026-03-20T07:15:23+00:00
seed-v3-sunscreen-20260220-2,2026-02-20,sunscreen,Sunscreen,news,2,Decent protection but slightly greasy in humid weather.,,2026-03-20T07:15:23+00:00
seed-v3-supergoop-20260220-0,2026-02-20,supergoop,Supergoop!,reviews,4,"Finish looks nice, but feels oily after a few hours.",,2026-03-20T07:15:23+00:00
seed-v3-supergoop-20260220-1,2026-02-20,supergoop,Supergoop!,reviews,4,"Great under makeup, but breaks me out sometimes.",,2026-03-20T07:15:23+00:00
seed-v3-supergoop-20260220-2,2026-02-20,supergoop,Supergoop!,twitter,3,"Good primer feel, but too expensive to repurchase.",,2026-03-20T07:15:23+00:00
seed-v3-supergoop-20260220-3,2026-02-20,supergoop,Supergoop!,twitter,1,"Too shiny on my skin, had to blot often.",,2026-03-20T07:15:23+00:00
seed-v3-supergoop-20260220-4,2026-02-20,supergoop,Supergoop!,reviews,5,"Finish looks nice, but feels oily after a few hours.",,2026-03-20T07:15:23+00:00
seed-v3-cerave-20260221-0,2026-02-21,cerave,CeraVe,twitter,2,"Works well, but the finish is a bit tacky.",,2026-03-20T07:15:23+00:00
seed-v3-cerave-20260221-1,2026-02-21,cerave,CeraVe,news,3,Good everyday hydration and fragrance-free.,,2026-03-20T07:15:23+00:00
seed-v3-cerave-20260221-2,2026-02-21,cerave,CeraVe,reddit,2,"Works well, but the finish is a bit tacky.",,2026-03-20T07:15:23+00:00
seed-v3-cleanser-20260221-0,2026-02-21,cleanser,Cleanser,reviews,4,Broke me out and felt harsh on my cheeks.,,2026-03-20T07:15:23+00:00
seed-v3-cleanser-20260221-1,2026-02-21,cleanser,Cleanser,reviews,4,Made my skin tight and itchy.,,2026-03-20T07:15:23+00:00
seed-v3-cleanser-20260221-2,2026-02-21,cleanser,Cleanser,reddit,1,Made my skin tight and itchy.,,2026-03-20T07:15:23+00:00
seed-v3-cleanser-20260221-3,2026-02-21,cleanser,Cleanser,reviews,5,Cleans well without drying my skin.,,2026-03-20T07:15:23+00:00
seed-v3-cleanser-20260221-4,2026-02-21,cleanser,Cleanser,news,4,"Gentle, but struggled to remove sunscreen.",,2026-03-20T07:15:23+00:00
seed-v3-la_roche_posay-20260221-0,2026-02-21,la_roche_posay,La Roche-Posay,twitter,4,Calms redness quickly and feels gentle.,,2026-03-20T07:15:23+00:00
seed-v3-la_roche_posay-20260221-1,2026-02-21,la_roche_posay,La Roche-Posay,news,3,Barrier repair feels solid but price is high.,,2026-03-20T07:15:23+00:00
seed-v3-la_roche_posay-20260221-2,2026-02-21,la_roche_posay,La Roche-Posay,reviews,5,"Soothing for sensitive skin, texture feels premium.",,2026-03-20T07:15:23+00:00
seed-v3-moisturizer-20260221-0,2026-02-21,moisturizer,Moisturizer,reviews,4,"Not enough for winter, but good layering.",,2026-03-20T07:15:23+00:00
seed-v3-moisturizer-20260221-1,2026-02-21,moisturizer,Moisturizer,reviews,3,Average hydration and a bit sticky.,,2026-03-20T07:15:23+00:00
seed-v3-moisturizer-20260221-2,2026-02-21,moisturizer,Moisturizer,news,3,"Not enough for winter, but good layering.",,2026-03-20T07:15:23+00:00
seed-v3-neutrogena-20260221-0,2026-02-21,neutrogena,Neutrogena,twitter,1,"Finish is matte, but stings around my eyes.",,2026-03-20T07:15:23+00:00
seed-v3-neutrogena-20260221-1,2026-02-21,neutrogena,Neutrogena,reddit,4,"Great for acne-prone skin, no breakouts so far.",,2026-03-20T07:15:23+00:00
seed-v3-neutrogena-20260221-2,2026-02-21,neutrogena,Neutrogena,reddit,4,Lightweight SPF that layers well under makeup.,,2026-03-20T07:15:23+00:00
seed-v3-neutrogena-20260221-3,2026-02-21,neutrogena,Neutrogena,news,4,"Great for acne-prone skin, no breakouts so far.",,2026-03-20T07:15:23+00:00
seed-v3-neutrogena-20260221-4,2026-02-21,neutrogena,Neutrogena,twitter,4,Lightweight SPF that layers well under makeup.,,2026-03-20T07:15:23+00:00
seed-v3-neutrogena-20260221-5,2026-02-21,neutrogena,Neutrogena,twitter,1,Irritated my skin and felt heavy by afternoon.,,2026-03-20T07:15:23+00:00
seed-v3-neutrogena-20260221-6,2026-02-21,neutrogena,Neutrogena,reddit,3,Solid protection and easy to reapply.,,2026-03-20T07:15:23+00:00
seed-v3-serum-20260221-0,2026-02-21,serum,Serum,twitter,2,"Too strong for me, tingled a lot.",,2026-03-20T07:15:23+00:00
seed-v3-serum-20260221-1,2026-02-21,serum,Serum,reviews,4,"Too strong for me, tingled a lot.",,2026-03-20T07:15:23+00:00
seed-v3-serum-20260221-2,2026-02-21,serum,Serum,reddit,2,No noticeable effect and caused redness.,,2026-03-20T07:15:23+00:00
seed-v3-serum-20260221-3,2026-02-21,serum,Serum,reddit,3,Helped with dark spots over a few weeks.,,2026-03-20T07:15:23+00:00
seed-v3-sunscreen-20260221-0,2026-02-21,sunscreen,Sunscreen,reviews,5,"No white cast, but reapplication is messy on makeup.",,2026-03-20T07:15:23+00:00
seed-v3-sunscreen-20260221-1,2026-02-21,sunscreen,Sunscreen,twitter,3,Lightweight sunscreen and no white cast.,,2026-03-20T07:15:23+00:00
seed-v3-sunscreen-20260221-2,2026-02-21,sunscreen,Sunscreen,reviews,4,"Good daily SPF, absorbs quickly.",,2026-03-20T07:15:23+00:00
seed-v3-sunscreen-20260221-3,2026-02-21,sunscreen,Sunscreen,reviews,5,Lightweight sunscreen and no white cast.,,2026-03-20T07:15:23+00:00
seed-v3-sunscreen-20260221-4,2026-02-21,sunscreen,Sunscreen,reviews,5,"Great for daily wear, feels weightless.",,2026-03-20T07:15:23+00:00
seed-v3-supergoop-20260221-0,2026-02-21,supergoop,Supergoop!,reddit,1,"Great under makeup, but breaks me out sometimes.",,2026-03-20T07:15:23+00:00
seed-v3-supergoop-20260221-1,2026-02-21,supergoop,Supergoop!,twitter,2,"Finish looks nice, but feels oily after a few hours.",,2026-03-20T07:15:23+00:00
seed-v3-supergoop-20260221-2,2026-02-21,supergoop,Supergoop!,twitter,1,"Too shiny on my skin, had to blot often.",,2026-03-20T07:15:23+00:00
seed-v3-supergoop-20260221-3,2026-02-21,supergoop,Supergoop!,reddit,2,"Easy to reapply, but the scent is noticeable.",,2026-03-20T07:15:23+00:00
seed-v3-cerave-20260222-0,2026-02-22,cerave,CeraVe,reviews,5,"Love the ceramides, great for winter skin.",,2026-03-20T07:15:23+00:00
seed-v3-cerave-20260222-1,2026-02-22,cerave,CeraVe,reddit,4,Good everyday hydration and fragrance-free.,,2026-03-20T07:15:23+00:00
seed-v3-cerave-20260222-2,2026-02-22,cerave,CeraVe,reviews,3,"Works well, but the finish is a bit tacky.",,2026-03-20T07:15:23+00:00
seed-v3-cerave-20260222-3,2026-02-22,cerave,CeraVe,reviews,4,Good everyday hydration and fragrance-free.,,2026-03-20T07:15:23+00:00
seed-v3-cerave-20260222-4,2026-02-22,cerave,CeraVe,reddit,4,"Ceramides helped my dry skin, very gentle cleanser.",,2026-03-20T07:15:23+00:00
seed-v3-cerave-20260222-5,2026-02-22,cerave,CeraVe,news,5,Good everyday hydration and fragrance-free.,,2026-03-20T07:15:23+00:00
seed-v3-cerave-20260222-6,2026-02-22,cerave,CeraVe,reddit,4,"Ceramides helped my dry skin, very gentle cleanser.",,2026-03-20T07:15:23+00:00
seed-v3-cleanser-20260222-0,2026-02-22,cleanser,Cleanser,reviews,5,"Gentle, but struggled to remove sunscreen.",,2026-03-20T07:15:23+00:00
seed-v3-cleanser-20260222-1,2026-02-22,cleanser,Cleanser,reviews,4,Broke me out and felt harsh on my cheeks.,,2026-03-20T07:15:23+00:00
seed-v3-cleanser-20260222-2,2026-02-22,cleanser,Cleanser,news,3,Made my skin tight and itchy.,,2026-03-20T07:15:23+00:00
seed-v3-la_roche_posay-20260222-0,2026-02-22,la_roche_posay,La Roche-Posay,reviews,5,"Helped my barrier, fewer irritations this week.",,2026-03-20T07:15:23+00:00
seed-v3-la_roche_posay-20260222-1,2026-02-22,la_roche_posay,La Roche-Posay,news,4,"Helped my barrier, fewer irritations this week.",,2026-03-20T07:15:23+00:00
seed-v3-la_roche_posay-20260222-2,2026-02-22,la_roche_posay,La Roche-Posay,news,2,"A little greasy in humid weather, still effective.",,2026-03-20T07:15:23+00:00
seed-v3-la_roche_posay-20260222-3,2026-02-22,la_roche_posay,La Roche-Posay,reviews,5,Calms redness quickly and feels gentle.,,2026-03-20T07:15:23+00:00
seed-v3-la_roche_posay-20260222-4,2026-02-22,la_roche_posay,La Roche-Posay,twitter,2,"Great for sensitive skin, but can feel heavy mid-day.",,2026-03-20T07:15:23+00:00
seed-v3-moisturizer-20260222-0,2026-02-22,moisturizer,Moisturizer,reviews,4,"Not enough for winter, but good layering.",,2026-03-20T07:15:23+00:00
seed-v3-moisturizer-20260222-1,2026-02-22,moisturizer,Moisturizer,reviews,4,Too oily and caused breakouts.,,2026-03-20T07:15:23+00:00
seed-v3-moisturizer-20260222-2,2026-02-22,moisturizer,Moisturizer,twitter,2,"Not enough for winter, but good layering.",,2026-03-20T07:15:23+00:00
seed-v3-neutrogena-20260222-0,2026-02-22,neutrogena,Neutrogena,reviews,2,Irritated my skin and felt heavy by afternoon.,,2026-03-20T07:15:23+00:00
seed-v3-neutrogena-20260222-1,2026-02-22,neutrogena,Neutrogena,reviews,4,Good value but a bit of white cast on deeper skin tones.,,2026-03-20T07:15:23+00:00
seed-v3-neutrogena-20260222-2,2026-02-22,neutrogena,Neutrogena,reviews,5,"Great for acne-prone skin, no breakouts so far.",,2026-03-20T07:15:23+00:00
seed-v3-neutrogena-20260222-3,2026-02-22,neutrogena,Neutrogena,reddit,4,Solid protection and easy to reapply.,,2026-03-20T07:15:23+00:00
seed-v3-neutrogena-20260222-4,2026-02-22,neutrogena,Neutrogena,reddit,4,Solid protection and easy to reapply.,,2026-03-20T07:15:23+00:00
seed-v3-neutrogena-20260222-5,2026-02-22,neutrogena,Neutrogena,reddit,3,"Dry-touch finish, great for oily skin and acne-prone days.",,2026-03-20T07:15:23+00:00
seed-v3-serum-20260222-0,2026-02-22,serum,Serum,reviews,4,"Too strong for me, tingled a lot.",,2026-03-20T07:15:23+00:00
seed-v3-sunscreen-20260222-0,2026-02-22,sunscreen,Sunscreen,twitter,4,"Great for daily wear, feels weightless.",,2026-03-20T07:15:23+00:00
seed-v3-sunscreen-20260222-1,2026-02-22,sunscreen,Sunscreen,reviews,5,"No white cast, but reapplication is messy on makeup.",,2026-03-20T07:15:23+00:00
seed-v3-sunscreen-20260222-2,2026-02-22,sunscreen,Sunscreen,twitter,1,Caused irritation and felt heavy.,,2026-03-20T07:15:23+00:00
seed-v3-sunscreen-20260222-3,2026-02-22,sunscreen,Sunscreen,twitter,1,"No white cast, but reapplication is messy on makeup.",,2026-03-20T07:15:23+00:00
seed-v3-supergoop-20260222-0,2026-02-22,supergoop,Supergoop!,reviews,3,"Finish looks nice, but feels oily after a few hours.",,2026-03-20T07:15:23+00:00
seed-v3-supergoop-20260222-1,2026-02-22,supergoop,Supergoop!,reddit,2,"Finish looks nice, but feels oily after a few hours.",,2026-03-20T07:15:23+00:00
seed-v3-supergoop-20260222-2,2026-02-22,supergoop,Supergoop!,twitter,3,Nice finish but feels pricey for the size.,,2026-03-20T07:15:23+00:00
seed-v3-supergoop-20260222-3,2026-02-22,supergoop,Supergoop!,reviews,4,"Too shiny on my skin, had to blot often.",,2026-03-20T07:15:23+00:00
seed-v3-supergoop-20260222-4,2026-02-22,supergoop,Supergoop!,reddit,1,"Too shiny on my skin, had to blot often.",,2026-03-20T07:15:23+00:00
seed-v3-cerave-20260223-0,2026-02-23,cerave,CeraVe,reddit,2,Good everyday hydration and fragrance-free.,,2026-03-20T07:15:23+00:00
seed-v3-cerave-20260223-1,2026-02-23,cerave,CeraVe,reviews,5,"Reliable and gentle, no irritation.",,2026-03-20T07:15:23+00:00
seed-v3-cerave-20260223-2,2026-02-23,cerave,CeraVe,reviews,5,"Ceramides helped my dry skin, very gentle cleanser.",,2026-03-20T07:15:23+00:00
seed-v3-cerave-20260223-3,2026-02-23,cerave,CeraVe,twitter,3,"Barrier feels stronger, less dryness overall.",,2026-03-20T07:15:23+00:00
seed-v3-cerave-20260223-4,2026-02-23,cerave,CeraVe,reddit,3,"Barrier feels stronger, less dryness overall.",,2026-03-20T07:15:23+00:00
seed-v3-cleanser-20260223-0,2026-02-23,cleanser,Cleanser,twitter,4,Good everyday cleanser for oily skin.,,2026-03-20T07:15:23+00:00
seed-v3-cleanser-20260223-1,2026-02-23,cleanser,Cleanser,reviews,3,"Gentle, but struggled to remove sunscreen.",,2026-03-20T07:15:23+00:00
seed-v3-cleanser-20260223-2,2026-02-23,cleanser,Cleanser,twitter,2,"Gentle, but struggled to remove sunscreen.",,2026-03-20T07:15:23+00:00
seed-v3-cleanser-20260223-3,2026-02-23,cleanser,Cleanser,news,2,Made my skin tight and itchy.,,2026-03-20T07:15:23+00:00
seed-v3-cleanser-20260223-4,2026-02-23,cleanser,Cleanser,reddit,3,Good everyday cleanser for oily skin.,,2026-03-20T07:15:23+00:00
seed-v3-la_roche_posay-20260223-0,2026-02-23,la_roche_posay,La Roche-Posay,twitter,3,Calms redness quickly and feels gentle.,,2026-03-20T07:15:23+00:00
seed-v3-la_roche_posay-20260223-1,2026-02-23,la_roche_posay,La Roche-Posay,reddit,1,"Did not work for my acne, caused clogged pores.",,2026-03-20T07:15:23+00:00
seed-v3-moisturizer-20260223-0,2026-02-23,moisturizer,Moisturizer,twitter,1,Too oily and caused breakouts.,,2026-03-20T07:15:23+00:00
seed-v3-moisturizer-20260223-1,2026-02-23,moisturizer,Moisturizer,twitter,2,Too oily and caused breakouts.,,2026-03-20T07:15:23+00:00
seed-v3-neutrogena-20260223-0,2026-02-23,neutrogena,Neutrogena,reviews,5,"Great for acne-prone skin, no breakouts so far.",,2026-03-20T07:15:23+00:00
seed-v3-neutrogena-20260223-1,2026-02-23,neutrogena,Neutrogena,reddit,4,Lightweight SPF that layers well under makeup.,,2026-03-20T07:15:23+00:00
seed-v3-neutrogena-20260223-2,2026-02-23,neutrogena,Neutrogena,reviews,2,Irritated my skin and felt heavy by afternoon.,,2026-03-20T07:15:23+00:00
seed-v3-neutrogena-20260223-3,2026-02-23,neutrogena,Neutrogena,reddit,3,"Dry-touch finish, great for oily skin and acne-prone days.",,2026-03-20T07:15:23+00:00
seed-v3-neutrogena-20260223-4,2026-02-23,neutrogena,Neutrogena,reddit,4,"Great for acne-prone skin, no breakouts so far.",,2026-03-20T07:15:23+00:00
seed-v3-serum-20260223-0,2026-02-23,serum,Serum,reddit,2,Absorbs fast and works under makeup.,,2026-03-20T07:15:23+00:00
seed-v3-serum-20260223-1,2026-02-23,serum,Serum,reddit,2,No noticeable effect and caused redness.,,2026-03-20T07:15:23+00:00
seed-v3-sunscreen-20260223-0,2026-02-23,sunscreen,Sunscreen,twitter,3,Decent protection but slightly greasy in humid weather.,,2026-03-20T07:15:23+00:00
seed-v3-sunscreen-20260223-1,2026-02-23,sunscreen,Sunscreen,reviews,4,"No white cast, but reapplication is messy on makeup.",,2026-03-20T07:15:23+00:00
seed-v3-sunscreen-20260223-2,2026-02-23,sunscreen,Sunscreen,reviews,3,Caused irritation and felt heavy.,,2026-03-20T07:15:23+00:00
seed-v3-supergoop-20260223-0,2026-02-23,supergoop,Supergoop!,twitter,1,"Too shiny on my skin, had to blot often.",,2026-03-20T07:15:23+00:00
seed-v3-cerave-20260224-0,2026-02-24,cerave,CeraVe,twitter,2,"Stung around my nose, not for me.",,2026-03-20T07:15:23+00:00
seed-v3-cerave-20260224-1,2026-02-24,cerave,CeraVe,reviews,5,"Love the ceramides, great for winter skin.",,2026-03-20T07:15:23+00:00
seed-v3-cerave-20260224-2,2026-02-24,cerave,CeraVe,reviews,5,Good everyday hydration and fragrance-free.,,2026-03-20T07:15:23+00:00
seed-v3-cerave-20260224-3,2026-02-24,cerave,CeraVe,reddit,2,Good everyday hydration and fragrance-free.,,2026-03-20T07:15:23+00:00
seed-v3-cleanser-20260224-0,2026-02-24,cleanser,Cleanser,reddit,1,Broke me out and felt harsh on my cheeks.,,2026-03-20T07:15:23+00:00
seed-v3-cleanser-20260224-1,2026-02-24,cleanser,Cleanser,reddit,3,Cleans well without drying my skin.,,2026-03-20T07:15:23+00:00
seed-v3-cleanser-20260224-2,2026-02-24,cleanser,Cleanser,reddit,3,Cleans well without drying my skin.,,2026-03-20T07:15:23+00:00
seed-v3-cleanser-20260224-3,2026-02-24,cleanser,Cleanser,reddit,3,Works okay but fragrance is strong.,,2026-03-20T07:15:23+00:00
seed-v3-cleanser-20260224-4,2026-02-24,cleanser,Cleanser,twitter,3,"Gentle, but struggled to remove sunscreen.",,2026-03-20T07:15:23+00:00
seed-v3-la_roche_posay-20260224-0,2026-02-24,la_roche_posay,La Roche-Posay,reviews,3,"Broke me out after a week, had to stop.",,2026-03-20T07:15:23+00:00
seed-v3-la_roche_posay-20260224-1,2026-02-24,la_roche_posay,La Roche-Posay,twitter,3,Barrier repair feels solid but price is high.,,2026-03-20T07:15:23+00:00
seed-v3-moisturizer-20260224-0,2026-02-24,moisturizer,Moisturizer,reviews,4,Average hydration and a bit sticky.,,2026-03-20T07:15:23+00:00
seed-v3-moisturizer-20260224-1,2026-02-24,moisturizer,Moisturizer,reviews,4,Average hydration and a bit sticky.,,2026-03-20T07:15:23+00:00
seed-v3-moisturizer-20260224-2,2026-02-24,moisturizer,Moisturizer,reviews,4,Great value and smooth texture.,,2026-03-20T07:15:23+00:00
seed-v3-neutrogena-20260224-0,2026-02-24,neutrogena,Neutrogena,twitter,3,"Dry-touch finish, great for oily skin and acne-prone days.",,2026-03-20T07:15:23+00:00
seed-v3-neutrogena-20260224-1,2026-02-24,neutrogena,Neutrogena,reddit,1,"Finish is matte, but stings around my eyes.",,2026-03-20T07:15:23+00:00
seed-v3-neutrogena-20260224-2,2026-02-24,neutrogena,Neutrogena,reviews,5,Lightweight SPF that layers well under makeup.,,2026-03-20T07:15:23+00:00
seed-v3-neutrogena-20260224-3,2026-02-24,neutrogena,Neutrogena,twitter,1,"Finish is matte, but stings around my eyes.",,2026-03-20T07:15:23+00:00
seed-v3-neutrogena-20260224-4,2026-02-24,neutrogena,Neutrogena,twitter,1,"Finish is matte, but stings around my eyes.",,2026-03-20T07:15:23+00:00
seed-v3-neutrogena-20260224-5,2026-02-24,neutrogena,Neutrogena,reddit,3,"Dry-touch finish, great for oily skin and acne-prone days.",,2026-03-20T07:15:23+00:00
seed-v3-neutrogena-20260224-6,2026-02-24,neutrogena,Neutrogena,reddit,4,"Dry-touch finish, great for oily skin and acne-prone days.",,2026-03-20T07:15:23+00:00
seed-v3-serum-20260224-0,2026-02-24,serum,Serum,news,4,Helped with dark spots over a few weeks.,,2026-03-20T07:15:23+00:00
seed-v3-sunscreen-20260224-0,2026-02-24,sunscreen,Sunscreen,reddit,1,Caused irritation and felt heavy.,,2026-03-20T07:15:23+00:00
seed-v3-sunscreen-20260224-1,2026-02-24,sunscreen,Sunscreen,reddit,3,"Great for daily wear, feels weightless.",,2026-03-20T07:15:23+00:00
seed-v3-sunscreen-20260224-2,2026-02-24,sunscreen,Sunscreen,reviews,5,"Good daily SPF, absorbs quickly.",,2026-03-20T07:15:23+00:00
seed-v3-sunscreen-20260224-3,2026-02-24,sunscreen,Sunscreen,twitter,4,"Great for daily wear, feels weightless.",,2026-03-20T07:15:23+00:00
seed-v3-supergoop-20260224-0,2026-02-24,supergoop,Supergoop!,twitter,2,"Easy to reapply, but the scent is noticeable.",,2026-03-20T07:15:23+00:00
seed-v3-supergoop-20260224-1,2026-02-24,supergoop,Supergoop!,reddit,4,"No white cast, works like a primer with a soft glow.",,2026-03-20T07:15:23+00:00
seed-v3-supergoop-20260224-2,2026-02-24,supergoop,Supergoop!,news,4,"Finish looks nice, but feels oily after a few hours.",,2026-03-20T07:15:23+00:00
seed-v3-supergoop-20260224-3,2026-02-24,supergoop,Supergoop!,news,4,"Finish looks nice, but feels oily after a few hours.",,2026-03-20T07:15:23+00:00
seed-v3-supergoop-20260224-4,2026-02-24,supergoop,Supergoop!,reviews,5,"Love the glow, but wish it was less fragranced.",,2026-03-20T07:15:23+00:00
seed-v3-cerave-20260225-0,2026-02-25,cerave,CeraVe,reviews,5,"Love the ceramides, great for winter skin.",,2026-03-20T07:15:23+00:00
seed-v3-cerave-20260225-1,2026-02-25,cerave,CeraVe,reviews,5,"Ceramides helped my dry skin, very gentle cleanser.",,2026-03-20T07:15:23+00:00
seed-v3-cerave-20260225-2,2026-02-25,cerave,CeraVe,reviews,5,"Ceramides helped my dry skin, very gentle cleanser.",,2026-03-20T07:15:23+00:00
seed-v3-cerave-20260225-3,2026-02-25,cerave,CeraVe,reddit,4,"Barrier feels stronger, less dryness overall.",,2026-03-20T07:15:23+00:00
seed-v3-cleanser-20260225-0,2026-02-25,cleanser,Cleanser,reviews,4,Made my skin tight and itchy.,,2026-03-20T07:15:23+00:00
seed-v3-cleanser-20260225-1,2026-02-25,cleanser,Cleanser,reddit,2,Broke me out and felt harsh on my cheeks.,,2026-03-20T07:15:23+00:00
seed-v3-cleanser-20260225-2,2026-02-25,cleanser,Cleanser,twitter,1,Broke me out and felt harsh on my cheeks.,,2026-03-20T07:15:23+00:00
seed-v3-cleanser-20260225-3,2026-02-25,cleanser,Cleanser,reddit,2,Works okay but fragrance is strong.,,2026-03-20T07:15:23+00:00
seed-v3-cleanser-20260225-4,2026-02-25,cleanser,Cleanser,news,2,Made my skin tight and itchy.,,2026-03-20T07:15:23+00:00
seed-v3-la_roche_posay-20260225-0,2026-02-25,la_roche_posay,La Roche-Posay,twitter,3,"Helped my barrier, fewer irritations this week.",,2026-03-20T07:15:23+00:00
seed-v3-la_roche_posay-20260225-1,2026-02-25,la_roche_posay,La Roche-Posay,reviews,3,"Broke me out after a week, had to stop.",,2026-03-20T07:15:23+00:00
seed-v3-la_roche_posay-20260225-2,2026-02-25,la_roche_posay,La Roche-Posay,reddit,1,"Did not work for my acne, caused clogged pores.",,2026-03-20T07:15:23+00:00
seed-v3-moisturizer-20260225-0,2026-02-25,moisturizer,Moisturizer,reviews,3,"Not enough for winter, but good layering.",,2026-03-20T07:15:23+00:00
seed-v3-moisturizer-20260225-1,2026-02-25,moisturizer,Moisturizer,twitter,1,"Not enough for winter, but good layering.",,2026-03-20T07:15:23+00:00
seed-v3-moisturizer-20260225-2,2026-02-25,moisturizer,Moisturizer,twitter,3,Average hydration and a bit sticky.,,2026-03-20T07:15:23+00:00
seed-v3-moisturizer-20260225-3,2026-02-25,moisturizer,Moisturizer,news,3,Too oily and caused breakouts.,,2026-03-20T07:15:23+00:00
seed-v3-moisturizer-20260225-4,2026-02-25,moisturizer,Moisturizer,reddit,3,Hydrating and gentle for my sensitive skin.,,2026-03-20T07:15:23+00:00
seed-v3-neutrogena-20260225-0,2026-02-25,neutrogena,Neutrogena,reviews,4,Solid protection and easy to reapply.,,2026-03-20T07:15:23+00:00
seed-v3-neutrogena-20260225-1,2026-02-25,neutrogena,Neutrogena,reddit,3,Good value but a bit of white cast on deeper skin tones.,,2026-03-20T07:15:23+00:00
seed-v3-neutrogena-20260225-2,2026-02-25,neutrogena,Neutrogena,reddit,3,Good value but a bit of white cast on deeper skin tones.,,2026-03-20T07:15:23+00:00
seed-v3-neutrogena-20260225-3,2026-02-25,neutrogena,Neutrogena,twitter,1,"Finish is matte, but stings around my eyes.",,2026-03-20T07:15:23+00:00
seed-v3-neutrogena-20260225-4,2026-02-25,neutrogena,Neutrogena,news,2,"Works well for daily sunscreen, but can pill with moisturizer.",,2026-03-20T07:15:23+00:00
seed-v3-neutrogena-20260225-5,2026-02-25,neutrogena,Neutrogena,reddit,4,Lightweight SPF that layers well under makeup.,,2026-03-20T07:15:23+00:00
seed-v3-neutrogena-20260225-6,2026-02-25,neutrogena,Neutrogena,news,1,"Finish is matte, but stings around my eyes.",,2026-03-20T07:15:23+00:00
seed-v3-neutrogena-20260225-7,2026-02-25,neutrogena,Neutrogena,reddit,2,Irritated my skin and felt heavy by afternoon.,,2026-03-20T07:15:23+00:00
seed-v3-serum-20260225-0,2026-02-25,serum,Serum,reddit,3,Good results but expensive for quantity.,,2026-03-20T07:15:23+00:00
seed-v3-sunscreen-20260225-0,2026-02-25,sunscreen,Sunscreen,reddit,4,"Good daily SPF, absorbs quickly.",,2026-03-20T07:15:23+00:00
seed-v3-sunscreen-20260225-1,2026-02-25,sunscreen,Sunscreen,reviews,2,Caused irritation and felt heavy.,,2026-03-20T07:15:23+00:00
seed-v3-sunscreen-20260225-2,2026-02-25,sunscreen,Sunscreen,twitter,2,"Good daily SPF, absorbs quickly.",,2026-03-20T07:15:23+00:00
seed-v3-sunscreen-20260225-3,2026-02-25,sunscreen,Sunscreen,twitter,1,Caused irritation and felt heavy.,,2026-03-20T07:15:23+00:00
seed-v3-sunscreen-20260225-4,2026-02-25,sunscreen,Sunscreen,news,2,"No white cast, but reapplication is messy on makeup.",,2026-03-20T07:15:23+00:00
seed-v3-sunscreen-20260225-5,2026-02-25,sunscreen,Sunscreen,reviews,4,"No white cast, but reapplication is messy on makeup.",,2026-03-20T07:15:23+00:00
seed-v3-supergoop-20260225-0,2026-02-25,supergoop,Supergoop!,reddit,1,"Too shiny on my skin, had to blot often.",,2026-03-20T07:15:23+00:00
seed-v3-supergoop-20260225-1,2026-02-25,supergoop,Supergoop!,reddit,3,"Good primer feel, but too expensive to repurchase.",,2026-03-20T07:15:23+00:00
seed-v3-supergoop-20260225-2,2026-02-25,supergoop,Supergoop!,reviews,5,"Easy to reapply, but the scent is noticeable.",,2026-03-20T07:15:23+00:00
seed-v3-cerave-20260226-0,2026-02-26,cerave,CeraVe,news,4,"Ceramides helped my dry skin, very gentle cleanser.",,2026-03-20T07:15:23+00:00
seed-v3-cerave-20260226-1,2026-02-26,cerave,CeraVe,news,4,"Barrier feels stronger, less dryness overall.",,2026-03-20T07:15:23+00:00
seed-v3-cerave-20260226-2,2026-02-26,cerave,CeraVe,reviews,4,"Reliable and gentle, no irritation.",,2026-03-20T07:15:23+00:00
seed-v3-cerave-20260226-3,2026-02-26,cerave,CeraVe,twitter,4,"Barrier feels stronger, less dryness overall.",,2026-03-20T07:15:23+00:00
seed-v3-cerave-20260226-4,2026-02-26,cerave,CeraVe,news,5,"Ceramides helped my dry skin, very gentle cleanser.",,2026-03-20T07:15:23+00:00
seed-v3-cleanser-20260226-0,2026-02-26,cleanser,Cleanser,twitter,1,Made my skin tight and itchy.,,2026-03-20T07:15:23+00:00
seed-v3-cleanser-20260226-1,2026-02-26,cleanser,Cleanser,twitter,2,Good everyday cleanser for oily skin.,,2026-03-20T07:15:23+00:00
seed-v3-cleanser-20260226-2,2026-02-26,cleanser,Cleanser,reviews,4,Broke me out and felt harsh on my cheeks.,,2026-03-20T07:15:23+00:00
seed-v3-cleanser-20260226-3,2026-02-26,cleanser,Cleanser,reviews,2,Broke me out and felt harsh on my cheeks.,,2026-03-20T07:15:23+00:00
seed-v3-cleanser-20260226-4,2026-02-26,cleanser,Cleanser,reviews,5,Good everyday cleanser for oily skin.,,2026-03-20T07:15:23+00:00
seed-v3-la_roche_posay-20260226-0,2026-02-26,la_roche_posay,La Roche-Posay,reddit,1,"Broke me out after a week, had to stop.",,2026-03-20T07:15:23+00:00
seed-v3-la_roche_posay-20260226-1,2026-02-26,la_roche_posay,La Roche-Posay,news,5,"Helped my barrier, fewer irritations this week.",,2026-03-20T07:15:23+00:00
seed-v3-la_roche_posay-20260226-2,2026-02-26,la_roche_posay,La Roche-Posay,reviews,2,"Broke me out after a week, had to stop.",,2026-03-20T07:15:23+00:00
seed-v3-la_roche_posay-20260226-3,2026-02-26,la_roche_posay,La Roche-Posay,twitter,2,"Did not work for my acne, caused clogged pores.",,2026-03-20T07:15:23+00:00
seed-v3-la_roche_posay-20260226-4,2026-02-26,la_roche_posay,La Roche-Posay,twitter,1,"A little greasy in humid weather, still effective.",,2026-03-20T07:15:23+00:00
seed-v3-la_roche_posay-20260226-5,2026-02-26,la_roche_posay,La Roche-Posay,twitter,3,Calms redness quickly and feels gentle.,,2026-03-20T07:15:23+00:00
seed-v3-moisturizer-20260226-0,2026-02-26,moisturizer,Moisturizer,reviews,5,Absorbs fast and helps my dry patches.,,2026-03-20T07:15:23+00:00
seed-v3-moisturizer-20260226-1,2026-02-26,moisturizer,Moisturizer,reddit,1,Too oily and caused breakouts.,,2026-03-20T07:15:23+00:00
seed-v3-neutrogena-20260226-0,2026-02-26,neutrogena,Neutrogena,reddit,2,Good value but a bit of white cast on deeper skin tones.,,2026-03-20T07:15:23+00:00
seed-v3-neutrogena-20260226-1,2026-02-26,neutrogena,Neutrogena,twitter,1,Good value but a bit of white cast on deeper skin tones.,,2026-03-20T07:15:23+00:00
seed-v3-neutrogena-20260226-2,2026-02-26,neutrogena,Neutrogena,twitter,1,Good value but a bit of white cast on deeper skin tones.,,2026-03-20T07:15:23+00:00
seed-v3-neutrogena-20260226-3,2026-02-26,neutrogena,Neutrogena,reviews,5,Good value but a bit of white cast on deeper skin tones.,,2026-03-20T07:15:23+00:00
seed-v3-neutrogena-20260226-4,2026-02-26,neutrogena,Neutrogena,reviews,2,"Finish is matte, but stings around my eyes.",,2026-03-20T07:15:23+00:00
seed-v3-neutrogena-20260226-5,2026-02-26,neutrogena,Neutrogena,news,3,"Finish is matte, but stings around my eyes.",,2026-03-20T07:15:23+00:00
seed-v3-neutrogena-20260226-6,2026-02-26,neutrogena,Neutrogena,reddit,4,"Dry-touch finish, great for oily skin and acne-prone days.",,2026-03-20T07:15:23+00:00
seed-v3-serum-20260226-0,2026-02-26,serum,Serum,reviews,4,No noticeable effect and caused redness.,,2026-03-20T07:15:23+00:00
seed-v3-serum-20260226-1,2026-02-26,serum,Serum,reviews,5,Good results but expensive for quantity.,,2026-03-20T07:15:23+00:00
seed-v3-serum-20260226-2,2026-02-26,serum,Serum,reddit,2,Helped with dark spots over a few weeks.,,2026-03-20T07:15:23+00:00
seed-v3-serum-20260226-3,2026-02-26,serum,Serum,reviews,4,"Too strong for me, tingled a lot.",,2026-03-20T07:15:23+00:00
seed-v3-sunscreen-20260226-0,2026-02-26,sunscreen,Sunscreen,reviews,2,Caused irritation and felt heavy.,,2026-03-20T07:15:23+00:00
seed-v3-sunscreen-20260226-1,2026-02-26,sunscreen,Sunscreen,reviews,5,Lightweight sunscreen and no white cast.,,2026-03-20T07:15:23+00:00
seed-v3-supergoop-20260226-0,2026-02-26,supergoop,Supergoop!,reddit,1,Nice finish but feels pricey for the size.,,2026-03-20T07:15:23+00:00
seed-v3-supergoop-20260226-1,2026-02-26,supergoop,Supergoop!,reviews,5,"No white cast, works like a primer with a soft glow.",,2026-03-20T07:15:23+00:00
seed-v3-supergoop-20260226-2,2026-02-26,supergoop,Supergoop!,twitter,1,Nice finish but feels pricey for the size.,,2026-03-20T07:15:23+00:00
seed-v3-supergoop-20260226-3,2026-02-26,supergoop,Supergoop!,twitter,1,"Great under makeup, but breaks me out sometimes.",,2026-03-20T07:15:23+00:00
seed-v3-cerave-20260227-0,2026-02-27,cerave,CeraVe,twitter,1,"Stung around my nose, not for me.",,2026-03-20T07:15:23+00:00
seed-v3-cerave-20260227-1,2026-02-27,cerave,CeraVe,reviews,5,"Texture is okay, but it pills with sunscreen.",,2026-03-20T07:15:23+00:00
seed-v3-cerave-20260227-2,2026-02-27,cerave,CeraVe,twitter,4,"Love the ceramides, great for winter skin.",,2026-03-20T07:15:23+00:00
seed-v3-cerave-20260227-3,2026-02-27,cerave,CeraVe,reddit,4,"Ceramides helped my dry skin, very gentle cleanser.",,2026-03-20T07:15:23+00:00
seed-v3-cerave-20260227-4,2026-02-27,cerave,CeraVe,reviews,5,"Texture is okay, but it pills with sunscreen.",,2026-03-20T07:15:23+00:00
seed-v3-cleanser-20260227-0,2026-02-27,cleanser,Cleanser,twitter,1,Made my skin tight and itchy.,,2026-03-20T07:15:23+00:00
seed-v3-cleanser-20260227-1,2026-02-27,cleanser,Cleanser,twitter,3,Cleans well without drying my skin.,,2026-03-20T07:15:23+00:00
seed-v3-la_roche_posay-20260227-0,2026-02-27,la_roche_posay,La Roche-Posay,reviews,5,Barrier repair feels solid but price is high.,,2026-03-20T07:15:23+00:00
seed-v3-la_roche_posay-20260227-1,2026-02-27,la_roche_posay,La Roche-Posay,reddit,1,"Did not work for my acne, caused clogged pores.",,2026-03-20T07:15:23+00:00
seed-v3-moisturizer-20260227-0,2026-02-27,moisturizer,Moisturizer,twitter,3,Great value and smooth texture.,,2026-03-20T07:15:23+00:00
seed-v3-moisturizer-20260227-1,2026-02-27,moisturizer,Moisturizer,reviews,4,Average hydration and a bit sticky.,,2026-03-20T07:15:23+00:00
seed-v3-moisturizer-20260227-2,2026-02-27,moisturizer,Moisturizer,reviews,5,Hydrating and gentle for my sensitive skin.,,2026-03-20T07:15:23+00:00
seed-v3-moisturizer-20260227-3,2026-02-27,moisturizer,Moisturizer,reddit,4,Absorbs fast and helps my dry patches.,,2026-03-20T07:15:23+00:00
seed-v3-neutrogena-20260227-0,2026-02-27,neutrogena,Neutrogena,reddit,2,"Works well for daily sunscreen, but can pill with moisturizer.",,2026-03-20T07:15:23+00:00
seed-v3-neutrogena-20260227-1,2026-02-27,neutrogena,Neutrogena,twitter,2,"Works well for daily sunscreen, but can pill with moisturizer.",,2026-03-20T07:15:23+00:00
seed-v3-neutrogena-20260227-2,2026-02-27,neutrogena,Neutrogena,twitter,2,"Works well for daily sunscreen, but can pill with moisturizer.",,2026-03-20T07:15:23+00:00
seed-v3-neutrogena-20260227-3,2026-02-27,neutrogena,Neutrogena,twitter,4,Lightweight SPF that layers well under makeup.,,2026-03-20T07:15:23+00:00
seed-v3-neutrogena-20260227-4,2026-02-27,neutrogena,Neutrogena,twitter,3,Solid protection and easy to reapply.,,2026-03-20T07:15:23+00:00
seed-v3-neutrogena-20260227-5,2026-02-27,neutrogena,Neutrogena,news,3,Solid protection and easy to reapply.,,2026-03-20T07:15:23+00:00
seed-v3-neutrogena-20260227-6,2026-02-27,neutrogena,Neutrogena,reddit,2,Solid protection and easy to reapply.,,2026-03-20T07:15:23+00:00
seed-v3-neutrogena-20260227-7,2026-02-27,neutrogena,Neutrogena,twitter,4,Lightweight SPF that layers well under makeup.,,2026-03-20T07:15:23+00:00
seed-v3-neutrogena-20260227-8,2026-02-27,neutrogena,Neutrogena,reddit,1,"Finish is matte, but stings around my eyes.",,2026-03-20T07:15:23+00:00
seed-v3-serum-20260227-0,2026-02-27,serum,Serum,reddit,1,"Too strong for me, tingled a lot.",,2026-03-20T07:15:23+00:00
seed-v3-sunscreen-20260227-0,2026-02-27,sunscreen,Sunscreen,reviews,3,Decent protection but slightly greasy in humid weather.,,2026-03-20T07:15:23+00:00
seed-v3-sunscreen-20260227-1,2026-02-27,sunscreen,Sunscreen,reddit,2,"No white cast, but reapplication is messy on makeup.",,2026-03-20T07:15:23+00:00
seed-v3-sunscreen-20260227-2,2026-02-27,sunscreen,Sunscreen,reviews,5,Decent protection but slightly greasy in humid weather.,,2026-03-20T07:15:23+00:00
seed-v3-sunscreen-20260227-3,2026-02-27,sunscreen,Sunscreen,reddit,2,Decent protection but slightly greasy in humid weather.,,2026-03-20T07:15:23+00:00
seed-v3-sunscreen-20260227-4,2026-02-27,sunscreen,Sunscreen,reviews,5,Lightweight sunscreen and no white cast.,,2026-03-20T07:15:23+00:00
seed-v3-supergoop-20260227-0,2026-02-27,supergoop,Supergoop!,twitter,4,"No white cast, works like a primer with a soft glow.",,2026-03-20T07:15:23+00:00
seed-v3-supergoop-20260227-1,2026-02-27,supergoop,Supergoop!,news,4,"Easy to reapply, but the scent is noticeable.",,2026-03-20T07:15:23+00:00
seed-v3-supergoop-20260227-2,2026-02-27,supergoop,Supergoop!,reddit,3,"Finish looks nice, but feels oily after a few hours.",,2026-03-20T07:15:23+00:00
seed-v3-cerave-20260228-0,2026-02-28,cerave,CeraVe,reviews,5,Good everyday hydration and fragrance-free.,,2026-03-20T07:15:23+00:00
seed-v3-cerave-20260228-1,2026-02-28,cerave,CeraVe,reddit,2,"Works well, but the finish is a bit tacky.",,2026-03-20T07:15:23+00:00
seed-v3-cerave-20260228-2,2026-02-28,cerave,CeraVe,reviews,5,"Ceramides helped my dry skin, very gentle cleanser.",,2026-03-20T07:15:23+00:00
seed-v3-cerave-20260228-3,2026-02-28,cerave,CeraVe,reviews,5,Good everyday hydration and fragrance-free.,,2026-03-20T07:15:23+00:00
seed-v3-cerave-20260228-4,2026-02-28,cerave,CeraVe,news,3,"Texture is okay, but it pills with sunscreen.",,2026-03-20T07:15:23+00:00
seed-v3-cerave-20260228-5,2026-02-28,cerave,CeraVe,twitter,2,"Texture is okay, but it pills with sunscreen.",,2026-03-20T07:15:23+00:00
seed-v3-cleanser-20260228-0,2026-02-28,cleanser,Cleanser,news,5,Cleans well without drying my skin.,,2026-03-20T07:15:23+00:00
seed-v3-la_roche_posay-20260228-0,2026-02-28,la_roche_posay,La Roche-Posay,twitter,3,Barrier repair feels solid but price is high.,,2026-03-20T07:15:23+00:00
seed-v3-la_roche_posay-20260228-1,2026-02-28,la_roche_posay,La Roche-Posay,news,4,"Helped my barrier, fewer irritations this week.",,2026-03-20T07:15:23+00:00
seed-v3-la_roche_posay-20260228-2,2026-02-28,la_roche_posay,La Roche-Posay,news,4,"Great for sensitive skin, but can feel heavy mid-day.",,2026-03-20T07:15:23+00:00
seed-v3-la_roche_posay-20260228-3,2026-02-28,la_roche_posay,La Roche-Posay,reviews,5,"Soothing for sensitive skin, texture feels premium.",,2026-03-20T07:15:23+00:00
seed-v3-la_roche_posay-20260228-4,2026-02-28,la_roche_posay,La Roche-Posay,reviews,5,Calms redness quickly and feels gentle.,,2026-03-20T07:15:23+00:00
seed-v3-moisturizer-20260228-0,2026-02-28,moisturizer,Moisturizer,news,3,Average hydration and a bit sticky.,,2026-03-20T07:15:23+00:00
seed-v3-moisturizer-20260228-1,2026-02-28,moisturizer,Moisturizer,reviews,5,Average hydration and a bit sticky.,,2026-03-20T07:15:23+00:00
seed-v3-moisturizer-20260228-2,2026-02-28,moisturizer,Moisturizer,reviews,5,Absorbs fast and helps my dry patches.,,2026-03-20T07:15:23+00:00
seed-v3-moisturizer-20260228-3,2026-02-28,moisturizer,Moisturizer,reviews,4,Great value and smooth texture.,,2026-03-20T07:15:23+00:00
seed-v3-neutrogena-20260228-0,2026-02-28,neutrogena,Neutrogena,reviews,4,"Finish is matte, but stings around my eyes.",,2026-03-20T07:15:23+00:00
seed-v3-neutrogena-20260228-1,2026-02-28,neutrogena,Neutrogena,reddit,3,"Works well for daily sunscreen, but can pill with moisturizer.",,2026-03-20T07:15:23+00:00
seed-v3-neutrogena-20260228-2,2026-02-28,neutrogena,Neutrogena,news,5,Lightweight SPF that layers well under makeup.,,2026-03-20T07:15:23+00:00
seed-v3-neutrogena-20260228-3,2026-02-28,neutrogena,Neutrogena,reviews,3,"Works well for daily sunscreen, but can pill with moisturizer.",,2026-03-20T07:15:23+00:00
seed-v3-neutrogena-20260228-4,2026-02-28,neutrogena,Neutrogena,reddit,1,"Finish is matte, but stings around my eyes.",,2026-03-20T07:15:23+00:00
seed-v3-neutrogena-20260228-5,2026-02-28,neutrogena,Neutrogena,reddit,4,Lightweight SPF that layers well under makeup.,,2026-03-20T07:15:23+00:00
seed-v3-neutrogena-20260228-6,2026-02-28,neutrogena,Neutrogena,reviews,5,"Great for acne-prone skin, no breakouts so far.",,2026-03-20T07:15:23+00:00
seed-v3-neutrogena-20260228-7,2026-02-28,neutrogena,Neutrogena,reviews,5,Lightweight SPF that layers well under makeup.,,2026-03-20T07:15:23+00:00
seed-v3-neutrogena-20260228-8,2026-02-28,neutrogena,Neutrogena,reddit,4,"Great for acne-prone skin, no breakouts so far.",,2026-03-20T07:15:23+00:00
seed-v3-serum-20260228-0,2026-02-28,serum,Serum,reddit,2,Helped with dark spots over a few weeks.,,2026-03-20T07:15:23+00:00
seed-v3-sunscreen-20260228-0,2026-02-28,sunscreen,Sunscreen,reddit,4,"Good daily SPF, absorbs quickly.",,2026-03-20T07:15:23+00:00
seed-v3-sunscreen-20260228-1,2026-02-28,sunscreen,Sunscreen,reviews,5,"Great for daily wear, feels weightless.",,2026-03-20T07:15:23+00:00
seed-v3-sunscreen-20260228-2,2026-02-28,sunscreen,Sunscreen,reviews,5,"Good daily SPF, absorbs quickly.",,2026-03-20T07:15:23+00:00
seed-v3-sunscreen-20260228-3,2026-02-28,sunscreen,Sunscreen,twitter,4,Lightweight sunscreen and no white cast.,,2026-03-20T07:15:23+00:00
seed-v3-sunscreen-20260228-4,2026-02-28,sunscreen,Sunscreen,reviews,5,Lightweight sunscreen and no white cast.,,2026-03-20T07:15:23+00:00
seed-v3-supergoop-20260228-0,2026-02-28,supergoop,Supergoop!,reviews,4,"Too shiny on my skin, had to blot often.",,2026-03-20T07:15:23+00:00
seed-v3-supergoop-20260228-1,2026-02-28,supergoop,Supergoop!,reddit,3,Nice finish but feels pricey for the size.,,2026-03-20T07:15:23+00:00
seed-v3-supergoop-20260228-2,2026-02-28,supergoop,Supergoop!,reddit,3,"Easy to reapply, but the scent is noticeable.",,2026-03-20T07:15:23+00:00
seed-v3-cerave-20260301-0,2026-03-01,cerave,CeraVe,twitter,2,"Texture is okay, but it pills with sunscreen.",,2026-03-20T07:15:23+00:00
seed-v3-cerave-20260301-1,2026-03-01,cerave,CeraVe,reddit,3,Good everyday hydration and fragrance-free.,,2026-03-20T07:15:23+00:00
seed-v3-cerave-20260301-2,2026-03-01,cerave,CeraVe,news,2,"Texture is okay, but it pills with sunscreen.",,2026-03-20T07:15:23+00:00
seed-v3-cerave-20260301-3,2026-03-01,cerave,CeraVe,news,2,"Texture is okay, but it pills with sunscreen.",,2026-03-20T07:15:23+00:00
seed-v3-cerave-20260301-4,2026-03-01,cerave,CeraVe,reviews,5,"Barrier feels stronger, less dryness overall.",,2026-03-20T07:15:23+00:00
seed-v3-cleanser-20260301-0,2026-03-01,cleanser,Cleanser,reviews,4,"Gentle, but struggled to remove sunscreen.",,2026-03-20T07:15:23+00:00
seed-v3-cleanser-20260301-1,2026-03-01,cleanser,Cleanser,reddit,1,Works okay but fragrance is strong.,,2026-03-20T07:15:23+00:00
seed-v3-cleanser-20260301-2,2026-03-01,cleanser,Cleanser,twitter,1,Made my skin tight and itchy.,,2026-03-20T07:15:23+00:00
seed-v3-la_roche_posay-20260301-0,2026-03-01,la_roche_posay,La Roche-Posay,twitter,2,"A little greasy in humid weather, still effective.",,2026-03-20T07:15:23+00:00
seed-v3-la_roche_posay-20260301-1,2026-03-01,la_roche_posay,La Roche-Posay,reviews,4,"Great for sensitive skin, but can feel heavy mid-day.",,2026-03-20T07:15:23+00:00
seed-v3-la_roche_posay-20260301-2,2026-03-01,la_roche_posay,La Roche-Posay,reviews,5,"Great for sensitive skin, but can feel heavy mid-day.",,2026-03-20T07:15:23+00:00
seed-v3-la_roche_posay-20260301-3,2026-03-01,la_roche_posay,La Roche-Posay,news,3,"Did not work for my acne, caused clogged pores.",,2026-03-20T07:15:23+00:00
seed-v3-moisturizer-20260301-0,2026-03-01,moisturizer,Moisturizer,reddit,1,Too oily and caused breakouts.,,2026-03-20T07:15:23+00:00
seed-v3-moisturizer-20260301-1,2026-03-01,moisturizer,Moisturizer,reddit,1,Too oily and caused breakouts.,,2026-03-20T07:15:23+00:00
seed-v3-neutrogena-20260301-0,2026-03-01,neutrogena,Neutrogena,reddit,2,"Works well for daily sunscreen, but can pill with moisturizer.",,2026-03-20T07:15:23+00:00
seed-v3-neutrogena-20260301-1,2026-03-01,neutrogena,Neutrogena,reddit,3,"Works well for daily sunscreen, but can pill with moisturizer.",,2026-03-20T07:15:23+00:00
seed-v3-neutrogena-20260301-2,2026-03-01,neutrogena,Neutrogena,news,3,Good value but a bit of white cast on deeper skin tones.,,2026-03-20T07:15:23+00:00
seed-v3-neutrogena-20260301-3,2026-03-01,neutrogena,Neutrogena,news,1,Irritated my skin and felt heavy by afternoon.,,2026-03-20T07:15:23+00:00
seed-v3-neutrogena-20260301-4,2026-03-01,neutrogena,Neutrogena,reviews,2,"Finish is matte, but stings around my eyes.",,2026-03-20T07:15:23+00:00
seed-v3-neutrogena-20260301-5,2026-03-01,neutrogena,Neutrogena,reddit,1,"Works well for daily sunscreen, but can pill with moisturizer.",,2026-03-20T07:15:23+00:00
seed-v3-neutrogena-20260301-6,2026-03-01,neutrogena,Neutrogena,reddit,1,Irritated my skin and felt heavy by afternoon.,,2026-03-20T07:15:23+00:00
seed-v3-neutrogena-20260301-7,2026-03-01,neutrogena,Neutrogena,reviews,5,Solid protection and easy to reapply.,,2026-03-20T07:15:23+00:00
seed-v3-serum-20260301-0,2026-03-01,serum,Serum,twitter,1,Good results but expensive for quantity.,,2026-03-20T07:15:23+00:00
seed-v3-serum-20260301-1,2026-03-01,serum,Serum,news,3,Good results but expensive for quantity.,,2026-03-20T07:15:23+00:00
seed-v3-serum-20260301-2,2026-03-01,serum,Serum,twitter,4,Improved texture and visible glow.,,2026-03-20T07:15:23+00:00
seed-v3-sunscreen-20260301-0,2026-03-01,sunscreen,Sunscreen,reddit,3,Decent protection but slightly greasy in humid weather.,,2026-03-20T07:15:23+00:00
seed-v3-sunscreen-20260301-1,2026-03-01,sunscreen,Sunscreen,reddit,4,"Good daily SPF, absorbs quickly.",,2026-03-20T07:15:23+00:00
seed-v3-sunscreen-20260301-2,2026-03-01,sunscreen,Sunscreen,news,1,Caused irritation and felt heavy.,,2026-03-20T07:15:23+00:00
seed-v3-supergoop-20260301-0,2026-03-01,supergoop,Supergoop!,reviews,4,"Good primer feel, but too expensive to repurchase.",,2026-03-20T07:15:23+00:00
seed-v3-supergoop-20260301-1,2026-03-01,supergoop,Supergoop!,twitter,4,"No white cast, works like a primer with a soft glow.",,2026-03-20T07:15:23+00:00
seed-v3-cerave-20260302-0,2026-03-02,cerave,CeraVe,reviews,5,"Texture is okay, but it pills with sunscreen.",,2026-03-20T07:15:23+00:00
seed-v3-cerave-20260302-1,2026-03-02,cerave,CeraVe,reddit,2,"Works well, but the finish is a bit tacky.",,2026-03-20T07:15:23+00:00
seed-v3-cerave-20260302-2,2026-03-02,cerave,CeraVe,reddit,3,"Reliable and gentle, no irritation.",,2026-03-20T07:15:23+00:00
seed-v3-cerave-20260302-3,2026-03-02,cerave,CeraVe,reddit,3,"Texture is okay, but it pills with sunscreen.",,2026-03-20T07:15:23+00:00
seed-v3-cleanser-20260302-0,2026-03-02,cleanser,Cleanser,reviews,2,Broke me out and felt harsh on my cheeks.,,2026-03-20T07:15:23+00:00
seed-v3-cleanser-20260302-1,2026-03-02,cleanser,Cleanser,reviews,5,Cleans well without drying my skin.,,2026-03-20T07:15:23+00:00
seed-v3-cleanser-20260302-2,2026-03-02,cleanser,Cleanser,twitter,2,Broke me out and felt harsh on my cheeks.,,2026-03-20T07:15:23+00:00
seed-v3-cleanser-20260302-3,2026-03-02,cleanser,Cleanser,reviews,5,Works okay but fragrance is strong.,,2026-03-20T07:15:23+00:00
seed-v3-la_roche_posay-20260302-0,2026-03-02,la_roche_posay,La Roche-Posay,reviews,4,"Great for sensitive skin, but can feel heavy mid-day.",,2026-03-20T07:15:23+00:00
seed-v3-la_roche_posay-20260302-1,2026-03-02,la_roche_posay,La Roche-Posay,reviews,4,"Did not work for my acne, caused clogged pores.",,2026-03-20T07:15:23+00:00
seed-v3-la_roche_posay-20260302-2,2026-03-02,la_roche_posay,La Roche-Posay,news,5,"Soothing for sensitive skin, texture feels premium.",,2026-03-20T07:15:23+00:00
seed-v3-la_roche_posay-20260302-3,2026-03-02,la_roche_posay,La Roche-Posay,twitter,4,Barrier repair feels solid but price is high.,,2026-03-20T07:15:23+00:00
seed-v3-la_roche_posay-20260302-4,2026-03-02,la_roche_posay,La Roche-Posay,news,2,"Did not work for my acne, caused clogged pores.",,2026-03-20T07:15:23+00:00
seed-v3-la_roche_posay-20260302-5,2026-03-02,la_roche_posay,La Roche-Posay,reddit,4,"Soothing for sensitive skin, texture feels premium.",,2026-03-20T07:15:23+00:00
seed-v3-moisturizer-20260302-0,2026-03-02,moisturizer,Moisturizer,reviews,3,Too oily and caused breakouts.,,2026-03-20T07:15:23+00:00
seed-v3-moisturizer-20260302-1,2026-03-02,moisturizer,Moisturizer,reviews,5,Absorbs fast and helps my dry patches.,,2026-03-20T07:15:23+00:00
seed-v3-moisturizer-20260302-2,2026-03-02,moisturizer,Moisturizer,reddit,3,"Not enough for winter, but good layering.",,2026-03-20T07:15:23+00:00
seed-v3-moisturizer-20260302-3,2026-03-02,moisturizer,Moisturizer,reviews,5,Hydrating and gentle for my sensitive skin.,,2026-03-20T07:15:23+00:00
seed-v3-moisturizer-20260302-4,2026-03-02,moisturizer,Moisturizer,reviews,5,Hydrating and gentle for my sensitive skin.,,2026-03-20T07:15:23+00:00
seed-v3-neutrogena-20260302-0,2026-03-02,neutrogena,Neutrogena,twitter,2,Solid protection and easy to reapply.,,2026-03-20T07:15:23+00:00
seed-v3-neutrogena-20260302-1,2026-03-02,neutrogena,Neutrogena,twitter,2,"Finish is matte, but stings around my eyes.",,2026-03-20T07:15:23+00:00
seed-v3-neutrogena-20260302-2,2026-03-02,neutrogena,Neutrogena,news,1,Irritated my skin and felt heavy by afternoon.,,2026-03-20T07:15:23+00:00
seed-v3-neutrogena-20260302-3,2026-03-02,neutrogena,Neutrogena,reddit,2,Irritated my skin and felt heavy by afternoon.,,2026-03-20T07:15:23+00:00
seed-v3-neutrogena-20260302-4,2026-03-02,neutrogena,Neutrogena,twitter,1,Irritated my skin and felt heavy by afternoon.,,2026-03-20T07:15:23+00:00
seed-v3-neutrogena-20260302-5,2026-03-02,neutrogena,Neutrogena,reviews,5,Solid protection and easy to reapply.,,2026-03-20T07:15:23+00:00
seed-v3-serum-20260302-0,2026-03-02,serum,Serum,news,5,Improved texture and visible glow.,,2026-03-20T07:15:23+00:00
seed-v3-sunscreen-20260302-0,2026-03-02,sunscreen,Sunscreen,reviews,5,Lightweight sunscreen and no white cast.,,2026-03-20T07:15:23+00:00
seed-v3-sunscreen-20260302-1,2026-03-02,sunscreen,Sunscreen,news,5,Lightweight sunscreen and no white cast.,,2026-03-20T07:15:23+00:00
seed-v3-sunscreen-20260302-2,2026-03-02,sunscreen,Sunscreen,reviews,5,"Good daily SPF, absorbs quickly.",,2026-03-20T07:15:23+00:00
seed-v3-sunscreen-20260302-3,2026-03-02,sunscreen,Sunscreen,reviews,5,"Great for daily wear, feels weightless.",,2026-03-20T07:15:23+00:00
seed-v3-sunscreen-20260302-4,2026-03-02,sunscreen,Sunscreen,twitter,3,Lightweight sunscreen and no white cast.,,2026-03-20T07:15:23+00:00
seed-v3-supergoop-20260302-0,2026-03-02,supergoop,Supergoop!,reddit,1,"Finish looks nice, but feels oily after a few hours.",,2026-03-20T07:15:23+00:00
seed-v3-supergoop-20260302-1,2026-03-02,supergoop,Supergoop!,reviews,5,"Finish looks nice, but feels oily after a few hours.",,2026-03-20T07:15:23+00:00
seed-v3-supergoop-20260302-2,2026-03-02,supergoop,Supergoop!,twitter,2,Nice finish but feels pricey for the size.,,2026-03-20T07:15:23+00:00
seed-v3-cerave-20260303-0,2026-03-03,cerave,CeraVe,reddit,3,"Ceramides helped my dry skin, very gentle cleanser.",,2026-03-20T07:15:23+00:00
seed-v3-cerave-20260303-1,2026-03-03,cerave,CeraVe,reddit,3,"Texture is okay, but it pills with sunscreen.",,2026-03-20T07:15:23+00:00
seed-v3-cerave-20260303-2,2026-03-03,cerave,CeraVe,reddit,4,"Barrier feels stronger, less dryness overall.",,2026-03-20T07:15:23+00:00
seed-v3-cerave-20260303-3,2026-03-03,cerave,CeraVe,reviews,5,"Barrier feels stronger, less dryness overall.",,2026-03-20T07:15:23+00:00
seed-v3-cerave-20260303-4,2026-03-03,cerave,CeraVe,twitter,4,"Ceramides helped my dry skin, very gentle cleanser.",,2026-03-20T07:15:23+00:00
seed-v3-cleanser-20260303-0,2026-03-03,cleanser,Cleanser,reddit,3,Good everyday cleanser for oily skin.,,2026-03-20T07:15:23+00:00
seed-v3-cleanser-20260303-1,2026-03-03,cleanser,Cleanser,reviews,5,Cleans well without drying my skin.,,2026-03-20T07:15:23+00:00
seed-v3-la_roche_posay-20260303-0,2026-03-03,la_roche_posay,La Roche-Posay,reviews,4,"A little greasy in humid weather, still effective.",,2026-03-20T07:15:23+00:00
seed-v3-la_roche_posay-20260303-1,2026-03-03,la_roche_posay,La Roche-Posay,news,1,"Broke me out after a week, had to stop.",,2026-03-20T07:15:23+00:00
seed-v3-la_roche_posay-20260303-2,2026-03-03,la_roche_posay,La Roche-Posay,news,4,Barrier repair feels solid but price is high.,,2026-03-20T07:15:23+00:00
seed-v3-la_roche_posay-20260303-3,2026-03-03,la_roche_posay,La Roche-Posay,reviews,3,"Broke me out after a week, had to stop.",,2026-03-20T07:15:23+00:00
seed-v3-moisturizer-20260303-0,2026-03-03,moisturizer,Moisturizer,twitter,3,Great value and smooth texture.,,2026-03-20T07:15:23+00:00
seed-v3-moisturizer-20260303-1,2026-03-03,moisturizer,Moisturizer,reddit,4,Hydrating and gentle for my sensitive skin.,,2026-03-20T07:15:23+00:00
seed-v3-moisturizer-20260303-2,2026-03-03,moisturizer,Moisturizer,reddit,2,Great value and smooth texture.,,2026-03-20T07:15:23+00:00
seed-v3-moisturizer-20260303-3,2026-03-03,moisturizer,Moisturizer,twitter,2,Average hydration and a bit sticky.,,2026-03-20T07:15:23+00:00
seed-v3-moisturizer-20260303-4,2026-03-03,moisturizer,Moisturizer,reviews,5,Average hydration and a bit sticky.,,2026-03-20T07:15:23+00:00
seed-v3-neutrogena-20260303-0,2026-03-03,neutrogena,Neutrogena,reviews,4,Solid protection and easy to reapply.,,2026-03-20T07:15:23+00:00
seed-v3-neutrogena-20260303-1,2026-03-03,neutrogena,Neutrogena,reddit,1,Irritated my skin and felt heavy by afternoon.,,2026-03-20T07:15:23+00:00
seed-v3-neutrogena-20260303-2,2026-03-03,neutrogena,Neutrogena,reddit,2,"Finish is matte, but stings around my eyes.",,2026-03-20T07:15:23+00:00
seed-v3-neutrogena-20260303-3,2026-03-03,neutrogena,Neutrogena,reviews,5,Solid protection and easy to reapply.,,2026-03-20T07:15:23+00:00
seed-v3-neutrogena-20260303-4,2026-03-03,neutrogena,Neutrogena,reviews,5,"Dry-touch finish, great for oily skin and acne-prone days.",,2026-03-20T07:15:23+00:00
seed-v3-serum-20260303-0,2026-03-03,serum,Serum,twitter,1,Good results but expensive for quantity.,,2026-03-20T07:15:23+00:00
seed-v3-serum-20260303-1,2026-03-03,serum,Serum,news,3,Absorbs fast and works under makeup.,,2026-03-20T07:15:23+00:00
seed-v3-serum-20260303-2,2026-03-03,serum,Serum,reviews,5,Helped with dark spots over a few weeks.,,2026-03-20T07:15:23+00:00
seed-v3-serum-20260303-3,2026-03-03,serum,Serum,news,4,Good results but expensive for quantity.,,2026-03-20T07:15:23+00:00
seed-v3-sunscreen-20260303-0,2026-03-03,sunscreen,Sunscreen,reviews,4,Decent protection but slightly greasy in humid weather.,,2026-03-20T07:15:23+00:00
seed-v3-sunscreen-20260303-1,2026-03-03,sunscreen,Sunscreen,reviews,5,Decent protection but slightly greasy in humid weather.,,2026-03-20T07:15:23+00:00
seed-v3-sunscreen-20260303-2,2026-03-03,sunscreen,Sunscreen,reviews,4,Decent protection but slightly greasy in humid weather.,,2026-03-20T07:15:23+00:00
seed-v3-supergoop-20260303-0,2026-03-03,supergoop,Supergoop!,reddit,3,"Easy to reapply, but the scent is noticeable.",,2026-03-20T07:15:23+00:00
seed-v3-supergoop-20260303-1,2026-03-03,supergoop,Supergoop!,reviews,4,"Too shiny on my skin, had to blot often.",,2026-03-20T07:15:23+00:00
seed-v3-supergoop-20260303-2,2026-03-03,supergoop,Supergoop!,twitter,3,"Love the glow, but wish it was less fragranced.",,2026-03-20T07:15:23+00:00
seed-v3-cerave-20260304-0,2026-03-04,cerave,CeraVe,twitter,3,"Works well, but the finish is a bit tacky.",,2026-03-20T07:15:23+00:00
seed-v3-cerave-20260304-1,2026-03-04,cerave,CeraVe,reviews,4,"Texture is okay, but it pills with sunscreen.",,2026-03-20T07:15:23+00:00
seed-v3-cerave-20260304-2,2026-03-04,cerave,CeraVe,reddit,4,Good everyday hydration and fragrance-free.,,2026-03-20T07:15:23+00:00
seed-v3-cerave-20260304-3,2026-03-04,cerave,CeraVe,twitter,2,Good everyday hydration and fragrance-free.,,2026-03-20T07:15:23+00:00
seed-v3-cerave-20260304-4,2026-03-04,cerave,CeraVe,twitter,2,Good everyday hydration and fragrance-free.,,2026-03-20T07:15:23+00:00
seed-v3-cerave-20260304-5,2026-03-04,cerave,CeraVe,reddit,4,"Reliable and gentle, no irritation.",,2026-03-20T07:15:23+00:00
seed-v3-cerave-20260304-6,2026-03-04,cerave,CeraVe,reviews,5,"Works well, but the finish is a bit tacky.",,2026-03-20T07:15:23+00:00
seed-v3-cleanser-20260304-0,2026-03-04,cleanser,Cleanser,reviews,3,Made my skin tight and itchy.,,2026-03-20T07:15:23+00:00
seed-v3-cleanser-20260304-1,2026-03-04,cleanser,Cleanser,reddit,1,Broke me out and felt harsh on my cheeks.,,2026-03-20T07:15:23+00:00
seed-v3-cleanser-20260304-2,2026-03-04,cleanser,Cleanser,news,2,Works okay but fragrance is strong.,,2026-03-20T07:15:23+00:00
seed-v3-la_roche_posay-20260304-0,2026-03-04,la_roche_posay,La Roche-Posay,news,1,"Did not work for my acne, caused clogged pores.",,2026-03-20T07:15:23+00:00
seed-v3-la_roche_posay-20260304-1,2026-03-04,la_roche_posay,La Roche-Posay,reviews,2,"Did not work for my acne, caused clogged pores.",,2026-03-20T07:15:23+00:00
seed-v3-la_roche_posay-20260304-2,2026-03-04,la_roche_posay,La Roche-Posay,reviews,5,"Helped my barrier, fewer irritations this week.",,2026-03-20T07:15:23+00:00
seed-v3-la_roche_posay-20260304-3,2026-03-04,la_roche_posay,La Roche-Posay,twitter,1,"Did not work for my acne, caused clogged pores.",,2026-03-20T07:15:23+00:00
seed-v3-la_roche_posay-20260304-4,2026-03-04,la_roche_posay,La Roche-Posay,reddit,4,"Helped my barrier, fewer irritations this week.",,2026-03-20T07:15:23+00:00
seed-v3-moisturizer-20260304-0,2026-03-04,moisturizer,Moisturizer,twitter,1,"Not enough for winter, but good layering.",,2026-03-20T07:15:23+00:00
seed-v3-neutrogena-20260304-0,2026-03-04,neutrogena,Neutrogena,reviews,4,"Dry-touch finish, great for oily skin and acne-prone days.",,2026-03-20T07:15:23+00:00
seed-v3-neutrogena-20260304-1,2026-03-04,neutrogena,Neutrogena,reddit,3,"Great for acne-prone skin, no breakouts so far.",,2026-03-20T07:15:23+00:00
seed-v3-neutrogena-20260304-2,2026-03-04,neutrogena,Neutrogena,reddit,1,"Works well for daily sunscreen, but can pill with moisturizer.",,2026-03-20T07:15:23+00:00
seed-v3-neutrogena-20260304-3,2026-03-04,neutrogena,Neutrogena,reddit,1,Irritated my skin and felt heavy by afternoon.,,2026-03-20T07:15:23+00:00
seed-v3-neutrogena-20260304-4,2026-03-04,neutrogena,Neutrogena,twitter,1,"Finish is matte, but stings around my eyes.",,2026-03-20T07:15:23+00:00
seed-v3-neutrogena-20260304-5,2026-03-04,neutrogena,Neutrogena,news,4,Good value but a bit of white cast on deeper skin tones.,,2026-03-20T07:15:23+00:00
seed-v3-serum-20260304-0,2026-03-04,serum,Serum,reviews,5,Absorbs fast and works under makeup.,,2026-03-20T07:15:23+00:00
seed-v3-serum-20260304-1,2026-03-04,serum,Serum,twitter,2,Absorbs fast and works under makeup.,,2026-03-20T07:15:23+00:00
seed-v3-serum-20260304-2,2026-03-04,serum,Serum,reviews,4,Absorbs fast and works under makeup.,,2026-03-20T07:15:23+00:00
seed-v3-sunscreen-20260304-0,2026-03-04,sunscreen,Sunscreen,reddit,3,Lightweight sunscreen and no white cast.,,2026-03-20T07:15:23+00:00
seed-v3-sunscreen-20260304-1,2026-03-04,sunscreen,Sunscreen,news,4,Lightweight sunscreen and no white cast.,,2026-03-20T07:15:23+00:00
seed-v3-sunscreen-20260304-2,2026-03-04,sunscreen,Sunscreen,twitter,3,"Great for daily wear, feels weightless.",,2026-03-20T07:15:23+00:00
seed-v3-sunscreen-20260304-3,2026-03-04,sunscreen,Sunscreen,reviews,5,Decent protection but slightly greasy in humid weather.,,2026-03-20T07:15:23+00:00
seed-v3-sunscreen-20260304-4,2026-03-04,sunscreen,Sunscreen,twitter,4,Lightweight sunscreen and no white cast.,,2026-03-20T07:15:23+00:00
seed-v3-sunscreen-20260304-5,2026-03-04,sunscreen,Sunscreen,reviews,2,Caused irritation and felt heavy.,,2026-03-20T07:15:23+00:00
seed-v3-supergoop-20260304-0,2026-03-04,supergoop,Supergoop!,reviews,3,"Too shiny on my skin, had to blot often.",,2026-03-20T07:15:23+00:00
seed-v3-supergoop-20260304-1,2026-03-04,supergoop,Supergoop!,reddit,1,Nice finish but feels pricey for the size.,,2026-03-20T07:15:23+00:00
seed-v3-supergoop-20260304-2,2026-03-04,supergoop,Supergoop!,reddit,3,"Love the glow, but wish it was less fragranced.",,2026-03-20T07:15:23+00:00
seed-v3-supergoop-20260304-3,2026-03-04,supergoop,Supergoop!,twitter,4,"Love the glow, but wish it was less fragranced.",,2026-03-20T07:15:23+00:00
seed-v3-cerave-20260305-0,2026-03-05,cerave,CeraVe,reviews,5,"Barrier feels stronger, less dryness overall.",,2026-03-20T07:15:23+00:00
seed-v3-cerave-20260305-1,2026-03-05,cerave,CeraVe,reviews,5,"Barrier feels stronger, less dryness overall.",,2026-03-20T07:15:23+00:00
seed-v3-cerave-20260305-2,2026-03-05,cerave,CeraVe,reviews,4,Good everyday hydration and fragrance-free.,,2026-03-20T07:15:23+00:00
seed-v3-cerave-20260305-3,2026-03-05,cerave,CeraVe,twitter,4,"Reliable and gentle, no irritation.",,2026-03-20T07:15:23+00:00
seed-v3-cerave-20260305-4,2026-03-05,cerave,CeraVe,reviews,5,"Ceramides helped my dry skin, very gentle cleanser.",,2026-03-20T07:15:23+00:00
seed-v3-cleanser-20260305-0,2026-03-05,cleanser,Cleanser,news,1,Broke me out and felt harsh on my cheeks.,,2026-03-20T07:15:23+00:00
seed-v3-cleanser-20260305-1,2026-03-05,cleanser,Cleanser,reviews,4,Made my skin tight and itchy.,,2026-03-20T07:15:23+00:00
seed-v3-cleanser-20260305-2,2026-03-05,cleanser,Cleanser,twitter,1,Works okay but fragrance is strong.,,2026-03-20T07:15:23+00:00
seed-v3-cleanser-20260305-3,2026-03-05,cleanser,Cleanser,reddit,4,Good everyday cleanser for oily skin.,,2026-03-20T07:15:23+00:00
seed-v3-cleanser-20260305-4,2026-03-05,cleanser,Cleanser,twitter,4,Cleans well without drying my skin.,,2026-03-20T07:15:23+00:00
seed-v3-la_roche_posay-20260305-0,2026-03-05,la_roche_posay,La Roche-Posay,reddit,3,Calms redness quickly and feels gentle.,,2026-03-20T07:15:23+00:00
seed-v3-la_roche_posay-20260305-1,2026-03-05,la_roche_posay,La Roche-Posay,twitter,4,"Soothing for sensitive skin, texture feels premium.",,2026-03-20T07:15:23+00:00
seed-v3-la_roche_posay-20260305-2,2026-03-05,la_roche_posay,La Roche-Posay,twitter,2,Barrier repair feels solid but price is high.,,2026-03-20T07:15:23+00:00
seed-v3-la_roche_posay-20260305-3,2026-03-05,la_roche_posay,La Roche-Posay,reviews,5,"Great for sensitive skin, but can feel heavy mid-day.",,2026-03-20T07:15:23+00:00
seed-v3-moisturizer-20260305-0,2026-03-05,moisturizer,Moisturizer,reviews,5,Absorbs fast and helps my dry patches.,,2026-03-20T07:15:23+00:00
seed-v3-moisturizer-20260305-1,2026-03-05,moisturizer,Moisturizer,twitter,1,"Not enough for winter, but good layering.",,2026-03-20T07:15:23+00:00
seed-v3-moisturizer-20260305-2,2026-03-05,moisturizer,Moisturizer,reviews,5,"Not enough for winter, but good layering.",,2026-03-20T07:15:23+00:00
seed-v3-neutrogena-20260305-0,2026-03-05,neutrogena,Neutrogena,reddit,2,Solid protection and easy to reapply.,,2026-03-20T07:15:23+00:00
seed-v3-neutrogena-20260305-1,2026-03-05,neutrogena,Neutrogena,reddit,4,Solid protection and easy to reapply.,,2026-03-20T07:15:23+00:00
seed-v3-neutrogena-20260305-2,2026-03-05,neutrogena,Neutrogena,news,1,"Finish is matte, but stings around my eyes.",,2026-03-20T07:15:23+00:00
seed-v3-neutrogena-20260305-3,2026-03-05,neutrogena,Neutrogena,reddit,4,Lightweight SPF that layers well under makeup.,,2026-03-20T07:15:23+00:00
seed-v3-neutrogena-20260305-4,2026-03-05,neutrogena,Neutrogena,reviews,4,Irritated my skin and felt heavy by afternoon.,,2026-03-20T07:15:23+00:00
seed-v3-neutrogena-20260305-5,2026-03-05,neutrogena,Neutrogena,twitter,4,"Great for acne-prone skin, no breakouts so far.",,2026-03-20T07:15:23+00:00
seed-v3-neutrogena-20260305-6,2026-03-05,neutrogena,Neutrogena,reddit,1,Irritated my skin and felt heavy by afternoon.,,2026-03-20T07:15:23+00:00
seed-v3-neutrogena-20260305-7,2026-03-05,neutrogena,Neutrogena,reddit,3,"Great for acne-prone skin, no breakouts so far.",,2026-03-20T07:15:23+00:00
seed-v3-serum-20260305-0,2026-03-05,serum,Serum,reviews,4,Helped with dark spots over a few weeks.,,2026-03-20T07:15:23+00:00
seed-v3-serum-20260305-1,2026-03-05,serum,Serum,twitter,1,No noticeable effect and caused redness.,,2026-03-20T07:15:23+00:00
seed-v3-serum-20260305-2,2026-03-05,serum,Serum,twitter,1,"Too strong for me, tingled a lot.",,2026-03-20T07:15:23+00:00
seed-v3-serum-20260305-3,2026-03-05,serum,Serum,reviews,4,Helped with dark spots over a few weeks.,,2026-03-20T07:15:23+00:00
seed-v3-sunscreen-20260305-0,2026-03-05,sunscreen,Sunscreen,twitter,4,"Good daily SPF, absorbs quickly.",,2026-03-20T07:15:23+00:00
seed-v3-sunscreen-20260305-1,2026-03-05,sunscreen,Sunscreen,reviews,5,Lightweight sunscreen and no white cast.,,2026-03-20T07:15:23+00:00
seed-v3-supergoop-20260305-0,2026-03-05,supergoop,Supergoop!,reddit,3,"Love the glow, but wish it was less fragranced.",,2026-03-20T07:15:23+00:00
seed-v3-supergoop-20260305-1,2026-03-05,supergoop,Supergoop!,twitter,2,"Too shiny on my skin, had to blot often.",,2026-03-20T07:15:23+00:00
seed-v3-supergoop-20260305-2,2026-03-05,supergoop,Supergoop!,twitter,1,"Good primer feel, but too expensive to repurchase.",,2026-03-20T07:15:23+00:00
seed-v3-supergoop-20260305-3,2026-03-05,supergoop,Supergoop!,reviews,5,"No white cast, works like a primer with a soft glow.",,2026-03-20T07:15:23+00:00
seed-v3-cerave-20260306-0,2026-03-06,cerave,CeraVe,reddit,4,"Ceramides helped my dry skin, very gentle cleanser.",,2026-03-20T07:15:23+00:00
seed-v3-cerave-20260306-1,2026-03-06,cerave,CeraVe,twitter,2,"Works well, but the finish is a bit tacky.",,2026-03-20T07:15:23+00:00
seed-v3-cerave-20260306-2,2026-03-06,cerave,CeraVe,news,5,"Works well, but the finish is a bit tacky.",,2026-03-20T07:15:23+00:00
seed-v3-cerave-20260306-3,2026-03-06,cerave,CeraVe,twitter,4,"Ceramides helped my dry skin, very gentle cleanser.",,2026-03-20T07:15:23+00:00
seed-v3-cerave-20260306-4,2026-03-06,cerave,CeraVe,reviews,5,"Works well, but the finish is a bit tacky.",,2026-03-20T07:15:23+00:00
seed-v3-cleanser-20260306-0,2026-03-06,cleanser,Cleanser,twitter,2,"Gentle, but struggled to remove sunscreen.",,2026-03-20T07:15:23+00:00
seed-v3-la_roche_posay-20260306-0,2026-03-06,la_roche_posay,La Roche-Posay,reddit,2,Barrier repair feels solid but price is high.,,2026-03-20T07:15:23+00:00
seed-v3-la_roche_posay-20260306-1,2026-03-06,la_roche_posay,La Roche-Posay,twitter,2,"A little greasy in humid weather, still effective.",,2026-03-20T07:15:23+00:00
seed-v3-la_roche_posay-20260306-2,2026-03-06,la_roche_posay,La Roche-Posay,twitter,2,"Broke me out after a week, had to stop.",,2026-03-20T07:15:23+00:00
seed-v3-moisturizer-20260306-0,2026-03-06,moisturizer,Moisturizer,reviews,3,Average hydration and a bit sticky.,,2026-03-20T07:15:23+00:00
seed-v3-moisturizer-20260306-1,2026-03-06,moisturizer,Moisturizer,reddit,3,Hydrating and gentle for my sensitive skin.,,2026-03-20T07:15:23+00:00
seed-v3-moisturizer-20260306-2,2026-03-06,moisturizer,Moisturizer,reviews,3,Average hydration and a bit sticky.,,2026-03-20T07:15:23+00:00
seed-v3-neutrogena-20260306-0,2026-03-06,neutrogena,Neutrogena,reddit,4,Solid protection and easy to reapply.,,2026-03-20T07:15:23+00:00
seed-v3-neutrogena-20260306-1,2026-03-06,neutrogena,Neutrogena,reviews,5,"Great for acne-prone skin, no breakouts so far.",,2026-03-20T07:15:23+00:00
seed-v3-neutrogena-20260306-2,2026-03-06,neutrogena,Neutrogena,reddit,4,Lightweight SPF that layers well under makeup.,,2026-03-20T07:15:23+00:00
seed-v3-neutrogena-20260306-3,2026-03-06,neutrogena,Neutrogena,reddit,3,Good value but a bit of white cast on deeper skin tones.,,2026-03-20T07:15:23+00:00
seed-v3-neutrogena-20260306-4,2026-03-06,neutrogena,Neutrogena,news,3,"Works well for daily sunscreen, but can pill with moisturizer.",,2026-03-20T07:15:23+00:00
seed-v3-neutrogena-20260306-5,2026-03-06,neutrogena,Neutrogena,news,3,Irritated my skin and felt heavy by afternoon.,,2026-03-20T07:15:23+00:00
seed-v3-neutrogena-20260306-6,2026-03-06,neutrogena,Neutrogena,reviews,5,Solid protection and easy to reapply.,,2026-03-20T07:15:23+00:00
seed-v3-serum-20260306-0,2026-03-06,serum,Serum,reviews,4,Good results but expensive for quantity.,,2026-03-20T07:15:23+00:00
seed-v3-serum-20260306-1,2026-03-06,serum,Serum,reddit,3,Helped with dark spots over a few weeks.,,2026-03-20T07:15:23+00:00
seed-v3-serum-20260306-2,2026-03-06,serum,Serum,reviews,5,Absorbs fast and works under makeup.,,2026-03-20T07:15:23+00:00
seed-v3-sunscreen-20260306-0,2026-03-06,sunscreen,Sunscreen,reviews,5,"No white cast, but reapplication is messy on makeup.",,2026-03-20T07:15:23+00:00
seed-v3-sunscreen-20260306-1,2026-03-06,sunscreen,Sunscreen,news,3,"No white cast, but reapplication is messy on makeup.",,2026-03-20T07:15:23+00:00
seed-v3-supergoop-20260306-0,2026-03-06,supergoop,Supergoop!,news,1,Nice finish but feels pricey for the size.,,2026-03-20T07:15:23+00:00
seed-v3-cerave-20260307-0,2026-03-07,cerave,CeraVe,reviews,5,Good everyday hydration and fragrance-free.,,2026-03-20T07:15:23+00:00
seed-v3-cerave-20260307-1,2026-03-07,cerave,CeraVe,twitter,3,"Stung around my nose, not for me.",,2026-03-20T07:15:23+00:00
seed-v3-cerave-20260307-2,2026-03-07,cerave,CeraVe,reviews,5,"Ceramides helped my dry skin, very gentle cleanser.",,2026-03-20T07:15:23+00:00
seed-v3-cerave-20260307-3,2026-03-07,cerave,CeraVe,twitter,2,"Works well, but the finish is a bit tacky.",,2026-03-20T07:15:23+00:00
seed-v3-cerave-20260307-4,2026-03-07,cerave,CeraVe,reviews,5,Good everyday hydration and fragrance-free.,,2026-03-20T07:15:23+00:00
seed-v3-cerave-20260307-5,2026-03-07,cerave,CeraVe,reddit,4,"Reliable and gentle, no irritation.",,2026-03-20T07:15:23+00:00
seed-v3-cleanser-20260307-0,2026-03-07,cleanser,Cleanser,news,3,Works okay but fragrance is strong.,,2026-03-20T07:15:23+00:00
seed-v3-cleanser-20260307-1,2026-03-07,cleanser,Cleanser,reviews,5,Cleans well without drying my skin.,,2026-03-20T07:15:23+00:00
seed-v3-cleanser-20260307-2,2026-03-07,cleanser,Cleanser,twitter,2,Good everyday cleanser for oily skin.,,2026-03-20T07:15:23+00:00
seed-v3-cleanser-20260307-3,2026-03-07,cleanser,Cleanser,reviews,3,Works okay but fragrance is strong.,,2026-03-20T07:15:23+00:00
seed-v3-la_roche_posay-20260307-0,2026-03-07,la_roche_posay,La Roche-Posay,reviews,4,"A little greasy in humid weather, still effective.",,2026-03-20T07:15:23+00:00
seed-v3-la_roche_posay-20260307-1,2026-03-07,la_roche_posay,La Roche-Posay,reviews,5,"Soothing for sensitive skin, texture feels premium.",,2026-03-20T07:15:23+00:00
seed-v3-la_roche_posay-20260307-2,2026-03-07,la_roche_posay,La Roche-Posay,reddit,2,"Great for sensitive skin, but can feel heavy mid-day.",,2026-03-20T07:15:23+00:00
seed-v3-la_roche_posay-20260307-3,2026-03-07,la_roche_posay,La Roche-Posay,reddit,3,"Helped my barrier, fewer irritations this week.",,2026-03-20T07:15:23+00:00
seed-v3-la_roche_posay-20260307-4,2026-03-07,la_roche_posay,La Roche-Posay,reviews,3,"Broke me out after a week, had to stop.",,2026-03-20T07:15:23+00:00
seed-v3-moisturizer-20260307-0,2026-03-07,moisturizer,Moisturizer,news,4,Hydrating and gentle for my sensitive skin.,,2026-03-20T07:15:23+00:00
seed-v3-moisturizer-20260307-1,2026-03-07,moisturizer,Moisturizer,news,3,Great value and smooth texture.,,2026-03-20T07:15:23+00:00
seed-v3-moisturizer-20260307-2,2026-03-07,moisturizer,Moisturizer,reviews,5,Great value and smooth texture.,,2026-03-20T07:15:23+00:00
seed-v3-moisturizer-20260307-3,2026-03-07,moisturizer,Moisturizer,twitter,2,Too oily and caused breakouts.,,2026-03-20T07:15:23+00:00
seed-v3-neutrogena-20260307-0,2026-03-07,neutrogena,Neutrogena,news,5,"Great for acne-prone skin, no breakouts so far.",,2026-03-20T07:15:23+00:00
seed-v3-neutrogena-20260307-1,2026-03-07,neutrogena,Neutrogena,reddit,3,Good value but a bit of white cast on deeper skin tones.,,2026-03-20T07:15:23+00:00
seed-v3-neutrogena-20260307-2,2026-03-07,neutrogena,Neutrogena,twitter,4,"Dry-touch finish, great for oily skin and acne-prone days.",,2026-03-20T07:15:23+00:00
seed-v3-neutrogena-20260307-3,2026-03-07,neutrogena,Neutrogena,reddit,3,Good value but a bit of white cast on deeper skin tones.,,2026-03-20T07:15:23+00:00
seed-v3-neutrogena-20260307-4,2026-03-07,neutrogena,Neutrogena,news,4,"Works well for daily sunscreen, but can pill with moisturizer.",,2026-03-20T07:15:23+00:00
seed-v3-neutrogena-20260307-5,2026-03-07,neutrogena,Neutrogena,twitter,4,"Great for acne-prone skin, no breakouts so far.",,2026-03-20T07:15:23+00:00
seed-v3-neutrogena-20260307-6,2026-03-07,neutrogena,Neutrogena,twitter,3,"Finish is matte, but stings around my eyes.",,2026-03-20T07:15:23+00:00
seed-v3-serum-20260307-0,2026-03-07,serum,Serum,news,5,Improved texture and visible glow.,,2026-03-20T07:15:23+00:00
seed-v3-serum-20260307-1,2026-03-07,serum,Serum,reddit,4,Improved texture and visible glow.,,2026-03-20T07:15:23+00:00
seed-v3-serum-20260307-2,2026-03-07,serum,Serum,twitter,4,Improved texture and visible glow.,,2026-03-20T07:15:23+00:00
seed-v3-serum-20260307-3,2026-03-07,serum,Serum,twitter,1,No noticeable effect and caused redness.,,2026-03-20T07:15:23+00:00
seed-v3-sunscreen-20260307-0,2026-03-07,sunscreen,Sunscreen,reviews,5,"Good daily SPF, absorbs quickly.",,2026-03-20T07:15:23+00:00
seed-v3-sunscreen-20260307-1,2026-03-07,sunscreen,Sunscreen,twitter,2,Decent protection but slightly greasy in humid weather.,,2026-03-20T07:15:23+00:00
seed-v3-supergoop-20260307-0,2026-03-07,supergoop,Supergoop!,twitter,3,"Love the glow, but wish it was less fragranced.",,2026-03-20T07:15:23+00:00
seed-v3-supergoop-20260307-1,2026-03-07,supergoop,Supergoop!,news,5,"No white cast, works like a primer with a soft glow.",,2026-03-20T07:15:23+00:00
seed-v3-supergoop-20260307-2,2026-03-07,supergoop,Supergoop!,twitter,1,"Love the glow, but wish it was less fragranced.",,2026-03-20T07:15:23+00:00
seed-v3-cerave-20260308-0,2026-03-08,cerave,CeraVe,twitter,3,Good everyday hydration and fragrance-free.,,2026-03-20T07:15:23+00:00
seed-v3-cerave-20260308-1,2026-03-08,cerave,CeraVe,reviews,4,"Stung around my nose, not for me.",,2026-03-20T07:15:23+00:00
seed-v3-cerave-20260308-2,2026-03-08,cerave,CeraVe,reviews,5,"Ceramides helped my dry skin, very gentle cleanser.",,2026-03-20T07:15:23+00:00
seed-v3-cerave-20260308-3,2026-03-08,cerave,CeraVe,reddit,4,"Ceramides helped my dry skin, very gentle cleanser.",,2026-03-20T07:15:23+00:00
seed-v3-cerave-20260308-4,2026-03-08,cerave,CeraVe,news,4,"Texture is okay, but it pills with sunscreen.",,2026-03-20T07:15:23+00:00
seed-v3-cerave-20260308-5,2026-03-08,cerave,CeraVe,reviews,5,"Works well, but the finish is a bit tacky.",,2026-03-20T07:15:23+00:00
seed-v3-cleanser-20260308-0,2026-03-08,cleanser,Cleanser,reviews,5,Cleans well without drying my skin.,,2026-03-20T07:15:23+00:00
seed-v3-cleanser-20260308-1,2026-03-08,cleanser,Cleanser,reddit,3,Good everyday cleanser for oily skin.,,2026-03-20T07:15:23+00:00
seed-v3-cleanser-20260308-2,2026-03-08,cleanser,Cleanser,reddit,1,Broke me out and felt harsh on my cheeks.,,2026-03-20T07:15:23+00:00
seed-v3-cleanser-20260308-3,2026-03-08,cleanser,Cleanser,reviews,5,Cleans well without drying my skin.,,2026-03-20T07:15:23+00:00
seed-v3-la_roche_posay-20260308-0,2026-03-08,la_roche_posay,La Roche-Posay,reviews,5,"Great for sensitive skin, but can feel heavy mid-day.",,2026-03-20T07:15:23+00:00
seed-v3-la_roche_posay-20260308-1,2026-03-08,la_roche_posay,La Roche-Posay,reddit,4,"Helped my barrier, fewer irritations this week.",,2026-03-20T07:15:23+00:00
seed-v3-la_roche_posay-20260308-2,2026-03-08,la_roche_posay,La Roche-Posay,reviews,5,Barrier repair feels solid but price is high.,,2026-03-20T07:15:23+00:00
seed-v3-la_roche_posay-20260308-3,2026-03-08,la_roche_posay,La Roche-Posay,reddit,3,"Soothing for sensitive skin, texture feels premium.",,2026-03-20T07:15:23+00:00
seed-v3-la_roche_posay-20260308-4,2026-03-08,la_roche_posay,La Roche-Posay,twitter,3,"Soothing for sensitive skin, texture feels premium.",,2026-03-20T07:15:23+00:00
seed-v3-la_roche_posay-20260308-5,2026-03-08,la_roche_posay,La Roche-Posay,news,2,"Broke me out after a week, had to stop.",,2026-03-20T07:15:23+00:00
seed-v3-moisturizer-20260308-0,2026-03-08,moisturizer,Moisturizer,twitter,4,Great value and smooth texture.,,2026-03-20T07:15:23+00:00
seed-v3-moisturizer-20260308-1,2026-03-08,moisturizer,Moisturizer,twitter,2,"Not enough for winter, but good layering.",,2026-03-20T07:15:23+00:00
seed-v3-moisturizer-20260308-2,2026-03-08,moisturizer,Moisturizer,twitter,4,Absorbs fast and helps my dry patches.,,2026-03-20T07:15:23+00:00
seed-v3-moisturizer-20260308-3,2026-03-08,moisturizer,Moisturizer,reddit,4,Hydrating and gentle for my sensitive skin.,,2026-03-20T07:15:23+00:00
seed-v3-neutrogena-20260308-0,2026-03-08,neutrogena,Neutrogena,twitter,2,Good value but a bit of white cast on deeper skin tones.,,2026-03-20T07:15:23+00:00
seed-v3-neutrogena-20260308-1,2026-03-08,neutrogena,Neutrogena,reddit,3,Solid protection and easy to reapply.,,2026-03-20T07:15:23+00:00
seed-v3-neutrogena-20260308-2,2026-03-08,neutrogena,Neutrogena,reviews,5,Solid protection and easy to reapply.,,2026-03-20T07:15:23+00:00
seed-v3-neutrogena-20260308-3,2026-03-08,neutrogena,Neutrogena,reviews,5,"Dry-touch finish, great for oily skin and acne-prone days.",,2026-03-20T07:15:23+00:00
seed-v3-neutrogena-20260308-4,2026-03-08,neutrogena,Neutrogena,news,3,"Works well for daily sunscreen, but can pill with moisturizer.",,2026-03-20T07:15:23+00:00
seed-v3-serum-20260308-0,2026-03-08,serum,Serum,reviews,2,No noticeable effect and caused redness.,,2026-03-20T07:15:23+00:00
seed-v3-sunscreen-20260308-0,2026-03-08,sunscreen,Sunscreen,reddit,1,Caused irritation and felt heavy.,,2026-03-20T07:15:23+00:00
seed-v3-sunscreen-20260308-1,2026-03-08,sunscreen,Sunscreen,reviews,5,"Good daily SPF, absorbs quickly.",,2026-03-20T07:15:23+00:00
seed-v3-sunscreen-20260308-2,2026-03-08,sunscreen,Sunscreen,reddit,2,Decent protection but slightly greasy in humid weather.,,2026-03-20T07:15:23+00:00
seed-v3-sunscreen-20260308-3,2026-03-08,sunscreen,Sunscreen,twitter,4,Lightweight sunscreen and no white cast.,,2026-03-20T07:15:23+00:00
seed-v3-supergoop-20260308-0,2026-03-08,supergoop,Supergoop!,reddit,1,"Great under makeup, but breaks me out sometimes.",,2026-03-20T07:15:23+00:00
seed-v3-supergoop-20260308-1,2026-03-08,supergoop,Supergoop!,twitter,1,Nice finish but feels pricey for the size.,,2026-03-20T07:15:23+00:00
seed-v3-cerave-20260309-0,2026-03-09,cerave,CeraVe,news,5,"Texture is okay, but it pills with sunscreen.",,2026-03-20T07:15:23+00:00
seed-v3-cerave-20260309-1,2026-03-09,cerave,CeraVe,twitter,4,"Reliable and gentle, no irritation.",,2026-03-20T07:15:23+00:00
seed-v3-cerave-20260309-2,2026-03-09,cerave,CeraVe,reviews,5,"Ceramides helped my dry skin, very gentle cleanser.",,2026-03-20T07:15:23+00:00
seed-v3-cerave-20260309-3,2026-03-09,cerave,CeraVe,reddit,4,"Reliable and gentle, no irritation.",,2026-03-20T07:15:23+00:00
seed-v3-cerave-20260309-4,2026-03-09,cerave,CeraVe,news,5,"Reliable and gentle, no irritation.",,2026-03-20T07:15:23+00:00
seed-v3-cerave-20260309-5,2026-03-09,cerave,CeraVe,reviews,5,"Ceramides helped my dry skin, very gentle cleanser.",,2026-03-20T07:15:23+00:00
seed-v3-cerave-20260309-6,2026-03-09,cerave,CeraVe,news,5,"Barrier feels stronger, less dryness overall.",,2026-03-20T07:15:23+00:00
seed-v3-cleanser-20260309-0,2026-03-09,cleanser,Cleanser,reviews,4,Works okay but fragrance is strong.,,2026-03-20T07:15:23+00:00
seed-v3-cleanser-20260309-1,2026-03-09,cleanser,Cleanser,reviews,5,"Gentle, but struggled to remove sunscreen.",,2026-03-20T07:15:23+00:00
seed-v3-cleanser-20260309-2,2026-03-09,cleanser,Cleanser,reviews,5,Cleans well without drying my skin.,,2026-03-20T07:15:23+00:00
seed-v3-cleanser-20260309-3,2026-03-09,cleanser,Cleanser,reddit,3,Cleans well without drying my skin.,,2026-03-20T07:15:23+00:00
seed-v3-la_roche_posay-20260309-0,2026-03-09,la_roche_posay,La Roche-Posay,reddit,2,"Great for sensitive skin, but can feel heavy mid-day.",,2026-03-20T07:15:23+00:00
seed-v3-la_roche_posay-20260309-1,2026-03-09,la_roche_posay,La Roche-Posay,reviews,5,"Great for sensitive skin, but can feel heavy mid-day.",,2026-03-20T07:15:23+00:00
seed-v3-la_roche_posay-20260309-2,2026-03-09,la_roche_posay,La Roche-Posay,twitter,1,"Broke me out after a week, had to stop.",,2026-03-20T07:15:23+00:00
seed-v3-la_roche_posay-20260309-3,2026-03-09,la_roche_posay,La Roche-Posay,reviews,4,Barrier repair feels solid but price is high.,,2026-03-20T07:15:23+00:00
seed-v3-la_roche_posay-20260309-4,2026-03-09,la_roche_posay,La Roche-Posay,reddit,2,"Did not work for my acne, caused clogged pores.",,2026-03-20T07:15:23+00:00
seed-v3-moisturizer-20260309-0,2026-03-09,moisturizer,Moisturizer,reddit,3,Hydrating and gentle for my sensitive skin.,,2026-03-20T07:15:23+00:00
seed-v3-moisturizer-20260309-1,2026-03-09,moisturizer,Moisturizer,news,3,Too oily and caused breakouts.,,2026-03-20T07:15:23+00:00
seed-v3-moisturizer-20260309-2,2026-03-09,moisturizer,Moisturizer,reviews,2,Too oily and caused breakouts.,,2026-03-20T07:15:23+00:00
seed-v3-moisturizer-20260309-3,2026-03-09,moisturizer,Moisturizer,reviews,3,Too oily and caused breakouts.,,2026-03-20T07:15:23+00:00
seed-v3-neutrogena-20260309-0,2026-03-09,neutrogena,Neutrogena,reviews,5,"Works well for daily sunscreen, but can pill with moisturizer.",,2026-03-20T07:15:23+00:00
seed-v3-neutrogena-20260309-1,2026-03-09,neutrogena,Neutrogena,news,5,Lightweight SPF that layers well under makeup.,,2026-03-20T07:15:23+00:00
seed-v3-neutrogena-20260309-2,2026-03-09,neutrogena,Neutrogena,twitter,1,"Finish is matte, but stings around my eyes.",,2026-03-20T07:15:23+00:00
seed-v3-neutrogena-20260309-3,2026-03-09,neutrogena,Neutrogena,news,3,"Finish is matte, but stings around my eyes.",,2026-03-20T07:15:23+00:00
seed-v3-neutrogena-20260309-4,2026-03-09,neutrogena,Neutrogena,twitter,4,"Dry-touch finish, great for oily skin and acne-prone days.",,2026-03-20T07:15:23+00:00
seed-v3-neutrogena-20260309-5,2026-03-09,neutrogena,Neutrogena,reddit,4,"Dry-touch finish, great for oily skin and acne-prone days.",,2026-03-20T07:15:23+00:00
seed-v3-neutrogena-20260309-6,2026-03-09,neutrogena,Neutrogena,twitter,3,Solid protection and easy to reapply.,,2026-03-20T07:15:23+00:00
seed-v3-neutrogena-20260309-7,2026-03-09,neutrogena,Neutrogena,reddit,4,"Works well for daily sunscreen, but can pill with moisturizer.",,2026-03-20T07:15:23+00:00
seed-v3-neutrogena-20260309-8,2026-03-09,neutrogena,Neutrogena,reddit,4,"Works well for daily sunscreen, but can pill with moisturizer.",,2026-03-20T07:15:23+00:00
seed-v3-serum-20260309-0,2026-03-09,serum,Serum,reviews,5,Improved texture and visible glow.,,2026-03-20T07:15:23+00:00
seed-v3-sunscreen-20260309-0,2026-03-09,sunscreen,Sunscreen,reviews,4,Decent protection but slightly greasy in humid weather.,,2026-03-20T07:15:23+00:00
seed-v3-sunscreen-20260309-1,2026-03-09,sunscreen,Sunscreen,reviews,3,"No white cast, but reapplication is messy on makeup.",,2026-03-20T07:15:23+00:00
seed-v3-sunscreen-20260309-2,2026-03-09,sunscreen,Sunscreen,reddit,3,Decent protection but slightly greasy in humid weather.,,2026-03-20T07:15:23+00:00
seed-v3-sunscreen-20260309-3,2026-03-09,sunscreen,Sunscreen,reviews,5,"Good daily SPF, absorbs quickly.",,2026-03-20T07:15:23+00:00
seed-v3-supergoop-20260309-0,2026-03-09,supergoop,Supergoop!,reviews,2,"Great under makeup, but breaks me out sometimes.",,2026-03-20T07:15:23+00:00
seed-v3-supergoop-20260309-1,2026-03-09,supergoop,Supergoop!,reviews,3,Nice finish but feels pricey for the size.,,2026-03-20T07:15:23+00:00
seed-v3-cerave-20260310-0,2026-03-10,cerave,CeraVe,reddit,4,"Reliable and gentle, no irritation.",,2026-03-20T07:15:23+00:00
seed-v3-cerave-20260310-1,2026-03-10,cerave,CeraVe,reviews,5,"Works well, but the finish is a bit tacky.",,2026-03-20T07:15:23+00:00
seed-v3-cerave-20260310-2,2026-03-10,cerave,CeraVe,reviews,5,"Stung around my nose, not for me.",,2026-03-20T07:15:23+00:00
seed-v3-cerave-20260310-3,2026-03-10,cerave,CeraVe,news,5,"Barrier feels stronger, less dryness overall.",,2026-03-20T07:15:23+00:00
seed-v3-cerave-20260310-4,2026-03-10,cerave,CeraVe,twitter,3,"Reliable and gentle, no irritation.",,2026-03-20T07:15:23+00:00
seed-v3-cleanser-20260310-0,2026-03-10,cleanser,Cleanser,reviews,5,Cleans well without drying my skin.,,2026-03-20T07:15:23+00:00
seed-v3-la_roche_posay-20260310-0,2026-03-10,la_roche_posay,La Roche-Posay,news,5,"Soothing for sensitive skin, texture feels premium.",,2026-03-20T07:15:23+00:00
seed-v3-la_roche_posay-20260310-1,2026-03-10,la_roche_posay,La Roche-Posay,reviews,5,"Great for sensitive skin, but can feel heavy mid-day.",,2026-03-20T07:15:23+00:00
seed-v3-la_roche_posay-20260310-2,2026-03-10,la_roche_posay,La Roche-Posay,news,4,"Great for sensitive skin, but can feel heavy mid-day.",,2026-03-20T07:15:23+00:00
seed-v3-la_roche_posay-20260310-3,2026-03-10,la_roche_posay,La Roche-Posay,twitter,2,"Great for sensitive skin, but can feel heavy mid-day.",,2026-03-20T07:15:23+00:00
seed-v3-moisturizer-20260310-0,2026-03-10,moisturizer,Moisturizer,twitter,1,Too oily and caused breakouts.,,2026-03-20T07:15:23+00:00
seed-v3-moisturizer-20260310-1,2026-03-10,moisturizer,Moisturizer,reviews,4,Too oily and caused breakouts.,,2026-03-20T07:15:23+00:00
seed-v3-moisturizer-20260310-2,2026-03-10,moisturizer,Moisturizer,reviews,5,Absorbs fast and helps my dry patches.,,2026-03-20T07:15:23+00:00
seed-v3-moisturizer-20260310-3,2026-03-10,moisturizer,Moisturizer,news,5,Hydrating and gentle for my sensitive skin.,,2026-03-20T07:15:23+00:00
seed-v3-moisturizer-20260310-4,2026-03-10,moisturizer,Moisturizer,reviews,5,Hydrating and gentle for my sensitive skin.,,2026-03-20T07:15:23+00:00
seed-v3-neutrogena-20260310-0,2026-03-10,neutrogena,Neutrogena,twitter,4,"Great for acne-prone skin, no breakouts so far.",,2026-03-20T07:15:23+00:00
seed-v3-neutrogena-20260310-1,2026-03-10,neutrogena,Neutrogena,reddit,3,Irritated my skin and felt heavy by afternoon.,,2026-03-20T07:15:23+00:00
seed-v3-neutrogena-20260310-2,2026-03-10,neutrogena,Neutrogena,reddit,4,"Dry-touch finish, great for oily skin and acne-prone days.",,2026-03-20T07:15:23+00:00
seed-v3-neutrogena-20260310-3,2026-03-10,neutrogena,Neutrogena,reviews,5,"Works well for daily sunscreen, but can pill with moisturizer.",,2026-03-20T07:15:23+00:00
seed-v3-neutrogena-20260310-4,2026-03-10,neutrogena,Neutrogena,twitter,4,Lightweight SPF that layers well under makeup.,,2026-03-20T07:15:23+00:00
seed-v3-neutrogena-20260310-5,2026-03-10,neutrogena,Neutrogena,reddit,4,Lightweight SPF that layers well under makeup.,,2026-03-20T07:15:23+00:00
seed-v3-neutrogena-20260310-6,2026-03-10,neutrogena,Neutrogena,news,4,"Dry-touch finish, great for oily skin and acne-prone days.",,2026-03-20T07:15:23+00:00
seed-v3-serum-20260310-0,2026-03-10,serum,Serum,reviews,4,Absorbs fast and works under makeup.,,2026-03-20T07:15:23+00:00
seed-v3-sunscreen-20260310-0,2026-03-10,sunscreen,Sunscreen,reviews,5,"Good daily SPF, absorbs quickly.",,2026-03-20T07:15:23+00:00
seed-v3-sunscreen-20260310-1,2026-03-10,sunscreen,Sunscreen,reddit,3,"Good daily SPF, absorbs quickly.",,2026-03-20T07:15:23+00:00
seed-v3-sunscreen-20260310-2,2026-03-10,sunscreen,Sunscreen,reddit,1,Caused irritation and felt heavy.,,2026-03-20T07:15:23+00:00
seed-v3-sunscreen-20260310-3,2026-03-10,sunscreen,Sunscreen,reddit,4,"Great for daily wear, feels weightless.",,2026-03-20T07:15:23+00:00
seed-v3-sunscreen-20260310-4,2026-03-10,sunscreen,Sunscreen,reddit,1,Decent protection but slightly greasy in humid weather.,,2026-03-20T07:15:23+00:00
seed-v3-supergoop-20260310-0,2026-03-10,supergoop,Supergoop!,reviews,3,"Too shiny on my skin, had to blot often.",,2026-03-20T07:15:23+00:00
seed-v3-cerave-20260311-0,2026-03-11,cerave,CeraVe,reddit,4,Good everyday hydration and fragrance-free.,,2026-03-20T07:15:23+00:00
seed-v3-cerave-20260311-1,2026-03-11,cerave,CeraVe,reddit,4,"Love the ceramides, great for winter skin.",,2026-03-20T07:15:23+00:00
seed-v3-cerave-20260311-2,2026-03-11,cerave,CeraVe,reddit,1,"Stung around my nose, not for me.",,2026-03-20T07:15:23+00:00
seed-v3-cerave-20260311-3,2026-03-11,cerave,CeraVe,reddit,1,"Stung around my nose, not for me.",,2026-03-20T07:15:23+00:00
seed-v3-cerave-20260311-4,2026-03-11,cerave,CeraVe,reviews,4,"Texture is okay, but it pills with sunscreen.",,2026-03-20T07:15:23+00:00
seed-v3-cerave-20260311-5,2026-03-11,cerave,CeraVe,reviews,3,"Stung around my nose, not for me.",,2026-03-20T07:15:23+00:00
seed-v3-cleanser-20260311-0,2026-03-11,cleanser,Cleanser,reddit,1,Broke me out and felt harsh on my cheeks.,,2026-03-20T07:15:23+00:00
seed-v3-cleanser-20260311-1,2026-03-11,cleanser,Cleanser,twitter,3,Good everyday cleanser for oily skin.,,2026-03-20T07:15:23+00:00
seed-v3-cleanser-20260311-2,2026-03-11,cleanser,Cleanser,reddit,4,Cleans well without drying my skin.,,2026-03-20T07:15:23+00:00
seed-v3-la_roche_posay-20260311-0,2026-03-11,la_roche_posay,La Roche-Posay,twitter,1,"Broke me out after a week, had to stop.",,2026-03-20T07:15:23+00:00
seed-v3-la_roche_posay-20260311-1,2026-03-11,la_roche_posay,La Roche-Posay,reviews,4,"Helped my barrier, fewer irritations this week.",,2026-03-20T07:15:23+00:00
seed-v3-la_roche_posay-20260311-2,2026-03-11,la_roche_posay,La Roche-Posay,news,5,Calms redness quickly and feels gentle.,,2026-03-20T07:15:23+00:00
seed-v3-moisturizer-20260311-0,2026-03-11,moisturizer,Moisturizer,twitter,4,Great value and smooth texture.,,2026-03-20T07:15:23+00:00
seed-v3-moisturizer-20260311-1,2026-03-11,moisturizer,Moisturizer,twitter,3,Great value and smooth texture.,,2026-03-20T07:15:23+00:00
seed-v3-neutrogena-20260311-0,2026-03-11,neutrogena,Neutrogena,reviews,4,Irritated my skin and felt heavy by afternoon.,,2026-03-20T07:15:23+00:00
seed-v3-neutrogena-20260311-1,2026-03-11,neutrogena,Neutrogena,reddit,3,Good value but a bit of white cast on deeper skin tones.,,2026-03-20T07:15:23+00:00
seed-v3-neutrogena-20260311-2,2026-03-11,neutrogena,Neutrogena,reddit,4,"Great for acne-prone skin, no breakouts so far.",,2026-03-20T07:15:23+00:00
seed-v3-neutrogena-20260311-3,2026-03-11,neutrogena,Neutrogena,reviews,5,Lightweight SPF that layers well under makeup.,,2026-03-20T07:15:23+00:00
seed-v3-neutrogena-20260311-4,2026-03-11,neutrogena,Neutrogena,twitter,4,"Works well for daily sunscreen, but can pill with moisturizer.",,2026-03-20T07:15:23+00:00
seed-v3-neutrogena-20260311-5,2026-03-11,neutrogena,Neutrogena,news,5,Lightweight SPF that layers well under makeup.,,2026-03-20T07:15:23+00:00
seed-v3-neutrogena-20260311-6,2026-03-11,neutrogena,Neutrogena,reddit,4,Good value but a bit of white cast on deeper skin tones.,,2026-03-20T07:15:23+00:00
seed-v3-neutrogena-20260311-7,2026-03-11,neutrogena,Neutrogena,news,3,Irritated my skin and felt heavy by afternoon.,,2026-03-20T07:15:23+00:00
seed-v3-neutrogena-20260311-8,2026-03-11,neutrogena,Neutrogena,reddit,4,"Dry-touch finish, great for oily skin and acne-prone days.",,2026-03-20T07:15:23+00:00
seed-v3-serum-20260311-0,2026-03-11,serum,Serum,reviews,3,No noticeable effect and caused redness.,,2026-03-20T07:15:23+00:00
seed-v3-serum-20260311-1,2026-03-11,serum,Serum,twitter,1,"Too strong for me, tingled a lot.",,2026-03-20T07:15:23+00:00
seed-v3-serum-20260311-2,2026-03-11,serum,Serum,news,2,No noticeable effect and caused redness.,,2026-03-20T07:15:23+00:00
seed-v3-sunscreen-20260311-0,2026-03-11,sunscreen,Sunscreen,reviews,5,Lightweight sunscreen and no white cast.,,2026-03-20T07:15:23+00:00
seed-v3-sunscreen-20260311-1,2026-03-11,sunscreen,Sunscreen,twitter,3,"Good daily SPF, absorbs quickly.",,2026-03-20T07:15:23+00:00
seed-v3-sunscreen-20260311-2,2026-03-11,sunscreen,Sunscreen,news,4,Lightweight sunscreen and no white cast.,,2026-03-20T07:15:23+00:00
seed-v3-sunscreen-20260311-3,2026-03-11,sunscreen,Sunscreen,twitter,4,"Good daily SPF, absorbs quickly.",,2026-03-20T07:15:23+00:00
seed-v3-supergoop-20260311-0,2026-03-11,supergoop,Supergoop!,reviews,2,Nice finish but feels pricey for the size.,,2026-03-20T07:15:23+00:00
seed-v3-cerave-20260312-0,2026-03-12,cerave,CeraVe,reviews,5,Good everyday hydration and fragrance-free.,,2026-03-20T07:15:23+00:00
seed-v3-cerave-20260312-1,2026-03-12,cerave,CeraVe,twitter,2,"Stung around my nose, not for me.",,2026-03-20T07:15:23+00:00
seed-v3-cerave-20260312-2,2026-03-12,cerave,CeraVe,reviews,5,"Reliable and gentle, no irritation.",,2026-03-20T07:15:23+00:00
seed-v3-cerave-20260312-3,2026-03-12,cerave,CeraVe,news,5,"Barrier feels stronger, less dryness overall.",,2026-03-20T07:15:23+00:00
seed-v3-cleanser-20260312-0,2026-03-12,cleanser,Cleanser,reviews,5,Cleans well without drying my skin.,,2026-03-20T07:15:23+00:00
seed-v3-cleanser-20260312-1,2026-03-12,cleanser,Cleanser,news,4,"Gentle, but struggled to remove sunscreen.",,2026-03-20T07:15:23+00:00
seed-v3-cleanser-20260312-2,2026-03-12,cleanser,Cleanser,twitter,3,Works okay but fragrance is strong.,,2026-03-20T07:15:23+00:00
seed-v3-cleanser-20260312-3,2026-03-12,cleanser,Cleanser,reddit,4,Good everyday cleanser for oily skin.,,2026-03-20T07:15:23+00:00
seed-v3-la_roche_posay-20260312-0,2026-03-12,la_roche_posay,La Roche-Posay,reviews,3,"Great for sensitive skin, but can feel heavy mid-day.",,2026-03-20T07:15:23+00:00
seed-v3-la_roche_posay-20260312-1,2026-03-12,la_roche_posay,La Roche-Posay,reviews,4,"Helped my barrier, fewer irritations this week.",,2026-03-20T07:15:23+00:00
seed-v3-la_roche_posay-20260312-2,2026-03-12,la_roche_posay,La Roche-Posay,news,1,"Did not work for my acne, caused clogged pores.",,2026-03-20T07:15:23+00:00
seed-v3-la_roche_posay-20260312-3,2026-03-12,la_roche_posay,La Roche-Posay,reviews,2,"Did not work for my acne, caused clogged pores.",,2026-03-20T07:15:23+00:00
seed-v3-la_roche_posay-20260312-4,2026-03-12,la_roche_posay,La Roche-Posay,reviews,2,"Broke me out after a week, had to stop.",,2026-03-20T07:15:23+00:00
seed-v3-la_roche_posay-20260312-5,2026-03-12,la_roche_posay,La Roche-Posay,reviews,5,"Soothing for sensitive skin, texture feels premium.",,2026-03-20T07:15:23+00:00
seed-v3-la_roche_posay-20260312-6,2026-03-12,la_roche_posay,La Roche-Posay,reddit,4,Calms redness quickly and feels gentle.,,2026-03-20T07:15:23+00:00
seed-v3-moisturizer-20260312-0,2026-03-12,moisturizer,Moisturizer,twitter,3,Absorbs fast and helps my dry patches.,,2026-03-20T07:15:23+00:00
seed-v3-neutrogena-20260312-0,2026-03-12,neutrogena,Neutrogena,reddit,1,Irritated my skin and felt heavy by afternoon.,,2026-03-20T07:15:23+00:00
seed-v3-neutrogena-20260312-1,2026-03-12,neutrogena,Neutrogena,reddit,2,Good value but a bit of white cast on deeper skin tones.,,2026-03-20T07:15:23+00:00
seed-v3-neutrogena-20260312-2,2026-03-12,neutrogena,Neutrogena,reddit,4,Good value but a bit of white cast on deeper skin tones.,,2026-03-20T07:15:23+00:00
seed-v3-neutrogena-20260312-3,2026-03-12,neutrogena,Neutrogena,reviews,5,"Dry-touch finish, great for oily skin and acne-prone days.",,2026-03-20T07:15:23+00:00
seed-v3-neutrogena-20260312-4,2026-03-12,neutrogena,Neutrogena,news,3,Irritated my skin and felt heavy by afternoon.,,2026-03-20T07:15:23+00:00
seed-v3-neutrogena-20260312-5,2026-03-12,neutrogena,Neutrogena,reddit,4,Lightweight SPF that layers well under makeup.,,2026-03-20T07:15:23+00:00
seed-v3-serum-20260312-0,2026-03-12,serum,Serum,reviews,4,Good results but expensive for quantity.,,2026-03-20T07:15:23+00:00
seed-v3-serum-20260312-1,2026-03-12,serum,Serum,reviews,3,No noticeable effect and caused redness.,,2026-03-20T07:15:23+00:00
seed-v3-serum-20260312-2,2026-03-12,serum,Serum,reviews,5,Improved texture and visible glow.,,2026-03-20T07:15:23+00:00
seed-v3-serum-20260312-3,2026-03-12,serum,Serum,reddit,1,No noticeable effect and caused redness.,,2026-03-20T07:15:23+00:00
seed-v3-sunscreen-20260312-0,2026-03-12,sunscreen,Sunscreen,reviews,5,Decent protection but slightly greasy in humid weather.,,2026-03-20T07:15:23+00:00
seed-v3-sunscreen-20260312-1,2026-03-12,sunscreen,Sunscreen,twitter,1,Decent protection but slightly greasy in humid weather.,,2026-03-20T07:15:23+00:00
seed-v3-sunscreen-20260312-2,2026-03-12,sunscreen,Sunscreen,news,5,Lightweight sunscreen and no white cast.,,2026-03-20T07:15:23+00:00
seed-v3-sunscreen-20260312-3,2026-03-12,sunscreen,Sunscreen,reviews,3,"No white cast, but reapplication is messy on makeup.",,2026-03-20T07:15:23+00:00
seed-v3-sunscreen-20260312-4,2026-03-12,sunscreen,Sunscreen,news,4,"Great for daily wear, feels weightless.",,2026-03-20T07:15:23+00:00
seed-v3-supergoop-20260312-0,2026-03-12,supergoop,Supergoop!,twitter,2,"No white cast, works like a primer with a soft glow.",,2026-03-20T07:15:23+00:00
seed-v3-supergoop-20260312-1,2026-03-12,supergoop,Supergoop!,news,2,"Great under makeup, but breaks me out sometimes.",,2026-03-20T07:15:23+00:00
seed-v3-cerave-20260313-0,2026-03-13,cerave,CeraVe,reviews,5,"Reliable and gentle, no irritation.",,2026-03-20T07:15:23+00:00
seed-v3-cerave-20260313-1,2026-03-13,cerave,CeraVe,reddit,4,"Reliable and gentle, no irritation.",,2026-03-20T07:15:23+00:00
seed-v3-cerave-20260313-2,2026-03-13,cerave,CeraVe,reviews,5,"Love the ceramides, great for winter skin.",,2026-03-20T07:15:23+00:00
seed-v3-cerave-20260313-3,2026-03-13,cerave,CeraVe,reddit,3,"Works well, but the finish is a bit tacky.",,2026-03-20T07:15:23+00:00
seed-v3-cerave-20260313-4,2026-03-13,cerave,CeraVe,reddit,4,"Ceramides helped my dry skin, very gentle cleanser.",,2026-03-20T07:15:23+00:00
seed-v3-cerave-20260313-5,2026-03-13,cerave,CeraVe,reddit,4,"Works well, but the finish is a bit tacky.",,2026-03-20T07:15:23+00:00
seed-v3-cerave-20260313-6,2026-03-13,cerave,CeraVe,reddit,1,"Stung around my nose, not for me.",,2026-03-20T07:15:23+00:00
seed-v3-cerave-20260313-7,2026-03-13,cerave,CeraVe,reddit,2,"Stung around my nose, not for me.",,2026-03-20T07:15:23+00:00
seed-v3-cerave-20260313-8,2026-03-13,cerave,CeraVe,reddit,4,"Texture is okay, but it pills with sunscreen.",,2026-03-20T07:15:23+00:00
seed-v3-cleanser-20260313-0,2026-03-13,cleanser,Cleanser,news,2,Works okay but fragrance is strong.,,2026-03-20T07:15:23+00:00
seed-v3-cleanser-20260313-1,2026-03-13,cleanser,Cleanser,reviews,5,Works okay but fragrance is strong.,,2026-03-20T07:15:23+00:00
seed-v3-cleanser-20260313-2,2026-03-13,cleanser,Cleanser,news,4,Works okay but fragrance is strong.,,2026-03-20T07:15:23+00:00
seed-v3-cleanser-20260313-3,2026-03-13,cleanser,Cleanser,reviews,4,Works okay but fragrance is strong.,,2026-03-20T07:15:23+00:00
seed-v3-la_roche_posay-20260313-0,2026-03-13,la_roche_posay,La Roche-Posay,news,3,"A little greasy in humid weather, still effective.",,2026-03-20T07:15:23+00:00
seed-v3-la_roche_posay-20260313-1,2026-03-13,la_roche_posay,La Roche-Posay,news,5,"Soothing for sensitive skin, texture feels premium.",,2026-03-20T07:15:23+00:00
seed-v3-la_roche_posay-20260313-2,2026-03-13,la_roche_posay,La Roche-Posay,reviews,3,"Broke me out after a week, had to stop.",,2026-03-20T07:15:23+00:00
seed-v3-la_roche_posay-20260313-3,2026-03-13,la_roche_posay,La Roche-Posay,news,3,"Great for sensitive skin, but can feel heavy mid-day.",,2026-03-20T07:15:23+00:00
seed-v3-moisturizer-20260313-0,2026-03-13,moisturizer,Moisturizer,reviews,5,Hydrating and gentle for my sensitive skin.,,2026-03-20T07:15:23+00:00
seed-v3-moisturizer-20260313-1,2026-03-13,moisturizer,Moisturizer,news,4,Great value and smooth texture.,,2026-03-20T07:15:23+00:00
seed-v3-moisturizer-20260313-2,2026-03-13,moisturizer,Moisturizer,twitter,4,Absorbs fast and helps my dry patches.,,2026-03-20T07:15:23+00:00
seed-v3-moisturizer-20260313-3,2026-03-13,moisturizer,Moisturizer,reviews,4,Great value and smooth texture.,,2026-03-20T07:15:23+00:00
seed-v3-neutrogena-20260313-0,2026-03-13,neutrogena,Neutrogena,reviews,5,Solid protection and easy to reapply.,,2026-03-20T07:15:23+00:00
seed-v3-neutrogena-20260313-1,2026-03-13,neutrogena,Neutrogena,reddit,3,Solid protection and easy to reapply.,,2026-03-20T07:15:23+00:00
seed-v3-neutrogena-20260313-2,2026-03-13,neutrogena,Neutrogena,news,5,"Dry-touch finish, great for oily skin and acne-prone days.",,2026-03-20T07:15:23+00:00
seed-v3-neutrogena-20260313-3,2026-03-13,neutrogena,Neutrogena,reddit,4,"Works well for daily sunscreen, but can pill with moisturizer.",,2026-03-20T07:15:23+00:00
seed-v3-neutrogena-20260313-4,2026-03-13,neutrogena,Neutrogena,news,2,Irritated my skin and felt heavy by afternoon.,,2026-03-20T07:15:23+00:00
seed-v3-neutrogena-20260313-5,2026-03-13,neutrogena,Neutrogena,reddit,4,"Great for acne-prone skin, no breakouts so far.",,2026-03-20T07:15:23+00:00
seed-v3-serum-20260313-0,2026-03-13,serum,Serum,reviews,4,Helped with dark spots over a few weeks.,,2026-03-20T07:15:23+00:00
seed-v3-serum-20260313-1,2026-03-13,serum,Serum,reviews,5,Improved texture and visible glow.,,2026-03-20T07:15:23+00:00
seed-v3-sunscreen-20260313-0,2026-03-13,sunscreen,Sunscreen,reviews,3,"No white cast, but reapplication is messy on makeup.",,2026-03-20T07:15:23+00:00
seed-v3-sunscreen-20260313-1,2026-03-13,sunscreen,Sunscreen,reviews,2,Caused irritation and felt heavy.,,2026-03-20T07:15:23+00:00
seed-v3-sunscreen-20260313-2,2026-03-13,sunscreen,Sunscreen,reddit,1,"No white cast, but reapplication is messy on makeup.",,2026-03-20T07:15:23+00:00
seed-v3-sunscreen-20260313-3,2026-03-13,sunscreen,Sunscreen,reddit,4,"Good daily SPF, absorbs quickly.",,2026-03-20T07:15:23+00:00
seed-v3-sunscreen-20260313-4,2026-03-13,sunscreen,Sunscreen,reviews,5,Lightweight sunscreen and no white cast.,,2026-03-20T07:15:23+00:00
seed-v3-sunscreen-20260313-5,2026-03-13,sunscreen,Sunscreen,reviews,5,Lightweight sunscreen and no white cast.,,2026-03-20T07:15:23+00:00
seed-v3-supergoop-20260313-0,2026-03-13,supergoop,Supergoop!,twitter,2,"Love the glow, but wish it was less fragranced.",,2026-03-20T07:15:23+00:00
seed-v3-cerave-20260314-0,2026-03-14,cerave,CeraVe,reviews,4,"Works well, but the finish is a bit tacky.",,2026-03-20T07:15:23+00:00
seed-v3-cerave-20260314-1,2026-03-14,cerave,CeraVe,reviews,5,"Ceramides helped my dry skin, very gentle cleanser.",,2026-03-20T07:15:23+00:00
seed-v3-cerave-20260314-2,2026-03-14,cerave,CeraVe,news,5,"Love the ceramides, great for winter skin.",,2026-03-20T07:15:23+00:00
seed-v3-cerave-20260314-3,2026-03-14,cerave,CeraVe,news,5,Good everyday hydration and fragrance-free.,,2026-03-20T07:15:23+00:00
seed-v3-cerave-20260314-4,2026-03-14,cerave,CeraVe,reddit,4,Good everyday hydration and fragrance-free.,,2026-03-20T07:15:23+00:00
seed-v3-cerave-20260314-5,2026-03-14,cerave,CeraVe,reviews,5,"Ceramides helped my dry skin, very gentle cleanser.",,2026-03-20T07:15:23+00:00
seed-v3-cerave-20260314-6,2026-03-14,cerave,CeraVe,news,5,"Love the ceramides, great for winter skin.",,2026-03-20T07:15:23+00:00
seed-v3-cerave-20260314-7,2026-03-14,cerave,CeraVe,reddit,4,"Reliable and gentle, no irritation.",,2026-03-20T07:15:23+00:00
seed-v3-cleanser-20260314-0,2026-03-14,cleanser,Cleanser,reviews,2,Made my skin tight and itchy.,,2026-03-20T07:15:23+00:00
seed-v3-cleanser-20260314-1,2026-03-14,cleanser,Cleanser,news,2,Works okay but fragrance is strong.,,2026-03-20T07:15:23+00:00
seed-v3-cleanser-20260314-2,2026-03-14,cleanser,Cleanser,twitter,3,Cleans well without drying my skin.,,2026-03-20T07:15:23+00:00
seed-v3-cleanser-20260314-3,2026-03-14,cleanser,Cleanser,reviews,4,Made my skin tight and itchy.,,2026-03-20T07:15:23+00:00
seed-v3-cleanser-20260314-4,2026-03-14,cleanser,Cleanser,reddit,2,Broke me out and felt harsh on my cheeks.,,2026-03-20T07:15:23+00:00
seed-v3-la_roche_posay-20260314-0,2026-03-14,la_roche_posay,La Roche-Posay,reviews,5,"Helped my barrier, fewer irritations this week.",,2026-03-20T07:15:23+00:00
seed-v3-la_roche_posay-20260314-1,2026-03-14,la_roche_posay,La Roche-Posay,reviews,5,"Soothing for sensitive skin, texture feels premium.",,2026-03-20T07:15:23+00:00
seed-v3-la_roche_posay-20260314-2,2026-03-14,la_roche_posay,La Roche-Posay,news,5,Barrier repair feels solid but price is high.,,2026-03-20T07:15:23+00:00
seed-v3-la_roche_posay-20260314-3,2026-03-14,la_roche_posay,La Roche-Posay,reddit,3,"Helped my barrier, fewer irritations this week.",,2026-03-20T07:15:23+00:00
seed-v3-la_roche_posay-20260314-4,2026-03-14,la_roche_posay,La Roche-Posay,reddit,1,"Broke me out after a week, had to stop.",,2026-03-20T07:15:23+00:00
seed-v3-la_roche_posay-20260314-5,2026-03-14,la_roche_posay,La Roche-Posay,reddit,1,"Great for sensitive skin, but can feel heavy mid-day.",,2026-03-20T07:15:23+00:00
seed-v3-moisturizer-20260314-0,2026-03-14,moisturizer,Moisturizer,reddit,1,Too oily and caused breakouts.,,2026-03-20T07:15:23+00:00
seed-v3-moisturizer-20260314-1,2026-03-14,moisturizer,Moisturizer,reddit,2,"Not enough for winter, but good layering.",,2026-03-20T07:15:23+00:00
seed-v3-neutrogena-20260314-0,2026-03-14,neutrogena,Neutrogena,reddit,3,Solid protection and easy to reapply.,,2026-03-20T07:15:23+00:00
seed-v3-neutrogena-20260314-1,2026-03-14,neutrogena,Neutrogena,twitter,3,Irritated my skin and felt heavy by afternoon.,,2026-03-20T07:15:23+00:00
seed-v3-neutrogena-20260314-2,2026-03-14,neutrogena,Neutrogena,reddit,2,"Works well for daily sunscreen, but can pill with moisturizer.",,2026-03-20T07:15:23+00:00
seed-v3-neutrogena-20260314-3,2026-03-14,neutrogena,Neutrogena,reddit,3,Good value but a bit of white cast on deeper skin tones.,,2026-03-20T07:15:23+00:00
seed-v3-neutrogena-20260314-4,2026-03-14,neutrogena,Neutrogena,news,4,"Works well for daily sunscreen, but can pill with moisturizer.",,2026-03-20T07:15:23+00:00
seed-v3-neutrogena-20260314-5,2026-03-14,neutrogena,Neutrogena,reddit,4,"Works well for daily sunscreen, but can pill with moisturizer.",,2026-03-20T07:15:23+00:00
seed-v3-neutrogena-20260314-6,2026-03-14,neutrogena,Neutrogena,news,3,"Finish is matte, but stings around my eyes.",,2026-03-20T07:15:23+00:00
seed-v3-neutrogena-20260314-7,2026-03-14,neutrogena,Neutrogena,reddit,3,"Finish is matte, but stings around my eyes.",,2026-03-20T07:15:23+00:00
seed-v3-serum-20260314-0,2026-03-14,serum,Serum,twitter,1,No noticeable effect and caused redness.,,2026-03-20T07:15:23+00:00
seed-v3-serum-20260314-1,2026-03-14,serum,Serum,reviews,3,No noticeable effect and caused redness.,,2026-03-20T07:15:23+00:00
seed-v3-sunscreen-20260314-0,2026-03-14,sunscreen,Sunscreen,reviews,3,"No white cast, but reapplication is messy on makeup.",,2026-03-20T07:15:23+00:00
seed-v3-sunscreen-20260314-1,2026-03-14,sunscreen,Sunscreen,news,1,Caused irritation and felt heavy.,,2026-03-20T07:15:23+00:00
seed-v3-sunscreen-20260314-2,2026-03-14,sunscreen,Sunscreen,reviews,5,"Great for daily wear, feels weightless.",,2026-03-20T07:15:23+00:00
seed-v3-sunscreen-20260314-3,2026-03-14,sunscreen,Sunscreen,reviews,5,Decent protection but slightly greasy in humid weather.,,2026-03-20T07:15:23+00:00
seed-v3-sunscreen-20260314-4,2026-03-14,sunscreen,Sunscreen,twitter,4,"Good daily SPF, absorbs quickly.",,2026-03-20T07:15:23+00:00
seed-v3-sunscreen-20260314-5,2026-03-14,sunscreen,Sunscreen,reviews,5,Decent protection but slightly greasy in humid weather.,,2026-03-20T07:15:23+00:00
seed-v3-supergoop-20260314-0,2026-03-14,supergoop,Supergoop!,twitter,3,"Love the glow, but wish it was less fragranced.",,2026-03-20T07:15:23+00:00
seed-v3-supergoop-20260314-1,2026-03-14,supergoop,Supergoop!,twitter,1,"Love the glow, but wish it was less fragranced.",,2026-03-20T07:15:23+00:00
seed-v3-supergoop-20260314-2,2026-03-14,supergoop,Supergoop!,reddit,3,"Love the glow, but wish it was less fragranced.",,2026-03-20T07:15:23+00:00
seed-v3-cerave-20260315-0,2026-03-15,cerave,CeraVe,twitter,4,"Texture is okay, but it pills with sunscreen.",,2026-03-20T07:15:23+00:00
seed-v3-cerave-20260315-1,2026-03-15,cerave,CeraVe,reddit,4,"Reliable and gentle, no irritation.",,2026-03-20T07:15:23+00:00
seed-v3-cerave-20260315-2,2026-03-15,cerave,CeraVe,reviews,5,"Reliable and gentle, no irritation.",,2026-03-20T07:15:23+00:00
seed-v3-cerave-20260315-3,2026-03-15,cerave,CeraVe,twitter,4,"Love the ceramides, great for winter skin.",,2026-03-20T07:15:23+00:00
seed-v3-cerave-20260315-4,2026-03-15,cerave,CeraVe,news,4,Good everyday hydration and fragrance-free.,,2026-03-20T07:15:23+00:00
seed-v3-cleanser-20260315-0,2026-03-15,cleanser,Cleanser,reviews,2,Made my skin tight and itchy.,,2026-03-20T07:15:23+00:00
seed-v3-cleanser-20260315-1,2026-03-15,cleanser,Cleanser,reviews,5,Good everyday cleanser for oily skin.,,2026-03-20T07:15:23+00:00
seed-v3-cleanser-20260315-2,2026-03-15,cleanser,Cleanser,twitter,1,Made my skin tight and itchy.,,2026-03-20T07:15:23+00:00
seed-v3-cleanser-20260315-3,2026-03-15,cleanser,Cleanser,twitter,4,Cleans well without drying my skin.,,2026-03-20T07:15:23+00:00
seed-v3-cleanser-20260315-4,2026-03-15,cleanser,Cleanser,twitter,4,Cleans well without drying my skin.,,2026-03-20T07:15:23+00:00
seed-v3-la_roche_posay-20260315-0,2026-03-15,la_roche_posay,La Roche-Posay,twitter,4,"Soothing for sensitive skin, texture feels premium.",,2026-03-20T07:15:23+00:00
seed-v3-la_roche_posay-20260315-1,2026-03-15,la_roche_posay,La Roche-Posay,reviews,4,Barrier repair feels solid but price is high.,,2026-03-20T07:15:23+00:00
seed-v3-la_roche_posay-20260315-2,2026-03-15,la_roche_posay,La Roche-Posay,reddit,1,"Broke me out after a week, had to stop.",,2026-03-20T07:15:23+00:00
seed-v3-la_roche_posay-20260315-3,2026-03-15,la_roche_posay,La Roche-Posay,twitter,1,"Did not work for my acne, caused clogged pores.",,2026-03-20T07:15:23+00:00
seed-v3-moisturizer-20260315-0,2026-03-15,moisturizer,Moisturizer,reviews,4,Too oily and caused breakouts.,,2026-03-20T07:15:23+00:00
seed-v3-neutrogena-20260315-0,2026-03-15,neutrogena,Neutrogena,reddit,4,Solid protection and easy to reapply.,,2026-03-20T07:15:23+00:00
seed-v3-neutrogena-20260315-1,2026-03-15,neutrogena,Neutrogena,reviews,5,Lightweight SPF that layers well under makeup.,,2026-03-20T07:15:23+00:00
seed-v3-neutrogena-20260315-2,2026-03-15,neutrogena,Neutrogena,reviews,4,"Works well for daily sunscreen, but can pill with moisturizer.",,2026-03-20T07:15:23+00:00
seed-v3-neutrogena-20260315-3,2026-03-15,neutrogena,Neutrogena,twitter,3,"Finish is matte, but stings around my eyes.",,2026-03-20T07:15:23+00:00
seed-v3-neutrogena-20260315-4,2026-03-15,neutrogena,Neutrogena,news,5,"Works well for daily sunscreen, but can pill with moisturizer.",,2026-03-20T07:15:23+00:00
seed-v3-neutrogena-20260315-5,2026-03-15,neutrogena,Neutrogena,reviews,5,"Great for acne-prone skin, no breakouts so far.",,2026-03-20T07:15:23+00:00
seed-v3-neutrogena-20260315-6,2026-03-15,neutrogena,Neutrogena,reddit,4,Solid protection and easy to reapply.,,2026-03-20T07:15:23+00:00
seed-v3-neutrogena-20260315-7,2026-03-15,neutrogena,Neutrogena,reddit,3,Good value but a bit of white cast on deeper skin tones.,,2026-03-20T07:15:23+00:00
seed-v3-neutrogena-20260315-8,2026-03-15,neutrogena,Neutrogena,reviews,5,"Dry-touch finish, great for oily skin and acne-prone days.",,2026-03-20T07:15:23+00:00
seed-v3-serum-20260315-0,2026-03-15,serum,Serum,reviews,5,Absorbs fast and works under makeup.,,2026-03-20T07:15:23+00:00
seed-v3-sunscreen-20260315-0,2026-03-15,sunscreen,Sunscreen,twitter,1,Caused irritation and felt heavy.,,2026-03-20T07:15:23+00:00
seed-v3-sunscreen-20260315-1,2026-03-15,sunscreen,Sunscreen,news,4,Lightweight sunscreen and no white cast.,,2026-03-20T07:15:23+00:00
seed-v3-sunscreen-20260315-2,2026-03-15,sunscreen,Sunscreen,reddit,1,Caused irritation and felt heavy.,,2026-03-20T07:15:23+00:00
seed-v3-sunscreen-20260315-3,2026-03-15,sunscreen,Sunscreen,reviews,5,"Great for daily wear, feels weightless.",,2026-03-20T07:15:23+00:00
seed-v3-supergoop-20260315-0,2026-03-15,supergoop,Supergoop!,reddit,1,"Great under makeup, but breaks me out sometimes.",,2026-03-20T07:15:23+00:00
seed-v3-supergoop-20260315-1,2026-03-15,supergoop,Supergoop!,twitter,1,"Too shiny on my skin, had to blot often.",,2026-03-20T07:15:23+00:00
seed-v3-supergoop-20260315-2,2026-03-15,supergoop,Supergoop!,twitter,1,"Too shiny on my skin, had to blot often.",,2026-03-20T07:15:23+00:00
api-3f6827bab26e,2026-03-16,sunscreen,Sunscreen,api,4,"Excellent texture and lightweight feel, but price is a little high.",d5a6c532-0dc3-4d0d-8556-8a11987d0b00,2026-03-16T14:05:27+00:00
api-48838f40b23b,2026-03-16,sunscreen,Sunscreen,api,4,"Excellent texture and lightweight feel, but price is a little high.",ff75f680-bf64-48b7-86ab-d03b48ed12d2,2026-03-16T14:01:30+00:00
api-6a909d8853b3,2026-03-16,sunscreen,Sunscreen,api,4,"Excellent texture and lightweight feel, but price is a little high.",87531417-034d-4a4b-a7be-a5092cfb89ea,2026-03-16T15:09:25+00:00
api-6b207bc59c64,2026-03-16,sunscreen,Sunscreen,api,4,"Excellent texture and lightweight feel, but price is a little high.",df17a580-b71a-4506-994b-86b1ae356b97,2026-03-16T14:00:06+00:00
api-75c1ef566835,2026-03-16,sunscreen,Sunscreen,api,4,"Excellent texture and lightweight feel, but price is a little high.",b5aaacf7-1049-4331-9da6-3a9b1c1679c0,2026-03-16T15:35:14+00:00
api-8c9a87c891ad,2026-03-16,sunscreen,Sunscreen,api,4,"Excellent texture and lightweight feel, but price is a little high.",e3193888-098a-4441-bcc4-0c4804334b9b,2026-03-16T13:41:19+00:00
api-91a58ad7d067,2026-03-16,sunscreen,Sunscreen,api,4,"Excellent texture and lightweight feel, but price is a little high.",7f810135-7658-4d57-a084-5c1dbf48bc3c,2026-03-16T14:59:47+00:00
api-ece3ab6fae3a,2026-03-16,sunscreen,Sunscreen,api,4,"Excellent texture and lightweight feel, but price is a little high.",eb141488-b581-4503-a0b4-856b1514a356,2026-03-16T15:37:24+00:00
api-f627643f5db8,2026-03-16,sunscreen,Sunscreen,api,4,"Excellent texture and lightweight feel, but price is a little high.",0c5c12e5-d080-4a44-9dfa-5145cf44b429,2026-03-16T15:05:26+00:00
scheduled_ingest-061968fc0bca,2026-03-16,sunscreen,Sunscreen,scheduled_ingest,4,Best sunscreen I have used recently.,,2026-03-16T13:44:50+00:00
scheduled_ingest-0bac278c35a8,2026-03-16,sunscreen,Sunscreen,scheduled_ingest,2,Great sunscreen texture and noticeable results.,,2026-03-16T13:55:41+00:00
scheduled_ingest-0c1f1ffd4991,2026-03-16,cleanser,Cleanser,scheduled_ingest,4,Great cleanser texture and noticeable results.,,2026-03-16T13:39:07+00:00
scheduled_ingest-0e5b159fd642,2026-03-16,cleanser,Cleanser,scheduled_ingest,4,Great cleanser texture and noticeable results.,,2026-03-16T13:39:12+00:00
scheduled_ingest-0e9ba9b8f104,2026-03-16,sunscreen,Sunscreen,scheduled_ingest,2,Great sunscreen texture and noticeable results.,,2026-03-16T13:47:54+00:00
scheduled_ingest-10ba8bb2125b,2026-03-16,sunscreen,Sunscreen,scheduled_ingest,5,sunscreen caused mild irritation after daily use.,,2026-03-16T14:04:22+00:00
scheduled_ingest-10dc92e1a583,2026-03-16,sunscreen,Sunscreen,scheduled_ingest,3,sunscreen feels heavy and overpriced.,,2026-03-16T13:47:54+00:00
scheduled_ingest-11c8f685dffc,2026-03-16,sunscreen,Sunscreen,scheduled_ingest,3,Decent sunscreen overall but could improve fragrance.,,2026-03-16T13:55:41+00:00
scheduled_ingest-142c1581712d,2026-03-16,moisturizer,Moisturizer,scheduled_ingest,4,moisturizer feels heavy and overpriced.,,2026-03-16T14:19:23+00:00
scheduled_ingest-1542f751d2b0,2026-03-16,moisturizer,Moisturizer,scheduled_ingest,4,Great moisturizer texture and noticeable results.,,2026-03-16T14:19:23+00:00
scheduled_ingest-2411db85c899,2026-03-16,sunscreen,Sunscreen,scheduled_ingest,5,Great sunscreen texture and noticeable results.,,2026-03-16T14:04:22+00:00
scheduled_ingest-26d10234b997,2026-03-16,sunscreen,Sunscreen,scheduled_ingest,2,sunscreen feels heavy and overpriced.,,2026-03-16T13:44:50+00:00
scheduled_ingest-30535bb5ed23,2026-03-16,sunscreen,Sunscreen,scheduled_ingest,2,Best sunscreen I have used recently.,,2026-03-16T13:44:50+00:00
scheduled_ingest-34456134d176,2026-03-16,sunscreen,Sunscreen,scheduled_ingest,2,Decent sunscreen overall but could improve fragrance.,,2026-03-16T13:44:50+00:00
scheduled_ingest-37efd2858129,2026-03-16,sunscreen,Sunscreen,scheduled_ingest,4,Best sunscreen I have used recently.,,2026-03-16T12:25:09+00:00
scheduled_ingest-3e9996300dd4,2026-03-16,cleanser,Cleanser,scheduled_ingest,2,Great cleanser texture and noticeable results.,,2026-03-16T13:39:11+00:00
scheduled_ingest-3f1452f0cae0,2026-03-16,sunscreen,Sunscreen,scheduled_ingest,5,sunscreen feels heavy and overpriced.,,2026-03-16T14:01:22+00:00
scheduled_ingest-40683a2a8dab,2026-03-16,sunscreen,Sunscreen,scheduled_ingest,2,sunscreen feels heavy and overpriced.,,2026-03-16T13:46:14+00:00
scheduled_ingest-4e73761b05c3,2026-03-16,cleanser,Cleanser,scheduled_ingest,2,cleanser feels heavy and overpriced.,,2026-03-16T13:39:11+00:00
scheduled_ingest-5037c3137312,2026-03-16,sunscreen,Sunscreen,scheduled_ingest,5,sunscreen caused mild irritation after daily use.,,2026-03-16T13:45:40+00:00
scheduled_ingest-56fcc6b68bde,2026-03-16,sunscreen,Sunscreen,scheduled_ingest,3,sunscreen caused mild irritation after daily use.,,2026-03-16T13:46:14+00:00
scheduled_ingest-58173ede4964,2026-03-16,moisturizer,Moisturizer,scheduled_ingest,4,Great moisturizer texture and noticeable results.,,2026-03-16T14:19:23+00:00
scheduled_ingest-58bf7569fb15,2026-03-16,sunscreen,Sunscreen,scheduled_ingest,2,sunscreen feels heavy and overpriced.,,2026-03-16T12:25:08+00:00
scheduled_ingest-5b3e557918c4,2026-03-16,sunscreen,Sunscreen,scheduled_ingest,4,Decent sunscreen overall but could improve fragrance.,,2026-03-16T14:05:23+00:00
scheduled_ingest-5e34278c703e,2026-03-16,sunscreen,Sunscreen,scheduled_ingest,3,Best sunscreen I have used recently.,,2026-03-16T13:52:24+00:00
scheduled_ingest-5f0cad21a15b,2026-03-16,sunscreen,Sunscreen,scheduled_ingest,3,Great sunscreen texture and noticeable results.,,2026-03-16T13:47:54+00:00
scheduled_ingest-67c967b7f8d6,2026-03-16,sunscreen,Sunscreen,scheduled_ingest,2,Great sunscreen texture and noticeable results.,,2026-03-16T12:25:04+00:00
scheduled_ingest-6c5e68846d9c,2026-03-16,sunscreen,Sunscreen,scheduled_ingest,2,Great sunscreen texture and noticeable results.,,2026-03-16T13:46:14+00:00
scheduled_ingest-713d6b995061,2026-03-16,sunscreen,Sunscreen,scheduled_ingest,5,sunscreen caused mild irritation after daily use.,,2026-03-16T13:52:24+00:00
scheduled_ingest-738d4152f2a3,2026-03-16,sunscreen,Sunscreen,scheduled_ingest,5,Great sunscreen texture and noticeable results.,,2026-03-16T13:52:24+00:00
scheduled_ingest-75925970aeec,2026-03-16,sunscreen,Sunscreen,scheduled_ingest,2,Decent sunscreen overall but could improve fragrance.,,2026-03-16T13:45:40+00:00
scheduled_ingest-783a5340976b,2026-03-16,sunscreen,Sunscreen,scheduled_ingest,4,Decent sunscreen overall but could improve fragrance.,,2026-03-16T14:04:22+00:00
scheduled_ingest-7ef9f3d59a4d,2026-03-16,moisturizer,Moisturizer,scheduled_ingest,2,moisturizer caused mild irritation after daily use.,,2026-03-16T13:24:11+00:00
scheduled_ingest-841b6d807b73,2026-03-16,sunscreen,Sunscreen,scheduled_ingest,2,sunscreen caused mild irritation after daily use.,,2026-03-16T13:55:41+00:00
scheduled_ingest-99f214f6bb77,2026-03-16,moisturizer,Moisturizer,scheduled_ingest,5,moisturizer caused mild irritation after daily use.,,2026-03-16T13:24:07+00:00
scheduled_ingest-a2d14fa8f325,2026-03-16,sunscreen,Sunscreen,scheduled_ingest,2,Best sunscreen I have used recently.,,2026-03-16T14:04:22+00:00
scheduled_ingest-b0520aa0ec7e,2026-03-16,sunscreen,Sunscreen,scheduled_ingest,2,sunscreen caused mild irritation after daily use.,,2026-03-16T13:52:24+00:00
scheduled_ingest-bca22011d200,2026-03-16,moisturizer,Moisturizer,scheduled_ingest,2,moisturizer caused mild irritation after daily use.,,2026-03-16T14:19:23+00:00
scheduled_ingest-bdc47a5f122f,2026-03-16,sunscreen,Sunscreen,scheduled_ingest,5,sunscreen caused mild irritation after daily use.,,2026-03-16T13:45:41+00:00
scheduled_ingest-c6f57600a8c8,2026-03-16,sunscreen,Sunscreen,scheduled_ingest,5,Best sunscreen I have used recently.,,2026-03-16T13:45:40+00:00
scheduled_ingest-c9fab2fcb390,2026-03-16,sunscreen,Sunscreen,scheduled_ingest,5,Decent sunscreen overall but could improve fragrance.,,2026-03-16T13:47:54+00:00
scheduled_ingest-cd66fb67d48b,2026-03-16,sunscreen,Sunscreen,scheduled_ingest,3,Decent sunscreen overall but could improve fragrance.,,2026-03-16T12:25:09+00:00
scheduled_ingest-d22f8028eecf,2026-03-16,moisturizer,Moisturizer,scheduled_ingest,5,moisturizer feels heavy and overpriced.,,2026-03-16T13:24:12+00:00
scheduled_ingest-e074d507b7ff,2026-03-16,sunscreen,Sunscreen,scheduled_ingest,5,Best sunscreen I have used recently.,,2026-03-16T13:55:41+00:00
scheduled_ingest-e2c213585a5b,2026-03-16,sunscreen,Sunscreen,scheduled_ingest,3,Best sunscreen I have used recently.,,2026-03-16T13:46:14+00:00
scheduled_ingest-f2cbeac897ea,2026-03-16,moisturizer,Moisturizer,scheduled_ingest,5,Decent moisturizer overall but could improve fragrance.,,2026-03-16T13:24:11+00:00
scheduled_ingest-f41ffb53b072,2026-03-16,sunscreen,Sunscreen,scheduled_ingest,2,Best sunscreen I have used recently.,,2026-03-16T14:00:02+00:00
scheduler_job-009c39193a9e,2026-03-16,sunscreen,Sunscreen,scheduler_job,5,"Decent sunscreen, but price feels high.",,2026-03-16T15:20:21+00:00
scheduler_job-00ce23d54329,2026-03-16,cleanser,Cleanser,scheduler_job,4,cleanser works but the fragrance is strong.,,2026-03-16T15:16:10+00:00
scheduler_job-00d97e3f9d40,2026-03-16,sunscreen,Sunscreen,scheduler_job,4,"Decent sunscreen, but price feels high.",,2026-03-16T15:33:01+00:00
scheduler_job-01c53d7ed646,2026-03-16,moisturizer,Moisturizer,scheduler_job,4,moisturizer works but the fragrance is strong.,,2026-03-16T15:23:29+00:00
scheduler_job-034908657ca3,2026-03-16,cleanser,Cleanser,scheduler_job,5,Best cleanser for daily routine so far.,,2026-03-16T15:22:08+00:00
scheduler_job-05aa767f1f18,2026-03-16,moisturizer,Moisturizer,scheduler_job,5,Great moisturizer texture and visible improvement.,,2026-03-16T15:26:02+00:00
scheduler_job-07653c0ceab0,2026-03-16,cleanser,Cleanser,scheduler_job,4,Great cleanser texture and visible improvement.,,2026-03-16T15:33:01+00:00
scheduler_job-07ba53fcd6c8,2026-03-16,moisturizer,Moisturizer,scheduler_job,4,moisturizer feels heavy and caused mild irritation.,,2026-03-16T15:05:25+00:00
scheduler_job-0d2edbc88934,2026-03-16,sunscreen,Sunscreen,scheduler_job,3,sunscreen works but the fragrance is strong.,,2026-03-16T15:20:21+00:00
scheduler_job-0dde1b3d8622,2026-03-16,moisturizer,Moisturizer,scheduler_job,3,Great moisturizer texture and visible improvement.,,2026-03-16T15:06:20+00:00
scheduler_job-0e62668aaf90,2026-03-16,moisturizer,Moisturizer,scheduler_job,2,Great moisturizer texture and visible improvement.,,2026-03-16T15:09:23+00:00
scheduler_job-0e6276f217e6,2026-03-16,moisturizer,Moisturizer,scheduler_job,3,moisturizer works but the fragrance is strong.,,2026-03-16T14:59:46+00:00
scheduler_job-0e6b05c0e022,2026-03-16,cleanser,Cleanser,scheduler_job,5,Great cleanser texture and visible improvement.,,2026-03-16T15:19:53+00:00
scheduler_job-0f334bfdb697,2026-03-16,sunscreen,Sunscreen,scheduler_job,2,Best sunscreen for daily routine so far.,,2026-03-16T15:22:30+00:00
scheduler_job-193d2f4daf48,2026-03-16,cleanser,Cleanser,scheduler_job,5,Great cleanser texture and visible improvement.,,2026-03-16T15:06:20+00:00
scheduler_job-1f40ff7d8fec,2026-03-16,moisturizer,Moisturizer,scheduler_job,5,"Decent moisturizer, but price feels high.",,2026-03-16T15:22:30+00:00
scheduler_job-1ffb49098dea,2026-03-16,moisturizer,Moisturizer,scheduler_job,4,moisturizer works but the fragrance is strong.,,2026-03-16T15:06:21+00:00
scheduler_job-2300b85e5758,2026-03-16,serum,Serum,scheduler_job,5,"Decent serum, but price feels high.",,2026-03-16T15:23:59+00:00
scheduler_job-2351f41685f2,2026-03-16,cleanser,Cleanser,scheduler_job,3,"Decent cleanser, but price feels high.",,2026-03-16T15:20:22+00:00
scheduler_job-2450e73c9b9f,2026-03-16,cleanser,Cleanser,scheduler_job,4,Great cleanser texture and visible improvement.,,2026-03-16T15:26:03+00:00
scheduler_job-24eb4515092d,2026-03-16,sunscreen,Sunscreen,scheduler_job,4,sunscreen works but the fragrance is strong.,,2026-03-16T15:09:23+00:00
scheduler_job-27a6433505b2,2026-03-16,serum,Serum,scheduler_job,4,serum feels heavy and caused mild irritation.,,2026-03-16T15:06:20+00:00
scheduler_job-27c6d052c7a0,2026-03-16,sunscreen,Sunscreen,scheduler_job,3,"Decent sunscreen, but price feels high.",,2026-03-16T15:06:20+00:00
scheduler_job-2bfd8206f12b,2026-03-16,cleanser,Cleanser,scheduler_job,2,cleanser works but the fragrance is strong.,,2026-03-16T15:05:25+00:00
scheduler_job-2d0e57c2b519,2026-03-16,moisturizer,Moisturizer,scheduler_job,3,Great moisturizer texture and visible improvement.,,2026-03-16T14:59:46+00:00
scheduler_job-3029722ea61b,2026-03-16,sunscreen,Sunscreen,scheduler_job,2,"Decent sunscreen, but price feels high.",,2026-03-16T15:33:01+00:00
scheduler_job-32f9c0beb5b3,2026-03-16,moisturizer,Moisturizer,scheduler_job,3,"Decent moisturizer, but price feels high.",,2026-03-16T15:26:02+00:00
scheduler_job-375a7507e328,2026-03-16,moisturizer,Moisturizer,scheduler_job,4,Best moisturizer for daily routine so far.,,2026-03-16T15:16:10+00:00
scheduler_job-39cd5308ccf8,2026-03-16,cleanser,Cleanser,scheduler_job,5,Best cleanser for daily routine so far.,,2026-03-16T15:06:39+00:00
scheduler_job-3a8383925e94,2026-03-16,cleanser,Cleanser,scheduler_job,5,Best cleanser for daily routine so far.,,2026-03-16T15:23:59+00:00
scheduler_job-3ba6e928ca30,2026-03-16,cleanser,Cleanser,scheduler_job,4,"Decent cleanser, but price feels high.",,2026-03-16T15:20:22+00:00
scheduler_job-3c5f2ff65bf0,2026-03-16,cleanser,Cleanser,scheduler_job,4,Great cleanser texture and visible improvement.,,2026-03-16T15:06:20+00:00
scheduler_job-3df0e6f3214b,2026-03-16,sunscreen,Sunscreen,scheduler_job,4,sunscreen feels heavy and caused mild irritation.,,2026-03-16T15:08:17+00:00
scheduler_job-3e80d3415f21,2026-03-16,moisturizer,Moisturizer,scheduler_job,3,Best moisturizer for daily routine so far.,,2026-03-16T15:35:12+00:00
scheduler_job-401fc6f06449,2026-03-16,cleanser,Cleanser,scheduler_job,4,Best cleanser for daily routine so far.,,2026-03-16T15:26:03+00:00
scheduler_job-436213927c1c,2026-03-16,sunscreen,Sunscreen,scheduler_job,2,"Decent sunscreen, but price feels high.",,2026-03-16T15:16:10+00:00
scheduler_job-4663d1f1b1e7,2026-03-16,cleanser,Cleanser,scheduler_job,4,cleanser feels heavy and caused mild irritation.,,2026-03-16T15:23:28+00:00
scheduler_job-4726e1c1e993,2026-03-16,sunscreen,Sunscreen,scheduler_job,4,Best sunscreen for daily routine so far.,,2026-03-16T15:20:21+00:00
scheduler_job-4bff5d86cf2c,2026-03-16,serum,Serum,scheduler_job,4,"Decent serum, but price feels high.",,2026-03-16T15:23:59+00:00
scheduler_job-4f14500d0bb7,2026-03-16,serum,Serum,scheduler_job,2,Great serum texture and visible improvement.,,2026-03-16T15:22:59+00:00
scheduler_job-50a00355fb6e,2026-03-16,sunscreen,Sunscreen,scheduler_job,4,sunscreen works but the fragrance is strong.,,2026-03-16T15:28:39+00:00
scheduler_job-51fd6a7508a7,2026-03-16,cleanser,Cleanser,scheduler_job,5,"Decent cleanser, but price feels high.",,2026-03-16T15:09:23+00:00
scheduler_job-5220cb1f9a35,2026-03-16,cleanser,Cleanser,scheduler_job,4,"Decent cleanser, but price feels high.",,2026-03-16T15:20:21+00:00
scheduler_job-54bb42439837,2026-03-16,serum,Serum,scheduler_job,2,Best serum for daily routine so far.,,2026-03-16T15:22:08+00:00
scheduler_job-54e1629e1077,2026-03-16,cleanser,Cleanser,scheduler_job,2,cleanser feels heavy and caused mild irritation.,,2026-03-16T15:23:59+00:00
scheduler_job-55b57b3f6ddf,2026-03-16,cleanser,Cleanser,scheduler_job,3,Best cleanser for daily routine so far.,,2026-03-16T15:08:17+00:00
scheduler_job-56d5871d5a89,2026-03-16,sunscreen,Sunscreen,scheduler_job,3,Best sunscreen for daily routine so far.,,2026-03-16T15:19:53+00:00
scheduler_job-5cc7483a44ed,2026-03-16,moisturizer,Moisturizer,scheduler_job,5,Great moisturizer texture and visible improvement.,,2026-03-16T15:28:42+00:00
scheduler_job-5d0ca63e3b93,2026-03-16,sunscreen,Sunscreen,scheduler_job,5,Best sunscreen for daily routine so far.,,2026-03-16T15:08:17+00:00
scheduler_job-62fd09ec3be9,2026-03-16,sunscreen,Sunscreen,scheduler_job,3,Best sunscreen for daily routine so far.,,2026-03-16T15:26:02+00:00
scheduler_job-6ab65dc3a63b,2026-03-16,serum,Serum,scheduler_job,4,"Decent serum, but price feels high.",,2026-03-16T15:23:59+00:00
scheduler_job-6ce2817e15dc,2026-03-16,serum,Serum,scheduler_job,5,serum works but the fragrance is strong.,,2026-03-16T14:59:46+00:00
scheduler_job-6f21aab91e02,2026-03-16,sunscreen,Sunscreen,scheduler_job,3,Great sunscreen texture and visible improvement.,,2026-03-16T15:08:45+00:00
scheduler_job-771f4395d662,2026-03-16,serum,Serum,scheduler_job,5,Great serum texture and visible improvement.,,2026-03-16T15:23:29+00:00
scheduler_job-79961652694a,2026-03-16,sunscreen,Sunscreen,scheduler_job,2,Great sunscreen texture and visible improvement.,,2026-03-16T15:20:22+00:00
scheduler_job-7ddaf893c5a2,2026-03-16,sunscreen,Sunscreen,scheduler_job,3,Great sunscreen texture and visible improvement.,,2026-03-16T15:35:12+00:00
scheduler_job-7de3be72f20c,2026-03-16,cleanser,Cleanser,scheduler_job,4,Best cleanser for daily routine so far.,,2026-03-16T15:20:22+00:00
scheduler_job-80b2596ee2c4,2026-03-16,cleanser,Cleanser,scheduler_job,2,cleanser feels heavy and caused mild irritation.,,2026-03-16T15:22:30+00:00
scheduler_job-81339803a34d,2026-03-16,moisturizer,Moisturizer,scheduler_job,2,moisturizer works but the fragrance is strong.,,2026-03-16T15:06:20+00:00
scheduler_job-81b5be1e98bc,2026-03-16,cleanser,Cleanser,scheduler_job,5,Best cleanser for daily routine so far.,,2026-03-16T15:37:22+00:00
scheduler_job-81c92e439e33,2026-03-16,sunscreen,Sunscreen,scheduler_job,2,Great sunscreen texture and visible improvement.,,2026-03-16T15:28:41+00:00
scheduler_job-81d6e4a1b1b8,2026-03-16,sunscreen,Sunscreen,scheduler_job,4,sunscreen feels heavy and caused mild irritation.,,2026-03-16T15:28:40+00:00
scheduler_job-83253cd34205,2026-03-16,sunscreen,Sunscreen,scheduler_job,4,sunscreen feels heavy and caused mild irritation.,,2026-03-16T15:23:28+00:00
scheduler_job-8472bfdc3aad,2026-03-16,sunscreen,Sunscreen,scheduler_job,4,Best sunscreen for daily routine so far.,,2026-03-16T15:28:39+00:00
scheduler_job-870c1c8cce85,2026-03-16,cleanser,Cleanser,scheduler_job,3,cleanser feels heavy and caused mild irritation.,,2026-03-16T15:23:59+00:00
scheduler_job-87dd5dd649bf,2026-03-16,serum,Serum,scheduler_job,2,serum feels heavy and caused mild irritation.,,2026-03-16T15:22:08+00:00
scheduler_job-891014fc8302,2026-03-16,sunscreen,Sunscreen,scheduler_job,2,Great sunscreen texture and visible improvement.,,2026-03-16T15:37:22+00:00
scheduler_job-898d93decde4,2026-03-16,moisturizer,Moisturizer,scheduler_job,2,moisturizer works but the fragrance is strong.,,2026-03-16T15:35:12+00:00
scheduler_job-8a8de78f2242,2026-03-16,serum,Serum,scheduler_job,5,"Decent serum, but price feels high.",,2026-03-16T15:22:08+00:00
scheduler_job-8e2c111d4a20,2026-03-16,sunscreen,Sunscreen,scheduler_job,2,sunscreen feels heavy and caused mild irritation.,,2026-03-16T15:20:21+00:00
scheduler_job-8e87b0bb5aed,2026-03-16,moisturizer,Moisturizer,scheduler_job,2,Great moisturizer texture and visible improvement.,,2026-03-16T15:08:17+00:00
scheduler_job-956f26a2caf3,2026-03-16,sunscreen,Sunscreen,scheduler_job,2,sunscreen feels heavy and caused mild irritation.,,2026-03-16T15:23:28+00:00
scheduler_job-957d1f632d09,2026-03-16,cleanser,Cleanser,scheduler_job,3,cleanser works but the fragrance is strong.,,2026-03-16T15:22:08+00:00
scheduler_job-95e062091736,2026-03-16,serum,Serum,scheduler_job,5,Best serum for daily routine so far.,,2026-03-16T15:23:59+00:00
scheduler_job-986967d13ce1,2026-03-16,serum,Serum,scheduler_job,3,Great serum texture and visible improvement.,,2026-03-16T15:33:01+00:00
scheduler_job-98b6cd80253f,2026-03-16,serum,Serum,scheduler_job,4,Great serum texture and visible improvement.,,2026-03-16T15:19:53+00:00
scheduler_job-991b4322ab48,2026-03-16,serum,Serum,scheduler_job,4,serum works but the fragrance is strong.,,2026-03-16T15:06:20+00:00
scheduler_job-993f0b69a5df,2026-03-16,moisturizer,Moisturizer,scheduler_job,4,Best moisturizer for daily routine so far.,,2026-03-16T15:28:41+00:00
scheduler_job-9968aee65411,2026-03-16,cleanser,Cleanser,scheduler_job,3,cleanser works but the fragrance is strong.,,2026-03-16T15:16:10+00:00
scheduler_job-9aa4dc8f566d,2026-03-16,serum,Serum,scheduler_job,5,serum works but the fragrance is strong.,,2026-03-16T15:28:42+00:00
scheduler_job-9d5a8b0c9b1d,2026-03-16,serum,Serum,scheduler_job,3,serum feels heavy and caused mild irritation.,,2026-03-16T15:16:10+00:00
scheduler_job-9f580f61e873,2026-03-16,cleanser,Cleanser,scheduler_job,3,cleanser works but the fragrance is strong.,,2026-03-16T15:22:59+00:00
scheduler_job-a4b0f0294836,2026-03-16,cleanser,Cleanser,scheduler_job,2,Great cleanser texture and visible improvement.,,2026-03-16T15:37:22+00:00
scheduler_job-a52887e1d955,2026-03-16,serum,Serum,scheduler_job,4,serum feels heavy and caused mild irritation.,,2026-03-16T15:23:28+00:00
scheduler_job-a590bb7a5da6,2026-03-16,cleanser,Cleanser,scheduler_job,3,Best cleanser for daily routine so far.,,2026-03-16T15:08:16+00:00
scheduler_job-a5a0b3f67185,2026-03-16,sunscreen,Sunscreen,scheduler_job,5,sunscreen feels heavy and caused mild irritation.,,2026-03-16T15:28:41+00:00
scheduler_job-a8b669a8477d,2026-03-16,sunscreen,Sunscreen,scheduler_job,4,sunscreen feels heavy and caused mild irritation.,,2026-03-16T15:23:28+00:00
scheduler_job-ab9f4f09e9be,2026-03-16,serum,Serum,scheduler_job,2,"Decent serum, but price feels high.",,2026-03-16T15:19:54+00:00
scheduler_job-ac1f4fdd781d,2026-03-16,moisturizer,Moisturizer,scheduler_job,3,moisturizer feels heavy and caused mild irritation.,,2026-03-16T15:23:59+00:00
scheduler_job-ad7a6cbd3743,2026-03-16,cleanser,Cleanser,scheduler_job,4,cleanser feels heavy and caused mild irritation.,,2026-03-16T15:33:00+00:00
scheduler_job-ada3e845b31a,2026-03-16,cleanser,Cleanser,scheduler_job,3,"Decent cleanser, but price feels high.",,2026-03-16T15:16:10+00:00
scheduler_job-aded24169bd2,2026-03-16,sunscreen,Sunscreen,scheduler_job,2,Best sunscreen for daily routine so far.,,2026-03-16T15:22:08+00:00
scheduler_job-b4da73d3afad,2026-03-16,serum,Serum,scheduler_job,3,Best serum for daily routine so far.,,2026-03-16T15:05:25+00:00
scheduler_job-b57793c8c9c9,2026-03-16,serum,Serum,scheduler_job,3,"Decent serum, but price feels high.",,2026-03-16T15:22:31+00:00
scheduler_job-b5fe803d531f,2026-03-16,serum,Serum,scheduler_job,5,serum feels heavy and caused mild irritation.,,2026-03-16T15:06:20+00:00
scheduler_job-b69a3640b16d,2026-03-16,moisturizer,Moisturizer,scheduler_job,3,moisturizer feels heavy and caused mild irritation.,,2026-03-16T14:59:46+00:00
scheduler_job-bc1676e1942a,2026-03-16,sunscreen,Sunscreen,scheduler_job,2,Best sunscreen for daily routine so far.,,2026-03-16T15:35:12+00:00
scheduler_job-bd839fc6faca,2026-03-16,cleanser,Cleanser,scheduler_job,3,cleanser works but the fragrance is strong.,,2026-03-16T15:05:25+00:00
scheduler_job-be3384f002b3,2026-03-16,cleanser,Cleanser,scheduler_job,4,cleanser feels heavy and caused mild irritation.,,2026-03-16T15:22:08+00:00
scheduler_job-bea3409a6b8a,2026-03-16,cleanser,Cleanser,scheduler_job,4,cleanser works but the fragrance is strong.,,2026-03-16T15:26:03+00:00
scheduler_job-c27524dd4caf,2026-03-16,moisturizer,Moisturizer,scheduler_job,5,moisturizer works but the fragrance is strong.,,2026-03-16T15:22:59+00:00
scheduler_job-c2ca45646238,2026-03-16,serum,Serum,scheduler_job,4,serum feels heavy and caused mild irritation.,,2026-03-16T15:22:59+00:00
scheduler_job-c40ce1a19f73,2026-03-16,moisturizer,Moisturizer,scheduler_job,3,"Decent moisturizer, but price feels high.",,2026-03-16T15:23:59+00:00
scheduler_job-c523d7bfe967,2026-03-16,moisturizer,Moisturizer,scheduler_job,3,moisturizer feels heavy and caused mild irritation.,,2026-03-16T15:16:10+00:00
scheduler_job-c5f2f558c8f2,2026-03-16,sunscreen,Sunscreen,scheduler_job,3,"Decent sunscreen, but price feels high.",,2026-03-16T15:23:59+00:00
scheduler_job-c98be815f8ea,2026-03-16,moisturizer,Moisturizer,scheduler_job,4,moisturizer works but the fragrance is strong.,,2026-03-16T15:23:28+00:00
scheduler_job-cc7e5ead92e8,2026-03-16,sunscreen,Sunscreen,scheduler_job,4,sunscreen works but the fragrance is strong.,,2026-03-16T15:16:10+00:00
scheduler_job-cd4e0afda92e,2026-03-16,serum,Serum,scheduler_job,5,Great serum texture and visible improvement.,,2026-03-16T15:22:59+00:00
scheduler_job-cd76c6aacee4,2026-03-16,cleanser,Cleanser,scheduler_job,3,cleanser feels heavy and caused mild irritation.,,2026-03-16T15:06:20+00:00
scheduler_job-cf6f8cc69ae8,2026-03-16,serum,Serum,scheduler_job,3,Best serum for daily routine so far.,,2026-03-16T15:06:20+00:00
scheduler_job-d22c029c372d,2026-03-16,cleanser,Cleanser,scheduler_job,4,"Decent cleanser, but price feels high.",,2026-03-16T15:28:41+00:00
scheduler_job-d2af8fc94cf8,2026-03-16,moisturizer,Moisturizer,scheduler_job,2,Great moisturizer texture and visible improvement.,,2026-03-16T15:23:59+00:00
scheduler_job-d3acbdc21457,2026-03-16,sunscreen,Sunscreen,scheduler_job,5,Great sunscreen texture and visible improvement.,,2026-03-16T15:09:23+00:00
scheduler_job-d544b65f03dd,2026-03-16,moisturizer,Moisturizer,scheduler_job,3,Best moisturizer for daily routine so far.,,2026-03-16T15:16:10+00:00
scheduler_job-d7178c5d9931,2026-03-16,serum,Serum,scheduler_job,2,serum feels heavy and caused mild irritation.,,2026-03-16T15:20:22+00:00
scheduler_job-d97afff20cf8,2026-03-16,cleanser,Cleanser,scheduler_job,3,cleanser feels heavy and caused mild irritation.,,2026-03-16T15:33:01+00:00
scheduler_job-daae90ea7cde,2026-03-16,serum,Serum,scheduler_job,5,"Decent serum, but price feels high.",,2026-03-16T15:06:20+00:00
scheduler_job-dd272560ec80,2026-03-16,cleanser,Cleanser,scheduler_job,3,Best cleanser for daily routine so far.,,2026-03-16T15:06:20+00:00
scheduler_job-dd3da8a0c965,2026-03-16,serum,Serum,scheduler_job,4,serum works but the fragrance is strong.,,2026-03-16T15:28:39+00:00
scheduler_job-dd5b0461ebd4,2026-03-16,serum,Serum,scheduler_job,3,"Decent serum, but price feels high.",,2026-03-16T15:06:20+00:00
scheduler_job-e17ce0077ae8,2026-03-16,cleanser,Cleanser,scheduler_job,4,cleanser works but the fragrance is strong.,,2026-03-16T15:06:39+00:00
scheduler_job-e48a2bd2a12a,2026-03-16,cleanser,Cleanser,scheduler_job,3,"Decent cleanser, but price feels high.",,2026-03-16T15:26:03+00:00
scheduler_job-e53ce3d1e700,2026-03-16,sunscreen,Sunscreen,scheduler_job,4,Great sunscreen texture and visible improvement.,,2026-03-16T15:33:00+00:00
scheduler_job-e5480ab04415,2026-03-16,serum,Serum,scheduler_job,4,serum feels heavy and caused mild irritation.,,2026-03-16T15:23:59+00:00
scheduler_job-e8106ebdb935,2026-03-16,cleanser,Cleanser,scheduler_job,2,"Decent cleanser, but price feels high.",,2026-03-16T15:28:41+00:00
scheduler_job-e83c4610347d,2026-03-16,serum,Serum,scheduler_job,4,serum feels heavy and caused mild irritation.,,2026-03-16T15:33:00+00:00
scheduler_job-e8c7f4cc4de9,2026-03-16,sunscreen,Sunscreen,scheduler_job,3,Great sunscreen texture and visible improvement.,,2026-03-16T15:23:28+00:00
scheduler_job-ed264f339576,2026-03-16,moisturizer,Moisturizer,scheduler_job,4,Best moisturizer for daily routine so far.,,2026-03-16T15:33:01+00:00
scheduler_job-ed6f6f3c6a8b,2026-03-16,cleanser,Cleanser,scheduler_job,3,Great cleanser texture and visible improvement.,,2026-03-16T15:22:59+00:00
scheduler_job-edece0dc57ea,2026-03-16,moisturizer,Moisturizer,scheduler_job,3,Best moisturizer for daily routine so far.,,2026-03-16T15:26:02+00:00
scheduler_job-ee9279f66952,2026-03-16,cleanser,Cleanser,scheduler_job,3,cleanser works but the fragrance is strong.,,2026-03-16T15:33:00+00:00
scheduler_job-f19bab1a5d08,2026-03-16,sunscreen,Sunscreen,scheduler_job,2,sunscreen feels heavy and caused mild irritation.,,2026-03-16T15:20:21+00:00
scheduler_job-f1b40e38709d,2026-03-16,cleanser,Cleanser,scheduler_job,5,cleanser feels heavy and caused mild irritation.,,2026-03-16T15:08:46+00:00
scheduler_job-f27b24bc9fc2,2026-03-16,cleanser,Cleanser,scheduler_job,5,"Decent cleanser, but price feels high.",,2026-03-16T15:22:08+00:00
scheduler_job-f39cc7abb12d,2026-03-16,cleanser,Cleanser,scheduler_job,5,Great cleanser texture and visible improvement.,,2026-03-16T15:22:59+00:00
scheduler_job-f54c04c64f8d,2026-03-16,sunscreen,Sunscreen,scheduler_job,4,sunscreen works but the fragrance is strong.,,2026-03-16T15:33:00+00:00
scheduler_job-f649461eba10,2026-03-16,cleanser,Cleanser,scheduler_job,2,Best cleanser for daily routine so far.,,2026-03-16T15:16:10+00:00
scheduler_job-fa4e7111a3f7,2026-03-16,serum,Serum,scheduler_job,5,Best serum for daily routine so far.,,2026-03-16T15:08:17+00:00
scheduler_job-fb282cea5410,2026-03-16,serum,Serum,scheduler_job,2,Best serum for daily routine so far.,,2026-03-16T15:22:59+00:00
scheduler_job-fd7e7b2975a4,2026-03-16,sunscreen,Sunscreen,scheduler_job,3,"Decent sunscreen, but price feels high.",,2026-03-16T15:37:22+00:00
scheduler_job-fee424a8bcc5,2026-03-16,serum,Serum,scheduler_job,4,Great serum texture and visible improvement.,,2026-03-16T15:28:41+00:00
scheduler_job-ff6cd1404411,2026-03-16,moisturizer,Moisturizer,scheduler_job,2,moisturizer works but the fragrance is strong.,,2026-03-16T15:20:21+00:00
seed-v3-cerave-20260316-0,2026-03-16,cerave,CeraVe,reddit,4,"Works well, but the finish is a bit tacky.",,2026-03-20T07:15:23+00:00
seed-v3-cerave-20260316-1,2026-03-16,cerave,CeraVe,reddit,4,"Barrier feels stronger, less dryness overall.",,2026-03-20T07:15:23+00:00
seed-v3-cerave-20260316-2,2026-03-16,cerave,CeraVe,news,4,"Stung around my nose, not for me.",,2026-03-20T07:15:23+00:00
seed-v3-cerave-20260316-3,2026-03-16,cerave,CeraVe,reviews,5,"Ceramides helped my dry skin, very gentle cleanser.",,2026-03-20T07:15:23+00:00
seed-v3-cerave-20260316-4,2026-03-16,cerave,CeraVe,twitter,4,"Barrier feels stronger, less dryness overall.",,2026-03-20T07:15:23+00:00
seed-v3-cleanser-20260316-0,2026-03-16,cleanser,Cleanser,reviews,4,"Gentle, but struggled to remove sunscreen.",,2026-03-20T07:15:22+00:00
seed-v3-cleanser-20260316-1,2026-03-16,cleanser,Cleanser,news,2,"Gentle, but struggled to remove sunscreen.",,2026-03-20T07:15:22+00:00
seed-v3-cleanser-20260316-2,2026-03-16,cleanser,Cleanser,twitter,3,Cleans well without drying my skin.,,2026-03-20T07:15:22+00:00
seed-v3-cleanser-20260316-3,2026-03-16,cleanser,Cleanser,reddit,4,Cleans well without drying my skin.,,2026-03-20T07:15:22+00:00
seed-v3-cleanser-20260316-4,2026-03-16,cleanser,Cleanser,reviews,5,Good everyday cleanser for oily skin.,,2026-03-20T07:15:22+00:00
seed-v3-la_roche_posay-20260316-0,2026-03-16,la_roche_posay,La Roche-Posay,reviews,3,"Great for sensitive skin, but can feel heavy mid-day.",,2026-03-20T07:15:23+00:00
seed-v3-la_roche_posay-20260316-1,2026-03-16,la_roche_posay,La Roche-Posay,reviews,5,"Soothing for sensitive skin, texture feels premium.",,2026-03-20T07:15:23+00:00
seed-v3-la_roche_posay-20260316-2,2026-03-16,la_roche_posay,La Roche-Posay,news,3,"Broke me out after a week, had to stop.",,2026-03-20T07:15:23+00:00
seed-v3-la_roche_posay-20260316-3,2026-03-16,la_roche_posay,La Roche-Posay,reviews,2,"Broke me out after a week, had to stop.",,2026-03-20T07:15:23+00:00
seed-v3-la_roche_posay-20260316-4,2026-03-16,la_roche_posay,La Roche-Posay,reviews,3,"Did not work for my acne, caused clogged pores.",,2026-03-20T07:15:23+00:00
seed-v3-la_roche_posay-20260316-5,2026-03-16,la_roche_posay,La Roche-Posay,news,5,Calms redness quickly and feels gentle.,,2026-03-20T07:15:23+00:00
seed-v3-la_roche_posay-20260316-6,2026-03-16,la_roche_posay,La Roche-Posay,reviews,4,"Helped my barrier, fewer irritations this week.",,2026-03-20T07:15:23+00:00
seed-v3-moisturizer-20260316-0,2026-03-16,moisturizer,Moisturizer,news,1,Too oily and caused breakouts.,,2026-03-20T07:15:22+00:00
seed-v3-moisturizer-20260316-1,2026-03-16,moisturizer,Moisturizer,twitter,4,Great value and smooth texture.,,2026-03-20T07:15:22+00:00
seed-v3-moisturizer-20260316-2,2026-03-16,moisturizer,Moisturizer,reddit,2,Average hydration and a bit sticky.,,2026-03-20T07:15:22+00:00
seed-v3-moisturizer-20260316-3,2026-03-16,moisturizer,Moisturizer,reviews,5,Absorbs fast and helps my dry patches.,,2026-03-20T07:15:22+00:00
seed-v3-moisturizer-20260316-4,2026-03-16,moisturizer,Moisturizer,reviews,4,Great value and smooth texture.,,2026-03-20T07:15:22+00:00
seed-v3-neutrogena-20260316-0,2026-03-16,neutrogena,Neutrogena,reddit,1,"Finish is matte, but stings around my eyes.",,2026-03-20T07:15:23+00:00
seed-v3-neutrogena-20260316-1,2026-03-16,neutrogena,Neutrogena,reddit,3,Irritated my skin and felt heavy by afternoon.,,2026-03-20T07:15:23+00:00
seed-v3-neutrogena-20260316-2,2026-03-16,neutrogena,Neutrogena,twitter,4,"Dry-touch finish, great for oily skin and acne-prone days.",,2026-03-20T07:15:23+00:00
seed-v3-neutrogena-20260316-3,2026-03-16,neutrogena,Neutrogena,reviews,5,"Dry-touch finish, great for oily skin and acne-prone days.",,2026-03-20T07:15:23+00:00
seed-v3-neutrogena-20260316-4,2026-03-16,neutrogena,Neutrogena,reddit,4,"Great for acne-prone skin, no breakouts so far.",,2026-03-20T07:15:23+00:00
seed-v3-neutrogena-20260316-5,2026-03-16,neutrogena,Neutrogena,reddit,3,Solid protection and easy to reapply.,,2026-03-20T07:15:23+00:00
seed-v3-serum-20260316-0,2026-03-16,serum,Serum,reviews,5,Improved texture and visible glow.,,2026-03-20T07:15:23+00:00
seed-v3-serum-20260316-1,2026-03-16,serum,Serum,news,5,Helped with dark spots over a few weeks.,,2026-03-20T07:15:23+00:00
seed-v3-sunscreen-20260316-0,2026-03-16,sunscreen,Sunscreen,reviews,5,"Good daily SPF, absorbs quickly.",,2026-03-20T07:15:22+00:00
seed-v3-sunscreen-20260316-1,2026-03-16,sunscreen,Sunscreen,twitter,4,Lightweight sunscreen and no white cast.,,2026-03-20T07:15:22+00:00
seed-v3-sunscreen-20260316-2,2026-03-16,sunscreen,Sunscreen,reviews,2,Caused irritation and felt heavy.,,2026-03-20T07:15:22+00:00
seed-v3-sunscreen-20260316-3,2026-03-16,sunscreen,Sunscreen,twitter,2,"No white cast, but reapplication is messy on makeup.",,2026-03-20T07:15:22+00:00
seed-v3-supergoop-20260316-0,2026-03-16,supergoop,Supergoop!,reviews,3,Nice finish but feels pricey for the size.,,2026-03-20T07:15:23+00:00
test-suite_job-0ec8f7cf2414,2026-03-16,cleanser,Cleanser,test-suite_job,3,"Decent cleanser, but price feels high.",,2026-03-16T15:09:26+00:00
test-suite_job-32a822cd9f62,2026-03-16,sunscreen,Sunscreen,test-suite_job,3,Great sunscreen texture and visible improvement.,,2026-03-16T15:37:24+00:00
test-suite_job-3f7eb24fca99,2026-03-16,serum,Serum,test-suite_job,5,Best serum for daily routine so far.,,2026-03-16T15:37:25+00:00
test-suite_job-3fcf21c3e759,2026-03-16,sunscreen,Sunscreen,test-suite_job,5,sunscreen works but the fragrance is strong.,,2026-03-16T15:35:15+00:00
test-suite_job-51131c749c22,2026-03-16,sunscreen,Sunscreen,test-suite_job,5,Great sunscreen texture and visible improvement.,,2026-03-16T15:06:20+00:00
test-suite_job-54c1bd8f9b71,2026-03-16,sunscreen,Sunscreen,test-suite_job,3,Great sunscreen texture and visible improvement.,,2026-03-16T15:09:26+00:00
test-suite_job-cabd467cabee,2026-03-16,moisturizer,Moisturizer,test-suite_job,4,moisturizer feels heavy and caused mild irritation.,,2026-03-16T15:09:26+00:00
test-suite_job-d74c1adbdc6d,2026-03-16,moisturizer,Moisturizer,test-suite_job,2,"Decent moisturizer, but price feels high.",,2026-03-16T15:35:15+00:00
test-suite_job-f046c293ff38,2026-03-16,moisturizer,Moisturizer,test-suite_job,4,Best moisturizer for daily routine so far.,,2026-03-16T15:06:20+00:00
test-suite_job-fd0dac25d2c3,2026-03-16,moisturizer,Moisturizer,test-suite_job,3,Best moisturizer for daily routine so far.,,2026-03-16T14:59:49+00:00
api-0cb2d3e0fbdd,2026-03-17,cleanser,Cleanser,api,1,Too expensive and left my skin oily.,f339c261-24d7-415e-ac48-00b3e459c906,2026-03-17T13:39:34+00:00
api-0e2aa75f091e,2026-03-17,sunscreen,Sunscreen,api,4,"Excellent texture and lightweight feel, but price is a little high.",8b44b778-066f-498e-81dc-e3c8737ff254,2026-03-16T20:34:46+00:00
api-17a477af641f,2026-03-17,sunscreen,Sunscreen,api,4,"Excellent texture and lightweight feel, but price is a little high.",4c7fffd0-f603-447f-9563-3cf93e0cb7d9,2026-03-16T19:57:12+00:00
api-3133bffd7496,2026-03-17,sunscreen,Sunscreen,api,4,"Excellent texture and lightweight feel, but price is a little high.",cd592071-5993-43ad-a6fa-05599b94b2e2,2026-03-16T21:34:06+00:00
api-3d642acc01c7,2026-03-17,sunscreen,Sunscreen,api,4,"Excellent texture and lightweight feel, but price is a little high.",2b94352a-57de-458d-ae3c-3cc4bcb5112e,2026-03-17T15:34:48+00:00
api-616ec3226ed1,2026-03-17,sunscreen,Sunscreen,api,4,"Excellent texture and lightweight feel, but price is a little high.",eb5820ef-cc48-4425-b92a-f497a3aa5a0b,2026-03-16T21:38:31+00:00
api-62776fc9c6e9,2026-03-17,sunscreen,Sunscreen,api,4,"Excellent texture and lightweight feel, but price is a little high.",886cfe3e-03ea-4e9c-9efe-dace241b21e1,2026-03-16T19:52:59+00:00
api-68f9dfea65f3,2026-03-17,sunscreen,Sunscreen,api,4,"Excellent texture and lightweight feel, but price is a little high.",406be6cb-85a6-4c5a-b403-5d3bd0c3ca1e,2026-03-17T15:41:20+00:00
api-768634c9d697,2026-03-17,sunscreen,Sunscreen,api,4,"Excellent texture and lightweight feel, but price is a little high.",0a4bd985-e6e4-400d-95c4-fa362ce648b3,2026-03-16T19:58:58+00:00
api-87fb142c6cf3,2026-03-17,sunscreen,Sunscreen,api,4,"Excellent texture and lightweight feel, but price is a little high.",9a0fbe58-9cf3-4a51-8b0b-9276db16038c,2026-03-16T20:33:14+00:00
api-8982d66cbd24,2026-03-17,sunscreen,Sunscreen,api,4,"Excellent texture and lightweight feel, but price is a little high.",41562b5e-60c7-4e2d-aac2-ed426d81dadc,2026-03-16T19:18:33+00:00
api-bd88b8775e5e,2026-03-17,sunscreen,Sunscreen,api,4,"Excellent texture and lightweight feel, but price is a little high.",2e61e748-4277-4856-99a7-ab3d29935ef0,2026-03-16T19:20:58+00:00
api-d9224d021f6a,2026-03-17,sunscreen,Sunscreen,api,4,"Excellent texture and lightweight feel, but price is a little high.",48c0db1d-9920-4118-afc1-712f84ac02e8,2026-03-16T21:24:47+00:00
job_worker-345a42408367,2026-03-17,sunscreen,Sunscreen,job_worker,5,Great sunscreen texture but a bit pricey.,,2026-03-16T19:21:01+00:00
job_worker-481361a9b553,2026-03-17,sunscreen,Sunscreen,job_worker,5,Great sunscreen texture but a bit pricey.,,2026-03-16T20:33:16+00:00
job_worker-62c9e5b5c109,2026-03-17,sunscreen,Sunscreen,job_worker,5,Great sunscreen texture but a bit pricey.,,2026-03-16T20:34:48+00:00
job_worker-7231d82be36d,2026-03-17,sunscreen,Sunscreen,job_worker,5,Great sunscreen texture but a bit pricey.,,2026-03-16T19:59:00+00:00
job_worker-961cc3cf5658,2026-03-17,sunscreen,Sunscreen,job_worker,5,Great sunscreen texture but a bit pricey.,,2026-03-17T17:13:36+00:00
job_worker-97daa49b7de7,2026-03-17,sunscreen,Sunscreen,job_worker,5,Great sunscreen texture but a bit pricey.,,2026-03-17T15:34:49+00:00
job_worker-afe8e39f7fff,2026-03-17,sunscreen,Sunscreen,job_worker,5,Great sunscreen texture but a bit pricey.,,2026-03-16T21:34:08+00:00
job_worker-d17a65b21dca,2026-03-17,sunscreen,Sunscreen,job_worker,5,Great sunscreen texture but a bit pricey.,,2026-03-16T21:24:49+00:00
job_worker-d917341c0a7a,2026-03-17,sunscreen,Sunscreen,job_worker,5,Great sunscreen texture but a bit pricey.,,2026-03-16T19:57:14+00:00
job_worker-e8a73c9dc9c6,2026-03-17,sunscreen,Sunscreen,job_worker,5,Great sunscreen texture but a bit pricey.,,2026-03-16T21:38:32+00:00
scheduler_ingestion-00ffc1cd60b7,2026-03-17,cleanser,Cleanser,scheduler_synthetic,5,cleanser feels heavy and caused mild irritation.,,2026-03-16T22:06:16+00:00
scheduler_ingestion-03ae63516bdf,2026-03-17,sunscreen,Sunscreen,scheduler_synthetic,3,"Decent sunscreen, but price feels high.",,2026-03-16T21:34:05+00:00
scheduler_ingestion-04978b1ec0a5,2026-03-17,sunscreen,Sunscreen,scheduler_synthetic,5,Best sunscreen for daily routine so far.,,2026-03-16T19:58:56+00:00
scheduler_ingestion-05d70c9d7e37,2026-03-17,sunscreen,Sunscreen,scheduler_synthetic,5,"Decent sunscreen, but price feels high.",,2026-03-17T14:39:15+00:00
scheduler_ingestion-07edd7292843,2026-03-17,sunscreen,Sunscreen,scheduler_synthetic,2,Best sunscreen for daily routine so far.,,2026-03-17T13:36:33+00:00
scheduler_ingestion-08864b5a1d39,2026-03-17,moisturizer,Moisturizer,scheduler_synthetic,2,Best moisturizer for daily routine so far.,,2026-03-16T19:52:57+00:00
scheduler_ingestion-095736bb7fe5,2026-03-17,cleanser,Cleanser,scheduler_synthetic,3,"Decent cleanser, but price feels high.",,2026-03-17T17:58:35+00:00
scheduler_ingestion-09e13b68a2cb,2026-03-17,moisturizer,Moisturizer,scheduler_synthetic,3,Great moisturizer texture and visible improvement.,,2026-03-17T18:28:35+00:00
scheduler_ingestion-0a1ace4e1638,2026-03-17,sunscreen,Sunscreen,scheduler_synthetic,5,sunscreen works but the fragrance is strong.,,2026-03-17T18:29:54+00:00
scheduler_ingestion-0b90331d00dd,2026-03-17,cleanser,Cleanser,scheduler_synthetic,4,"Decent cleanser, but price feels high.",,2026-03-17T14:09:15+00:00
scheduler_ingestion-0cd142c37a07,2026-03-17,serum,Serum,scheduler_synthetic,4,serum works but the fragrance is strong.,,2026-03-17T14:24:15+00:00
scheduler_ingestion-0d267d990b80,2026-03-17,cleanser,Cleanser,scheduler_synthetic,4,"Decent cleanser, but price feels high.",,2026-03-17T14:39:15+00:00
scheduler_ingestion-0fd2ece5771b,2026-03-17,serum,Serum,scheduler_synthetic,4,"Decent serum, but price feels high.",,2026-03-17T15:34:45+00:00
scheduler_ingestion-10586b11e827,2026-03-17,moisturizer,Moisturizer,scheduler_synthetic,4,Best moisturizer for daily routine so far.,,2026-03-17T14:09:15+00:00
scheduler_ingestion-1271c1b39fdd,2026-03-17,sunscreen,Sunscreen,scheduler_synthetic,4,sunscreen works but the fragrance is strong.,,2026-03-17T18:14:53+00:00
scheduler_ingestion-156b3596a289,2026-03-17,moisturizer,Moisturizer,scheduler_synthetic,3,Best moisturizer for daily routine so far.,,2026-03-17T18:29:53+00:00
scheduler_ingestion-19638597da8d,2026-03-17,moisturizer,Moisturizer,scheduler_synthetic,4,moisturizer works but the fragrance is strong.,,2026-03-17T13:36:33+00:00
scheduler_ingestion-19829a9fe4f0,2026-03-17,cleanser,Cleanser,scheduler_synthetic,4,cleanser works but the fragrance is strong.,,2026-03-16T21:38:29+00:00
scheduler_ingestion-1cb278586985,2026-03-17,sunscreen,Sunscreen,scheduler_synthetic,2,"Decent sunscreen, but price feels high.",,2026-03-16T20:33:12+00:00
scheduler_ingestion-1e54d258dc2d,2026-03-17,moisturizer,Moisturizer,scheduler_synthetic,3,moisturizer feels heavy and caused mild irritation.,,2026-03-16T21:43:12+00:00
scheduler_ingestion-1e88ac02c012,2026-03-17,cleanser,Cleanser,scheduler_synthetic,4,"Decent cleanser, but price feels high.",,2026-03-17T13:15:56+00:00
scheduler_ingestion-214af152d57e,2026-03-17,serum,Serum,scheduler_synthetic,4,"Decent serum, but price feels high.",,2026-03-16T19:57:10+00:00
scheduler_ingestion-218abb265f39,2026-03-17,cleanser,Cleanser,scheduler_synthetic,2,cleanser feels heavy and caused mild irritation.,,2026-03-16T21:51:15+00:00
scheduler_ingestion-21aa9207c126,2026-03-17,moisturizer,Moisturizer,scheduler_synthetic,4,moisturizer works but the fragrance is strong.,,2026-03-17T18:14:53+00:00
scheduler_ingestion-23577a8bf40d,2026-03-17,moisturizer,Moisturizer,scheduler_synthetic,5,moisturizer feels heavy and caused mild irritation.,,2026-03-16T21:51:15+00:00
scheduler_ingestion-26834a1288d1,2026-03-17,moisturizer,Moisturizer,scheduler_synthetic,4,moisturizer feels heavy and caused mild irritation.,,2026-03-17T14:24:15+00:00
scheduler_ingestion-2923529c7acb,2026-03-17,cleanser,Cleanser,scheduler_synthetic,2,cleanser feels heavy and caused mild irritation.,,2026-03-17T18:16:14+00:00
scheduler_ingestion-2af3b58f8ca2,2026-03-17,sunscreen,Sunscreen,scheduler_synthetic,5,sunscreen works but the fragrance is strong.,,2026-03-17T13:15:56+00:00
scheduler_ingestion-2b4a9db0fb1d,2026-03-17,serum,Serum,scheduler_synthetic,4,serum works but the fragrance is strong.,,2026-03-17T13:30:57+00:00
scheduler_ingestion-2dc4f031701a,2026-03-17,serum,Serum,scheduler_synthetic,5,serum feels heavy and caused mild irritation.,,2026-03-17T17:13:36+00:00
scheduler_ingestion-2e24574af6ac,2026-03-17,serum,Serum,scheduler_synthetic,4,serum works but the fragrance is strong.,,2026-03-17T18:29:54+00:00
scheduler_ingestion-3875108f2e32,2026-03-17,sunscreen,Sunscreen,scheduler_synthetic,3,"Decent sunscreen, but price feels high.",,2026-03-17T18:29:53+00:00
scheduler_ingestion-3901f8c3ed46,2026-03-17,sunscreen,Sunscreen,scheduler_synthetic,5,sunscreen feels heavy and caused mild irritation.,,2026-03-16T21:24:45+00:00
scheduler_ingestion-3a07cf566ab1,2026-03-17,moisturizer,Moisturizer,scheduler_synthetic,4,moisturizer works but the fragrance is strong.,,2026-03-16T22:02:52+00:00
scheduler_ingestion-3a1a06540e94,2026-03-17,sunscreen,Sunscreen,scheduler_synthetic,2,"Decent sunscreen, but price feels high.",,2026-03-17T18:14:53+00:00
scheduler_ingestion-3a3c1724914c,2026-03-17,sunscreen,Sunscreen,scheduler_synthetic,3,"Decent sunscreen, but price feels high.",,2026-03-17T17:43:35+00:00
scheduler_ingestion-3ab1be0f2ffa,2026-03-17,cleanser,Cleanser,scheduler_synthetic,4,"Decent cleanser, but price feels high.",,2026-03-17T14:39:15+00:00
scheduler_ingestion-3b47d92054fd,2026-03-17,moisturizer,Moisturizer,scheduler_synthetic,5,moisturizer feels heavy and caused mild irritation.,,2026-03-17T14:09:15+00:00
scheduler_ingestion-3d53e83474a0,2026-03-17,sunscreen,Sunscreen,scheduler_synthetic,2,sunscreen feels heavy and caused mild irritation.,,2026-03-17T15:34:45+00:00
scheduler_ingestion-3e599bf6acb2,2026-03-17,serum,Serum,scheduler_synthetic,4,Best serum for daily routine so far.,,2026-03-16T21:43:12+00:00
scheduler_ingestion-3ec82e0ed6fb,2026-03-17,moisturizer,Moisturizer,scheduler_synthetic,5,moisturizer feels heavy and caused mild irritation.,,2026-03-16T19:52:57+00:00
scheduler_ingestion-3fab44e7ef70,2026-03-17,sunscreen,Sunscreen,scheduler_synthetic,2,Best sunscreen for daily routine so far.,,2026-03-17T13:52:40+00:00
scheduler_ingestion-401703d4b08e,2026-03-17,serum,Serum,scheduler_synthetic,5,serum feels heavy and caused mild irritation.,,2026-03-17T18:14:53+00:00
scheduler_ingestion-4044457edb7b,2026-03-17,sunscreen,Sunscreen,scheduler_synthetic,5,Best sunscreen for daily routine so far.,,2026-03-16T21:34:05+00:00
scheduler_ingestion-415cdc3f72c9,2026-03-17,cleanser,Cleanser,scheduler_synthetic,5,Great cleanser texture and visible improvement.,,2026-03-16T21:43:12+00:00
scheduler_ingestion-420e54559136,2026-03-17,serum,Serum,scheduler_synthetic,2,Best serum for daily routine so far.,,2026-03-16T22:02:52+00:00
scheduler_ingestion-4258080fe3a7,2026-03-17,sunscreen,Sunscreen,scheduler_synthetic,3,sunscreen works but the fragrance is strong.,,2026-03-17T17:58:27+00:00
scheduler_ingestion-425d4d6e100a,2026-03-17,serum,Serum,scheduler_synthetic,5,Best serum for daily routine so far.,,2026-03-17T14:24:15+00:00
scheduler_ingestion-43ddb5bd6da8,2026-03-17,serum,Serum,scheduler_synthetic,4,"Decent serum, but price feels high.",,2026-03-17T17:58:35+00:00
scheduler_ingestion-45a8f47c3f83,2026-03-17,sunscreen,Sunscreen,scheduler_synthetic,5,Great sunscreen texture and visible improvement.,,2026-03-17T13:37:40+00:00
scheduler_ingestion-461bb4e3f256,2026-03-17,serum,Serum,scheduler_synthetic,2,"Decent serum, but price feels high.",,2026-03-17T13:15:56+00:00
scheduler_ingestion-47a1620faff9,2026-03-17,cleanser,Cleanser,scheduler_synthetic,5,Best cleanser for daily routine so far.,,2026-03-17T18:16:14+00:00
scheduler_ingestion-4847ee4c1577,2026-03-17,moisturizer,Moisturizer,scheduler_synthetic,4,moisturizer works but the fragrance is strong.,,2026-03-16T21:43:12+00:00
scheduler_ingestion-4974943105fd,2026-03-17,cleanser,Cleanser,scheduler_synthetic,4,cleanser works but the fragrance is strong.,,2026-03-17T13:37:40+00:00
scheduler_ingestion-4ad8d4c4f107,2026-03-17,moisturizer,Moisturizer,scheduler_synthetic,2,moisturizer feels heavy and caused mild irritation.,,2026-03-16T22:06:16+00:00
scheduler_ingestion-4e4a3bafc727,2026-03-17,sunscreen,Sunscreen,scheduler_synthetic,3,"Decent sunscreen, but price feels high.",,2026-03-17T17:28:35+00:00
scheduler_ingestion-4ee7eddda81b,2026-03-17,moisturizer,Moisturizer,scheduler_synthetic,4,moisturizer feels heavy and caused mild irritation.,,2026-03-17T13:52:40+00:00
scheduler_ingestion-4f023b0b3e02,2026-03-17,serum,Serum,scheduler_synthetic,5,Great serum texture and visible improvement.,,2026-03-17T18:13:27+00:00
scheduler_ingestion-51e25b03a5b2,2026-03-17,cleanser,Cleanser,scheduler_synthetic,5,Best cleanser for daily routine so far.,,2026-03-17T18:14:53+00:00
scheduler_ingestion-530faab88d0b,2026-03-17,sunscreen,Sunscreen,scheduler_synthetic,2,"Decent sunscreen, but price feels high.",,2026-03-16T20:34:44+00:00
scheduler_ingestion-540d10574f3d,2026-03-17,serum,Serum,scheduler_synthetic,3,Best serum for daily routine so far.,,2026-03-17T18:28:35+00:00
scheduler_ingestion-54449c5a6424,2026-03-17,cleanser,Cleanser,scheduler_synthetic,4,Great cleanser texture and visible improvement.,,2026-03-16T21:47:52+00:00
scheduler_ingestion-54e02f42b31f,2026-03-17,sunscreen,Sunscreen,scheduler_synthetic,4,sunscreen works but the fragrance is strong.,,2026-03-17T18:14:53+00:00
scheduler_ingestion-56b8bf876467,2026-03-17,sunscreen,Sunscreen,scheduler_synthetic,3,sunscreen feels heavy and caused mild irritation.,,2026-03-17T13:36:33+00:00
scheduler_ingestion-5e15fb325396,2026-03-17,sunscreen,Sunscreen,scheduler_synthetic,2,Great sunscreen texture and visible improvement.,,2026-03-16T21:38:29+00:00
scheduler_ingestion-5e5b48e731e9,2026-03-17,cleanser,Cleanser,scheduler_synthetic,4,Best cleanser for daily routine so far.,,2026-03-17T17:13:36+00:00
scheduler_ingestion-62a20a01e3d9,2026-03-17,moisturizer,Moisturizer,scheduler_synthetic,2,moisturizer feels heavy and caused mild irritation.,,2026-03-17T18:13:35+00:00
scheduler_ingestion-62a66a50b2c5,2026-03-17,sunscreen,Sunscreen,scheduler_synthetic,5,sunscreen works but the fragrance is strong.,,2026-03-16T19:57:10+00:00
scheduler_ingestion-66610a102aad,2026-03-17,serum,Serum,scheduler_synthetic,3,Best serum for daily routine so far.,,2026-03-17T18:13:27+00:00
scheduler_ingestion-68da82adc4b5,2026-03-17,sunscreen,Sunscreen,scheduler_synthetic,4,Great sunscreen texture and visible improvement.,,2026-03-16T20:33:12+00:00
scheduler_ingestion-6950c2aaf5b2,2026-03-17,serum,Serum,scheduler_synthetic,3,Best serum for daily routine so far.,,2026-03-16T22:06:16+00:00
scheduler_ingestion-6a58e0060010,2026-03-17,moisturizer,Moisturizer,scheduler_synthetic,5,Great moisturizer texture and visible improvement.,,2026-03-16T22:06:16+00:00
scheduler_ingestion-6b913616381c,2026-03-17,moisturizer,Moisturizer,scheduler_synthetic,2,"Decent moisturizer, but price feels high.",,2026-03-17T13:37:40+00:00
scheduler_ingestion-6e14df428aa6,2026-03-17,cleanser,Cleanser,scheduler_synthetic,2,cleanser works but the fragrance is strong.,,2026-03-17T18:29:54+00:00
scheduler_ingestion-6eea0a232499,2026-03-17,sunscreen,Sunscreen,scheduler_synthetic,2,sunscreen works but the fragrance is strong.,,2026-03-16T19:52:57+00:00
scheduler_ingestion-6f12c27ed387,2026-03-17,serum,Serum,scheduler_synthetic,3,Great serum texture and visible improvement.,,2026-03-17T15:34:45+00:00
scheduler_ingestion-7293bb34b33a,2026-03-17,sunscreen,Sunscreen,scheduler_synthetic,2,Great sunscreen texture and visible improvement.,,2026-03-16T21:47:52+00:00
scheduler_ingestion-743a9f75c81c,2026-03-17,moisturizer,Moisturizer,scheduler_synthetic,3,moisturizer works but the fragrance is strong.,,2026-03-17T14:09:15+00:00
scheduler_ingestion-76c559dd7609,2026-03-17,sunscreen,Sunscreen,scheduler_synthetic,4,sunscreen works but the fragrance is strong.,,2026-03-16T21:51:15+00:00
scheduler_ingestion-786c5a4bbdd6,2026-03-17,sunscreen,Sunscreen,scheduler_synthetic,2,"Decent sunscreen, but price feels high.",,2026-03-17T18:28:35+00:00
scheduler_ingestion-7d9db3e6b4ab,2026-03-17,sunscreen,Sunscreen,scheduler_synthetic,2,"Decent sunscreen, but price feels high.",,2026-03-17T17:13:36+00:00
scheduler_ingestion-7f2d61468cfa,2026-03-17,sunscreen,Sunscreen,scheduler_synthetic,5,Best sunscreen for daily routine so far.,,2026-03-16T21:24:45+00:00
scheduler_ingestion-830fbb658e10,2026-03-17,moisturizer,Moisturizer,scheduler_synthetic,4,"Decent moisturizer, but price feels high.",,2026-03-17T17:43:35+00:00
scheduler_ingestion-83fc51b4586b,2026-03-17,serum,Serum,scheduler_synthetic,2,Best serum for daily routine so far.,,2026-03-17T13:30:57+00:00
scheduler_ingestion-893af3e639ac,2026-03-17,moisturizer,Moisturizer,scheduler_synthetic,5,moisturizer feels heavy and caused mild irritation.,,2026-03-16T21:38:29+00:00
scheduler_ingestion-8a32b363c719,2026-03-17,sunscreen,Sunscreen,scheduler_synthetic,4,Great sunscreen texture and visible improvement.,,2026-03-16T22:02:52+00:00
scheduler_ingestion-8c529234e352,2026-03-17,moisturizer,Moisturizer,scheduler_synthetic,2,moisturizer works but the fragrance is strong.,,2026-03-17T17:28:35+00:00
scheduler_ingestion-8dc49036593e,2026-03-17,sunscreen,Sunscreen,scheduler_synthetic,2,"Decent sunscreen, but price feels high.",,2026-03-16T19:58:56+00:00
scheduler_ingestion-8ea07dee8932,2026-03-17,sunscreen,Sunscreen,scheduler_synthetic,4,Best sunscreen for daily routine so far.,,2026-03-17T13:15:56+00:00
scheduler_ingestion-900436b2531b,2026-03-17,cleanser,Cleanser,scheduler_synthetic,4,"Decent cleanser, but price feels high.",,2026-03-17T18:13:35+00:00
scheduler_ingestion-923d0fac2586,2026-03-17,cleanser,Cleanser,scheduler_synthetic,4,Best cleanser for daily routine so far.,,2026-03-17T14:39:15+00:00
scheduler_ingestion-96e0d14ff2ed,2026-03-17,serum,Serum,scheduler_synthetic,3,Great serum texture and visible improvement.,,2026-03-17T18:13:35+00:00
scheduler_ingestion-9876f92a495a,2026-03-17,moisturizer,Moisturizer,scheduler_synthetic,3,moisturizer feels heavy and caused mild irritation.,,2026-03-17T13:52:40+00:00
scheduler_ingestion-9ca02998ef2f,2026-03-17,moisturizer,Moisturizer,scheduler_synthetic,4,moisturizer works but the fragrance is strong.,,2026-03-16T19:58:56+00:00
scheduler_ingestion-9e760d7d1142,2026-03-17,serum,Serum,scheduler_synthetic,2,Great serum texture and visible improvement.,,2026-03-16T19:58:56+00:00
scheduler_ingestion-9f3b22ee15a0,2026-03-17,cleanser,Cleanser,scheduler_synthetic,5,cleanser works but the fragrance is strong.,,2026-03-16T21:24:45+00:00
scheduler_ingestion-a07cb8e1b7a3,2026-03-17,sunscreen,Sunscreen,scheduler_synthetic,4,Great sunscreen texture and visible improvement.,,2026-03-16T20:33:12+00:00
scheduler_ingestion-a31791e03b9c,2026-03-17,sunscreen,Sunscreen,scheduler_synthetic,4,sunscreen works but the fragrance is strong.,,2026-03-17T18:13:27+00:00
scheduler_ingestion-a33c353d1c9e,2026-03-17,serum,Serum,scheduler_synthetic,2,"Decent serum, but price feels high.",,2026-03-17T15:34:45+00:00
scheduler_ingestion-a3f6bf0bf553,2026-03-17,cleanser,Cleanser,scheduler_synthetic,3,cleanser feels heavy and caused mild irritation.,,2026-03-16T21:34:05+00:00
scheduler_ingestion-a5af83687851,2026-03-17,moisturizer,Moisturizer,scheduler_synthetic,3,"Decent moisturizer, but price feels high.",,2026-03-16T19:52:57+00:00
scheduler_ingestion-a77b8bdce8c2,2026-03-17,sunscreen,Sunscreen,scheduler_synthetic,3,sunscreen feels heavy and caused mild irritation.,,2026-03-17T13:52:40+00:00
scheduler_ingestion-a8212fafaaf5,2026-03-17,cleanser,Cleanser,scheduler_synthetic,3,cleanser feels heavy and caused mild irritation.,,2026-03-17T17:58:27+00:00
scheduler_ingestion-aff01eaa1409,2026-03-17,sunscreen,Sunscreen,scheduler_synthetic,2,"Decent sunscreen, but price feels high.",,2026-03-17T17:58:35+00:00
scheduler_ingestion-b1b6bbd499c4,2026-03-17,moisturizer,Moisturizer,scheduler_synthetic,2,moisturizer feels heavy and caused mild irritation.,,2026-03-17T18:13:27+00:00
scheduler_ingestion-b43873c3594f,2026-03-17,cleanser,Cleanser,scheduler_synthetic,2,cleanser feels heavy and caused mild irritation.,,2026-03-16T21:47:52+00:00
scheduler_ingestion-b481baad7f3d,2026-03-17,serum,Serum,scheduler_synthetic,5,Great serum texture and visible improvement.,,2026-03-16T20:34:44+00:00
scheduler_ingestion-b6714cf49809,2026-03-17,sunscreen,Sunscreen,scheduler_synthetic,5,sunscreen feels heavy and caused mild irritation.,,2026-03-17T18:28:35+00:00
scheduler_ingestion-b754e84b6556,2026-03-17,cleanser,Cleanser,scheduler_synthetic,2,Best cleanser for daily routine so far.,,2026-03-17T13:30:57+00:00
scheduler_ingestion-b9e0bd209ce9,2026-03-17,moisturizer,Moisturizer,scheduler_synthetic,2,"Decent moisturizer, but price feels high.",,2026-03-16T21:38:29+00:00
scheduler_ingestion-bad7b0d641f0,2026-03-17,cleanser,Cleanser,scheduler_synthetic,5,Best cleanser for daily routine so far.,,2026-03-17T18:13:35+00:00
scheduler_ingestion-be473a9e241f,2026-03-17,moisturizer,Moisturizer,scheduler_synthetic,3,Best moisturizer for daily routine so far.,,2026-03-17T17:43:35+00:00
scheduler_ingestion-c229effddc52,2026-03-17,serum,Serum,scheduler_synthetic,4,Best serum for daily routine so far.,,2026-03-16T21:34:05+00:00
scheduler_ingestion-c860d79ece82,2026-03-17,serum,Serum,scheduler_synthetic,2,serum feels heavy and caused mild irritation.,,2026-03-17T13:37:40+00:00
scheduler_ingestion-c91e14512ada,2026-03-17,sunscreen,Sunscreen,scheduler_synthetic,4,sunscreen feels heavy and caused mild irritation.,,2026-03-17T17:13:36+00:00
scheduler_ingestion-d30ce78ed56f,2026-03-17,cleanser,Cleanser,scheduler_synthetic,3,cleanser works but the fragrance is strong.,,2026-03-16T19:57:10+00:00
scheduler_ingestion-d3d1499570db,2026-03-17,serum,Serum,scheduler_synthetic,3,serum works but the fragrance is strong.,,2026-03-16T19:57:10+00:00
scheduler_ingestion-d491e924b900,2026-03-17,cleanser,Cleanser,scheduler_synthetic,4,Best cleanser for daily routine so far.,,2026-03-17T17:43:35+00:00
scheduler_ingestion-d5bfaf6ef1a3,2026-03-17,cleanser,Cleanser,scheduler_synthetic,5,cleanser works but the fragrance is strong.,,2026-03-16T21:24:45+00:00
scheduler_ingestion-d7bc4d30d1ee,2026-03-17,sunscreen,Sunscreen,scheduler_synthetic,4,"Decent sunscreen, but price feels high.",,2026-03-17T13:36:33+00:00
scheduler_ingestion-d9fd171d331b,2026-03-17,moisturizer,Moisturizer,scheduler_synthetic,5,Great moisturizer texture and visible improvement.,,2026-03-17T18:29:54+00:00
scheduler_ingestion-e053b8b8cdef,2026-03-17,sunscreen,Sunscreen,scheduler_synthetic,4,sunscreen works but the fragrance is strong.,,2026-03-17T18:16:14+00:00
scheduler_ingestion-e136cefc65c5,2026-03-17,moisturizer,Moisturizer,scheduler_synthetic,3,"Decent moisturizer, but price feels high.",,2026-03-16T21:47:52+00:00
scheduler_ingestion-e1397f005992,2026-03-17,serum,Serum,scheduler_synthetic,2,Great serum texture and visible improvement.,,2026-03-17T13:30:57+00:00
scheduler_ingestion-e33fc3c43b13,2026-03-17,moisturizer,Moisturizer,scheduler_synthetic,3,moisturizer feels heavy and caused mild irritation.,,2026-03-16T21:51:15+00:00
scheduler_ingestion-e5e2cc12cb0e,2026-03-17,sunscreen,Sunscreen,scheduler_synthetic,2,sunscreen works but the fragrance is strong.,,2026-03-16T22:02:52+00:00
scheduler_ingestion-e6866f253deb,2026-03-17,cleanser,Cleanser,scheduler_synthetic,2,"Decent cleanser, but price feels high.",,2026-03-17T18:14:53+00:00
scheduler_ingestion-e773e2dbb904,2026-03-17,sunscreen,Sunscreen,scheduler_synthetic,5,Best sunscreen for daily routine so far.,,2026-03-17T18:14:53+00:00
scheduler_ingestion-e7b4a7d8eab6,2026-03-17,moisturizer,Moisturizer,scheduler_synthetic,2,Great moisturizer texture and visible improvement.,,2026-03-17T14:24:15+00:00
scheduler_ingestion-e911fdf2adad,2026-03-17,cleanser,Cleanser,scheduler_synthetic,2,cleanser feels heavy and caused mild irritation.,,2026-03-16T20:34:44+00:00
scheduler_ingestion-eb380122b1d6,2026-03-17,serum,Serum,scheduler_synthetic,4,serum feels heavy and caused mild irritation.,,2026-03-17T17:28:35+00:00
scheduler_ingestion-eeb767e2a7b6,2026-03-17,cleanser,Cleanser,scheduler_synthetic,3,Best cleanser for daily routine so far.,,2026-03-17T17:28:35+00:00
scheduler_ingestion-f17c4f999bae,2026-03-17,cleanser,Cleanser,scheduler_synthetic,4,Great cleanser texture and visible improvement.,,2026-03-16T20:34:44+00:00
scheduler_ingestion-f7b8fd858ebf,2026-03-17,cleanser,Cleanser,scheduler_synthetic,2,cleanser feels heavy and caused mild irritation.,,2026-03-17T17:58:35+00:00
scheduler_ingestion-f9219def7640,2026-03-17,cleanser,Cleanser,scheduler_synthetic,3,Great cleanser texture and visible improvement.,,2026-03-17T18:29:53+00:00
scheduler_ingestion-fb7a1d8f4235,2026-03-17,sunscreen,Sunscreen,scheduler_synthetic,4,sunscreen works but the fragrance is strong.,,2026-03-17T17:58:27+00:00
scheduler_ingestion-fc2968be249d,2026-03-17,sunscreen,Sunscreen,scheduler_synthetic,5,sunscreen feels heavy and caused mild irritation.,,2026-03-17T17:58:27+00:00
scheduler_ingestion-fcfc5f2affe5,2026-03-17,serum,Serum,scheduler_synthetic,3,serum feels heavy and caused mild irritation.,,2026-03-17T18:16:14+00:00
scheduler_ingestion-fdb903c1537a,2026-03-17,sunscreen,Sunscreen,scheduler_synthetic,5,"Decent sunscreen, but price feels high.",,2026-03-16T20:33:12+00:00
scheduler_ingestion-fe0ab3866709,2026-03-17,serum,Serum,scheduler_synthetic,4,Best serum for daily routine so far.,,2026-03-17T18:29:53+00:00
scheduler_job-0d97dcc6bf31,2026-03-17,moisturizer,Moisturizer,scheduler_job,4,Best moisturizer for daily routine so far.,,2026-03-16T19:28:35+00:00
scheduler_job-23a8d7d654ae,2026-03-17,sunscreen,Sunscreen,scheduler_job,3,sunscreen works but the fragrance is strong.,,2026-03-16T19:28:35+00:00
scheduler_job-5ed5af47c04b,2026-03-17,cleanser,Cleanser,scheduler_job,3,Best cleanser for daily routine so far.,,2026-03-16T19:28:35+00:00
scheduler_job-727f6e579c56,2026-03-17,cleanser,Cleanser,scheduler_job,4,cleanser works but the fragrance is strong.,,2026-03-16T19:20:54+00:00
scheduler_job-7d3ef4a0e954,2026-03-17,cleanser,Cleanser,scheduler_job,5,"Decent cleanser, but price feels high.",,2026-03-16T19:20:55+00:00
scheduler_job-ab85124e4239,2026-03-17,serum,Serum,scheduler_job,3,serum works but the fragrance is strong.,,2026-03-16T19:20:54+00:00
scheduler_job-c042b85613f1,2026-03-17,sunscreen,Sunscreen,scheduler_job,2,sunscreen feels heavy and caused mild irritation.,,2026-03-16T19:28:35+00:00
scheduler_job-dafc363ad767,2026-03-17,sunscreen,Sunscreen,scheduler_job,5,Great sunscreen texture and visible improvement.,,2026-03-16T19:20:54+00:00
seed-v3-cerave-20260317-0,2026-03-17,cerave,CeraVe,reviews,5,"Reliable and gentle, no irritation.",,2026-03-20T07:15:22+00:00
seed-v3-cerave-20260317-1,2026-03-17,cerave,CeraVe,twitter,3,"Stung around my nose, not for me.",,2026-03-20T07:15:22+00:00
seed-v3-cerave-20260317-2,2026-03-17,cerave,CeraVe,news,4,"Works well, but the finish is a bit tacky.",,2026-03-20T07:15:22+00:00
seed-v3-cerave-20260317-3,2026-03-17,cerave,CeraVe,twitter,3,"Texture is okay, but it pills with sunscreen.",,2026-03-20T07:15:22+00:00
seed-v3-cerave-20260317-4,2026-03-17,cerave,CeraVe,reviews,5,Good everyday hydration and fragrance-free.,,2026-03-20T07:15:22+00:00
seed-v3-cerave-20260317-5,2026-03-17,cerave,CeraVe,twitter,1,"Stung around my nose, not for me.",,2026-03-20T07:15:22+00:00
seed-v3-cerave-20260317-6,2026-03-17,cerave,CeraVe,reviews,5,"Love the ceramides, great for winter skin.",,2026-03-20T07:15:22+00:00
seed-v3-cleanser-20260317-0,2026-03-17,cleanser,Cleanser,reviews,2,Broke me out and felt harsh on my cheeks.,,2026-03-20T07:15:22+00:00
seed-v3-cleanser-20260317-1,2026-03-17,cleanser,Cleanser,reviews,4,Broke me out and felt harsh on my cheeks.,,2026-03-20T07:15:22+00:00
seed-v3-cleanser-20260317-2,2026-03-17,cleanser,Cleanser,twitter,1,Broke me out and felt harsh on my cheeks.,,2026-03-20T07:15:22+00:00
seed-v3-la_roche_posay-20260317-0,2026-03-17,la_roche_posay,La Roche-Posay,reviews,5,"Soothing for sensitive skin, texture feels premium.",,2026-03-20T07:15:22+00:00
seed-v3-la_roche_posay-20260317-1,2026-03-17,la_roche_posay,La Roche-Posay,reviews,5,Calms redness quickly and feels gentle.,,2026-03-20T07:15:22+00:00
seed-v3-la_roche_posay-20260317-2,2026-03-17,la_roche_posay,La Roche-Posay,reviews,5,Calms redness quickly and feels gentle.,,2026-03-20T07:15:22+00:00
seed-v3-la_roche_posay-20260317-3,2026-03-17,la_roche_posay,La Roche-Posay,reviews,5,"Soothing for sensitive skin, texture feels premium.",,2026-03-20T07:15:22+00:00
seed-v3-la_roche_posay-20260317-4,2026-03-17,la_roche_posay,La Roche-Posay,twitter,4,"Soothing for sensitive skin, texture feels premium.",,2026-03-20T07:15:22+00:00
seed-v3-la_roche_posay-20260317-5,2026-03-17,la_roche_posay,La Roche-Posay,news,3,"Great for sensitive skin, but can feel heavy mid-day.",,2026-03-20T07:15:22+00:00
seed-v3-la_roche_posay-20260317-6,2026-03-17,la_roche_posay,La Roche-Posay,twitter,3,"Great for sensitive skin, but can feel heavy mid-day.",,2026-03-20T07:15:22+00:00
seed-v3-moisturizer-20260317-0,2026-03-17,moisturizer,Moisturizer,reviews,4,Average hydration and a bit sticky.,,2026-03-20T07:15:22+00:00
seed-v3-moisturizer-20260317-1,2026-03-17,moisturizer,Moisturizer,reddit,4,Absorbs fast and helps my dry patches.,,2026-03-20T07:15:22+00:00
seed-v3-moisturizer-20260317-2,2026-03-17,moisturizer,Moisturizer,reddit,2,Great value and smooth texture.,,2026-03-20T07:15:22+00:00
seed-v3-moisturizer-20260317-3,2026-03-17,moisturizer,Moisturizer,reddit,3,Absorbs fast and helps my dry patches.,,2026-03-20T07:15:22+00:00
seed-v3-moisturizer-20260317-4,2026-03-17,moisturizer,Moisturizer,reviews,4,"Not enough for winter, but good layering.",,2026-03-20T07:15:22+00:00
seed-v3-neutrogena-20260317-0,2026-03-17,neutrogena,Neutrogena,reviews,5,"Finish is matte, but stings around my eyes.",,2026-03-20T07:15:22+00:00
seed-v3-neutrogena-20260317-1,2026-03-17,neutrogena,Neutrogena,news,3,"Finish is matte, but stings around my eyes.",,2026-03-20T07:15:22+00:00
seed-v3-neutrogena-20260317-2,2026-03-17,neutrogena,Neutrogena,reviews,5,"Finish is matte, but stings around my eyes.",,2026-03-20T07:15:22+00:00
seed-v3-neutrogena-20260317-3,2026-03-17,neutrogena,Neutrogena,reddit,2,Irritated my skin and felt heavy by afternoon.,,2026-03-20T07:15:22+00:00
seed-v3-neutrogena-20260317-4,2026-03-17,neutrogena,Neutrogena,news,5,Solid protection and easy to reapply.,,2026-03-20T07:15:22+00:00
seed-v3-neutrogena-20260317-5,2026-03-17,neutrogena,Neutrogena,twitter,2,Good value but a bit of white cast on deeper skin tones.,,2026-03-20T07:15:22+00:00
seed-v3-neutrogena-20260317-6,2026-03-17,neutrogena,Neutrogena,reddit,3,"Finish is matte, but stings around my eyes.",,2026-03-20T07:15:22+00:00
seed-v3-serum-20260317-0,2026-03-17,serum,Serum,reviews,5,Helped with dark spots over a few weeks.,,2026-03-20T07:15:22+00:00
seed-v3-serum-20260317-1,2026-03-17,serum,Serum,reviews,4,Absorbs fast and works under makeup.,,2026-03-20T07:15:22+00:00
seed-v3-serum-20260317-2,2026-03-17,serum,Serum,news,5,Helped with dark spots over a few weeks.,,2026-03-20T07:15:22+00:00
seed-v3-sunscreen-20260317-0,2026-03-17,sunscreen,Sunscreen,news,4,Lightweight sunscreen and no white cast.,,2026-03-20T07:15:22+00:00
seed-v3-sunscreen-20260317-1,2026-03-17,sunscreen,Sunscreen,reviews,2,Caused irritation and felt heavy.,,2026-03-20T07:15:22+00:00
seed-v3-sunscreen-20260317-2,2026-03-17,sunscreen,Sunscreen,news,4,"Good daily SPF, absorbs quickly.",,2026-03-20T07:15:22+00:00
seed-v3-supergoop-20260317-0,2026-03-17,supergoop,Supergoop!,reviews,4,"Easy to reapply, but the scent is noticeable.",,2026-03-20T07:15:22+00:00
seed-v3-supergoop-20260317-1,2026-03-17,supergoop,Supergoop!,twitter,3,"Easy to reapply, but the scent is noticeable.",,2026-03-20T07:15:22+00:00
test-suite_ingestion-0d56e64f4c3c,2026-03-17,serum,Serum,test-suite_synthetic,3,"Decent serum, but price feels high.",,2026-03-16T20:33:15+00:00
test-suite_ingestion-17f15b698831,2026-03-17,sunscreen,Sunscreen,test-suite_synthetic,5,"Decent sunscreen, but price feels high.",,2026-03-16T19:53:00+00:00
test-suite_ingestion-2e66d2ea8595,2026-03-17,sunscreen,Sunscreen,test-suite_synthetic,5,sunscreen feels heavy and caused mild irritation.,,2026-03-16T19:53:00+00:00
test-suite_ingestion-3140fddc3856,2026-03-17,sunscreen,Sunscreen,test-suite_synthetic,2,sunscreen works but the fragrance is strong.,,2026-03-16T19:57:14+00:00
test-suite_ingestion-34b4643c812f,2026-03-17,moisturizer,Moisturizer,test-suite_synthetic,3,Great moisturizer texture and visible improvement.,,2026-03-16T21:34:08+00:00
test-suite_ingestion-4954b1af686f,2026-03-17,serum,Serum,test-suite_synthetic,3,Great serum texture and visible improvement.,,2026-03-17T15:34:49+00:00
test-suite_ingestion-4de749f591b5,2026-03-17,sunscreen,Sunscreen,test-suite_synthetic,3,sunscreen feels heavy and caused mild irritation.,,2026-03-16T20:34:47+00:00
test-suite_ingestion-5e67fb866412,2026-03-17,cleanser,Cleanser,test-suite_synthetic,4,Great cleanser texture and visible improvement.,,2026-03-17T17:13:35+00:00
test-suite_ingestion-7c74b97d050f,2026-03-17,serum,Serum,test-suite_synthetic,5,"Decent serum, but price feels high.",,2026-03-16T20:33:15+00:00
test-suite_ingestion-8af11015a831,2026-03-17,serum,Serum,test-suite_synthetic,2,Best serum for daily routine so far.,,2026-03-17T17:13:35+00:00
test-suite_ingestion-8f0cf8291825,2026-03-17,serum,Serum,test-suite_synthetic,5,Best serum for daily routine so far.,,2026-03-17T15:34:49+00:00
test-suite_ingestion-99395dab93b8,2026-03-17,moisturizer,Moisturizer,test-suite_synthetic,5,Best moisturizer for daily routine so far.,,2026-03-16T21:34:08+00:00
test-suite_ingestion-9cbb86d8c4ff,2026-03-17,moisturizer,Moisturizer,test-suite_synthetic,2,Best moisturizer for daily routine so far.,,2026-03-16T19:57:14+00:00
test-suite_ingestion-a2b7e8322988,2026-03-17,serum,Serum,test-suite_synthetic,3,Great serum texture and visible improvement.,,2026-03-16T21:24:48+00:00
test-suite_ingestion-a970439e1504,2026-03-17,moisturizer,Moisturizer,test-suite_synthetic,5,Best moisturizer for daily routine so far.,,2026-03-16T20:34:47+00:00
test-suite_ingestion-acfe3075d311,2026-03-17,sunscreen,Sunscreen,test-suite_synthetic,5,sunscreen feels heavy and caused mild irritation.,,2026-03-16T21:24:48+00:00
test-suite_ingestion-b7780d13470d,2026-03-17,serum,Serum,test-suite_synthetic,5,Best serum for daily routine so far.,,2026-03-16T19:58:59+00:00
test-suite_ingestion-c9b276fe8053,2026-03-17,moisturizer,Moisturizer,test-suite_synthetic,4,moisturizer feels heavy and caused mild irritation.,,2026-03-16T21:38:32+00:00
test-suite_ingestion-cecf329e35e5,2026-03-17,moisturizer,Moisturizer,test-suite_synthetic,4,"Decent moisturizer, but price feels high.",,2026-03-16T19:58:59+00:00
test-suite_ingestion-d2eff527db7c,2026-03-17,moisturizer,Moisturizer,test-suite_synthetic,3,Great moisturizer texture and visible improvement.,,2026-03-16T21:38:32+00:00
test-suite_job-4cb4d288937a,2026-03-17,serum,Serum,test-suite_job,3,serum feels heavy and caused mild irritation.,,2026-03-16T19:21:00+00:00
test-suite_job-ff6f3801b239,2026-03-17,serum,Serum,test-suite_job,4,Best serum for daily routine so far.,,2026-03-16T19:21:00+00:00
api-a3929310e7b0,2026-03-18,sunscreen,Sunscreen,api,4,"Excellent texture and lightweight feel, but price is a little high.",0d63d118-92a7-4655-9696-7774b7c3aa62,2026-03-17T22:14:58+00:00
api-a61ca1ed735b,2026-03-18,sunscreen,Sunscreen,api,4,"Excellent texture and lightweight feel, but price is a little high.",43b0ce87-c4e3-4a1f-ae97-28cce966eb05,2026-03-17T19:30:10+00:00
job_worker-511ec2eac64b,2026-03-18,sunscreen,Sunscreen,job_worker,5,Great sunscreen texture but a bit pricey.,,2026-03-18T14:48:31+00:00
job_worker-bb5aef0dac62,2026-03-18,sunscreen,Sunscreen,job_worker,5,Great sunscreen texture but a bit pricey.,,2026-03-17T19:30:25+00:00
scheduler_ingestion-0121b88a5dd4,2026-03-18,serum,Serum,scheduler_synthetic,5,serum works but the fragrance is strong.,,2026-03-17T20:02:57+00:00
scheduler_ingestion-01d581c4cebd,2026-03-18,moisturizer,Moisturizer,scheduler_synthetic,2,Great moisturizer texture and visible improvement.,,2026-03-17T18:58:30+00:00
scheduler_ingestion-020275457919,2026-03-18,sunscreen,Sunscreen,scheduler_synthetic,3,sunscreen works but the fragrance is strong.,,2026-03-17T20:14:23+00:00
scheduler_ingestion-02ac3a3b87a5,2026-03-18,sunscreen,Sunscreen,scheduler_synthetic,5,Best sunscreen for daily routine so far.,,2026-03-17T20:04:35+00:00
scheduler_ingestion-05acaaae9655,2026-03-18,cleanser,Cleanser,scheduler_synthetic,2,Great cleanser texture and visible improvement.,,2026-03-17T20:13:31+00:00
scheduler_ingestion-0644eef6caf3,2026-03-18,sunscreen,Sunscreen,scheduler_synthetic,2,Best sunscreen for daily routine so far.,,2026-03-17T20:28:31+00:00
scheduler_ingestion-0974e324278a,2026-03-18,serum,Serum,scheduler_synthetic,3,serum works but the fragrance is strong.,,2026-03-17T20:28:31+00:00
scheduler_ingestion-0a1da243e1a5,2026-03-18,serum,Serum,scheduler_synthetic,5,Best serum for daily routine so far.,,2026-03-17T18:44:54+00:00
scheduler_ingestion-0b3858608258,2026-03-18,cleanser,Cleanser,scheduler_synthetic,4,cleanser works but the fragrance is strong.,,2026-03-18T14:50:16+00:00
scheduler_ingestion-0c4b3f845c4e,2026-03-18,cleanser,Cleanser,scheduler_synthetic,4,Great cleanser texture and visible improvement.,,2026-03-17T18:44:54+00:00
scheduler_ingestion-0ca036e8d261,2026-03-18,serum,Serum,scheduler_synthetic,4,serum feels heavy and caused mild irritation.,,2026-03-17T18:58:10+00:00
scheduler_ingestion-0d05b41ad828,2026-03-18,cleanser,Cleanser,scheduler_synthetic,2,cleanser works but the fragrance is strong.,,2026-03-17T18:44:54+00:00
scheduler_ingestion-0dbdd2f5b4ed,2026-03-18,sunscreen,Sunscreen,scheduler_synthetic,3,sunscreen works but the fragrance is strong.,,2026-03-17T20:20:35+00:00
scheduler_ingestion-0fd5b3737c36,2026-03-18,sunscreen,Sunscreen,scheduler_synthetic,2,Best sunscreen for daily routine so far.,,2026-03-17T19:13:30+00:00
scheduler_ingestion-1025fd08e2e5,2026-03-18,serum,Serum,scheduler_synthetic,2,Great serum texture and visible improvement.,,2026-03-17T18:58:35+00:00
scheduler_ingestion-126320f1d0b8,2026-03-18,serum,Serum,scheduler_synthetic,2,Great serum texture and visible improvement.,,2026-03-17T20:28:31+00:00
scheduler_ingestion-1292b1797b6d,2026-03-18,cleanser,Cleanser,scheduler_synthetic,2,"Decent cleanser, but price feels high.",,2026-03-18T14:50:16+00:00
scheduler_ingestion-132045e5454c,2026-03-18,serum,Serum,scheduler_synthetic,2,"Decent serum, but price feels high.",,2026-03-17T18:58:10+00:00
scheduler_ingestion-1469937bb229,2026-03-18,moisturizer,Moisturizer,scheduler_synthetic,3,Great moisturizer texture and visible improvement.,,2026-03-18T14:50:16+00:00
scheduler_ingestion-147b1a0e2689,2026-03-18,serum,Serum,scheduler_synthetic,2,"Decent serum, but price feels high.",,2026-03-17T18:43:35+00:00
scheduler_ingestion-17b9486855e4,2026-03-18,moisturizer,Moisturizer,scheduler_synthetic,5,Great moisturizer texture and visible improvement.,,2026-03-17T20:28:33+00:00
scheduler_ingestion-1a9849bd33a0,2026-03-18,sunscreen,Sunscreen,scheduler_synthetic,5,Great sunscreen texture and visible improvement.,,2026-03-17T20:28:31+00:00
scheduler_ingestion-1a9df1a35fe8,2026-03-18,serum,Serum,scheduler_synthetic,4,serum feels heavy and caused mild irritation.,,2026-03-17T18:44:54+00:00
scheduler_ingestion-1b14584b4a19,2026-03-18,moisturizer,Moisturizer,scheduler_synthetic,5,"Decent moisturizer, but price feels high.",,2026-03-17T18:58:10+00:00
scheduler_ingestion-1e28853755f2,2026-03-18,serum,Serum,scheduler_synthetic,3,"Decent serum, but price feels high.",,2026-03-18T15:03:30+00:00
scheduler_ingestion-1f05e01374c3,2026-03-18,serum,Serum,scheduler_synthetic,4,Great serum texture and visible improvement.,,2026-03-17T20:10:40+00:00
scheduler_ingestion-20e5ae03f1f3,2026-03-18,moisturizer,Moisturizer,scheduler_synthetic,3,moisturizer works but the fragrance is strong.,,2026-03-18T15:18:31+00:00
scheduler_ingestion-21ae34505fa2,2026-03-18,sunscreen,Sunscreen,scheduler_synthetic,4,Best sunscreen for daily routine so far.,,2026-03-18T15:18:31+00:00
scheduler_ingestion-2285a5232a73,2026-03-18,cleanser,Cleanser,scheduler_synthetic,4,Best cleanser for daily routine so far.,,2026-03-17T20:28:31+00:00
scheduler_ingestion-22c3474c4de9,2026-03-18,cleanser,Cleanser,scheduler_synthetic,4,cleanser feels heavy and caused mild irritation.,,2026-03-17T18:58:10+00:00
scheduler_ingestion-23652a44e7a9,2026-03-18,cleanser,Cleanser,scheduler_synthetic,5,Great cleanser texture and visible improvement.,,2026-03-17T20:13:53+00:00
scheduler_ingestion-240af6aaa5d5,2026-03-18,cleanser,Cleanser,scheduler_synthetic,5,"Decent cleanser, but price feels high.",,2026-03-17T19:13:30+00:00
scheduler_ingestion-2423ff2a9076,2026-03-18,sunscreen,Sunscreen,scheduler_synthetic,2,sunscreen works but the fragrance is strong.,,2026-03-18T15:05:16+00:00
scheduler_ingestion-244448191348,2026-03-18,serum,Serum,scheduler_synthetic,3,serum works but the fragrance is strong.,,2026-03-17T20:28:33+00:00
scheduler_ingestion-244c98d7d69e,2026-03-18,moisturizer,Moisturizer,scheduler_synthetic,4,"Decent moisturizer, but price feels high.",,2026-03-17T20:30:49+00:00
scheduler_ingestion-26c6fb7e1304,2026-03-18,sunscreen,Sunscreen,scheduler_synthetic,2,sunscreen feels heavy and caused mild irritation.,,2026-03-17T18:43:35+00:00
scheduler_ingestion-29fb4726f5cf,2026-03-18,sunscreen,Sunscreen,scheduler_synthetic,4,Best sunscreen for daily routine so far.,,2026-03-17T18:58:11+00:00
scheduler_ingestion-2b640730e644,2026-03-18,moisturizer,Moisturizer,scheduler_synthetic,4,moisturizer works but the fragrance is strong.,,2026-03-17T20:02:57+00:00
scheduler_ingestion-2c417dae7427,2026-03-18,cleanser,Cleanser,scheduler_synthetic,2,cleanser feels heavy and caused mild irritation.,,2026-03-17T18:58:35+00:00
scheduler_ingestion-2ec2fcf798af,2026-03-18,serum,Serum,scheduler_synthetic,5,"Decent serum, but price feels high.",,2026-03-17T20:20:35+00:00
scheduler_ingestion-30b4361cece4,2026-03-18,cleanser,Cleanser,scheduler_synthetic,5,cleanser feels heavy and caused mild irritation.,,2026-03-17T20:14:23+00:00
scheduler_ingestion-30e96570e2f3,2026-03-18,cleanser,Cleanser,scheduler_synthetic,3,cleanser feels heavy and caused mild irritation.,,2026-03-17T20:05:35+00:00
scheduler_ingestion-34e48c4cac86,2026-03-18,serum,Serum,scheduler_synthetic,3,Best serum for daily routine so far.,,2026-03-17T19:35:34+00:00
scheduler_ingestion-350c1f75566c,2026-03-18,moisturizer,Moisturizer,scheduler_synthetic,4,Best moisturizer for daily routine so far.,,2026-03-17T18:58:30+00:00
scheduler_ingestion-365e38d9a3ea,2026-03-18,moisturizer,Moisturizer,scheduler_synthetic,4,Great moisturizer texture and visible improvement.,,2026-03-17T19:34:03+00:00
scheduler_ingestion-36c77980d052,2026-03-18,sunscreen,Sunscreen,scheduler_synthetic,5,Best sunscreen for daily routine so far.,,2026-03-17T19:13:30+00:00
scheduler_ingestion-37f3a304a315,2026-03-18,moisturizer,Moisturizer,scheduler_synthetic,4,Great moisturizer texture and visible improvement.,,2026-03-17T19:58:31+00:00
scheduler_ingestion-383735829795,2026-03-18,moisturizer,Moisturizer,scheduler_synthetic,4,moisturizer feels heavy and caused mild irritation.,,2026-03-17T20:28:33+00:00
scheduler_ingestion-385d7761417a,2026-03-18,moisturizer,Moisturizer,scheduler_synthetic,5,moisturizer feels heavy and caused mild irritation.,,2026-03-17T20:14:52+00:00
scheduler_ingestion-3be2f4d544ac,2026-03-18,cleanser,Cleanser,scheduler_synthetic,4,cleanser feels heavy and caused mild irritation.,,2026-03-17T18:58:30+00:00
scheduler_ingestion-3dd853dd7625,2026-03-18,cleanser,Cleanser,scheduler_synthetic,4,"Decent cleanser, but price feels high.",,2026-03-17T20:11:47+00:00
scheduler_ingestion-3eca549bfbe3,2026-03-18,sunscreen,Sunscreen,scheduler_synthetic,5,Great sunscreen texture and visible improvement.,,2026-03-17T19:43:30+00:00
scheduler_ingestion-411979081175,2026-03-18,serum,Serum,scheduler_synthetic,3,serum works but the fragrance is strong.,,2026-03-17T18:58:10+00:00
scheduler_ingestion-418c4c8e6deb,2026-03-18,moisturizer,Moisturizer,scheduler_synthetic,5,Best moisturizer for daily routine so far.,,2026-03-17T20:13:37+00:00
scheduler_ingestion-439284d0e1de,2026-03-18,serum,Serum,scheduler_synthetic,4,serum works but the fragrance is strong.,,2026-03-17T18:58:11+00:00
scheduler_ingestion-44fcb9b4aa79,2026-03-18,serum,Serum,scheduler_synthetic,4,serum feels heavy and caused mild irritation.,,2026-03-17T19:28:30+00:00
scheduler_ingestion-45064e600ff4,2026-03-18,moisturizer,Moisturizer,scheduler_synthetic,4,Great moisturizer texture and visible improvement.,,2026-03-17T18:58:10+00:00
scheduler_ingestion-490c833608bb,2026-03-18,sunscreen,Sunscreen,scheduler_synthetic,3,Great sunscreen texture and visible improvement.,,2026-03-17T20:10:40+00:00
scheduler_ingestion-496df20e2493,2026-03-18,moisturizer,Moisturizer,scheduler_synthetic,4,Great moisturizer texture and visible improvement.,,2026-03-17T19:28:30+00:00
scheduler_ingestion-497178f4da94,2026-03-18,sunscreen,Sunscreen,scheduler_synthetic,2,sunscreen feels heavy and caused mild irritation.,,2026-03-17T19:43:30+00:00
scheduler_ingestion-4997d7bf73fc,2026-03-18,serum,Serum,scheduler_synthetic,2,serum feels heavy and caused mild irritation.,,2026-03-17T19:34:03+00:00
scheduler_ingestion-4b2353d0ecd8,2026-03-18,sunscreen,Sunscreen,scheduler_synthetic,3,Great sunscreen texture and visible improvement.,,2026-03-18T14:48:32+00:00
scheduler_ingestion-4c858e74dd3c,2026-03-18,moisturizer,Moisturizer,scheduler_synthetic,3,Great moisturizer texture and visible improvement.,,2026-03-17T18:44:54+00:00
scheduler_ingestion-4e572592c3b8,2026-03-18,cleanser,Cleanser,scheduler_synthetic,2,Great cleanser texture and visible improvement.,,2026-03-18T14:48:32+00:00
scheduler_ingestion-4f274678e805,2026-03-18,cleanser,Cleanser,scheduler_synthetic,4,cleanser works but the fragrance is strong.,,2026-03-17T19:13:30+00:00
scheduler_ingestion-4fbb7a8f0f21,2026-03-18,moisturizer,Moisturizer,scheduler_synthetic,4,moisturizer feels heavy and caused mild irritation.,,2026-03-17T20:29:52+00:00
scheduler_ingestion-506e0a9bdeae,2026-03-18,cleanser,Cleanser,scheduler_synthetic,4,"Decent cleanser, but price feels high.",,2026-03-17T19:58:31+00:00
scheduler_ingestion-50b8fcd72e1f,2026-03-18,sunscreen,Sunscreen,scheduler_synthetic,4,sunscreen feels heavy and caused mild irritation.,,2026-03-17T20:28:33+00:00
scheduler_ingestion-511ae316f198,2026-03-18,sunscreen,Sunscreen,scheduler_synthetic,4,Great sunscreen texture and visible improvement.,,2026-03-17T19:43:30+00:00
scheduler_ingestion-513a28f6b8e6,2026-03-18,cleanser,Cleanser,scheduler_synthetic,3,"Decent cleanser, but price feels high.",,2026-03-17T19:50:35+00:00
scheduler_ingestion-540168cf5de5,2026-03-18,sunscreen,Sunscreen,scheduler_synthetic,4,sunscreen works but the fragrance is strong.,,2026-03-17T18:58:35+00:00
scheduler_ingestion-5627b4fbe759,2026-03-18,moisturizer,Moisturizer,scheduler_synthetic,3,moisturizer works but the fragrance is strong.,,2026-03-17T20:20:35+00:00
scheduler_ingestion-56deb35d2b3b,2026-03-18,cleanser,Cleanser,scheduler_synthetic,3,cleanser works but the fragrance is strong.,,2026-03-17T20:05:35+00:00
scheduler_ingestion-57d3042a7c51,2026-03-18,moisturizer,Moisturizer,scheduler_synthetic,5,Great moisturizer texture and visible improvement.,,2026-03-17T19:43:30+00:00
scheduler_ingestion-591cf74c9f5d,2026-03-18,moisturizer,Moisturizer,scheduler_synthetic,2,"Decent moisturizer, but price feels high.",,2026-03-17T19:49:03+00:00
scheduler_ingestion-5a54ddc64cd6,2026-03-18,cleanser,Cleanser,scheduler_synthetic,5,Best cleanser for daily routine so far.,,2026-03-17T20:13:53+00:00
scheduler_ingestion-5c208090f6ff,2026-03-18,serum,Serum,scheduler_synthetic,3,serum works but the fragrance is strong.,,2026-03-17T19:35:34+00:00
scheduler_ingestion-5c91a69d1b73,2026-03-18,sunscreen,Sunscreen,scheduler_synthetic,4,"Decent sunscreen, but price feels high.",,2026-03-17T19:13:30+00:00
scheduler_ingestion-5ccb1d15ac91,2026-03-18,serum,Serum,scheduler_synthetic,2,serum feels heavy and caused mild irritation.,,2026-03-17T19:58:31+00:00
scheduler_ingestion-5dc932c4c7b9,2026-03-18,moisturizer,Moisturizer,scheduler_synthetic,5,moisturizer feels heavy and caused mild irritation.,,2026-03-17T20:14:52+00:00
scheduler_ingestion-5e63527e6ca5,2026-03-18,sunscreen,Sunscreen,scheduler_synthetic,2,Great sunscreen texture and visible improvement.,,2026-03-17T20:13:53+00:00
scheduler_ingestion-60c8d7b3451a,2026-03-18,cleanser,Cleanser,scheduler_synthetic,5,cleanser works but the fragrance is strong.,,2026-03-17T19:10:09+00:00
scheduler_ingestion-61350ef8fabd,2026-03-18,sunscreen,Sunscreen,scheduler_synthetic,2,sunscreen feels heavy and caused mild irritation.,,2026-03-17T20:10:40+00:00
scheduler_ingestion-61758019227f,2026-03-18,moisturizer,Moisturizer,scheduler_synthetic,5,"Decent moisturizer, but price feels high.",,2026-03-17T19:50:35+00:00
scheduler_ingestion-61a262bd0c91,2026-03-18,sunscreen,Sunscreen,scheduler_synthetic,2,sunscreen works but the fragrance is strong.,,2026-03-17T20:13:31+00:00
scheduler_ingestion-633ca5a2096c,2026-03-18,sunscreen,Sunscreen,scheduler_synthetic,5,sunscreen works but the fragrance is strong.,,2026-03-17T20:14:23+00:00
scheduler_ingestion-6396f2fab093,2026-03-18,moisturizer,Moisturizer,scheduler_synthetic,2,moisturizer feels heavy and caused mild irritation.,,2026-03-17T20:11:47+00:00
scheduler_ingestion-63b5e2a20c6b,2026-03-18,cleanser,Cleanser,scheduler_synthetic,2,"Decent cleanser, but price feels high.",,2026-03-17T18:43:35+00:00
scheduler_ingestion-65813a9694a9,2026-03-18,sunscreen,Sunscreen,scheduler_synthetic,2,Best sunscreen for daily routine so far.,,2026-03-17T18:44:54+00:00
scheduler_ingestion-66dca7964a18,2026-03-18,sunscreen,Sunscreen,scheduler_synthetic,3,Great sunscreen texture and visible improvement.,,2026-03-17T20:20:35+00:00
scheduler_ingestion-67d1fde5b4d9,2026-03-18,moisturizer,Moisturizer,scheduler_synthetic,3,"Decent moisturizer, but price feels high.",,2026-03-17T19:28:30+00:00
scheduler_ingestion-68f9f7a1fa68,2026-03-18,cleanser,Cleanser,scheduler_synthetic,2,Best cleanser for daily routine so far.,,2026-03-17T20:29:52+00:00
scheduler_ingestion-692b45ff3e7c,2026-03-18,moisturizer,Moisturizer,scheduler_synthetic,4,Best moisturizer for daily routine so far.,,2026-03-17T19:58:31+00:00
scheduler_ingestion-6b5f9695822d,2026-03-18,sunscreen,Sunscreen,scheduler_synthetic,5,sunscreen works but the fragrance is strong.,,2026-03-18T15:05:16+00:00
scheduler_ingestion-6c82b7d2c3da,2026-03-18,serum,Serum,scheduler_synthetic,5,"Decent serum, but price feels high.",,2026-03-17T19:50:35+00:00
scheduler_ingestion-6d752b7a8d08,2026-03-18,moisturizer,Moisturizer,scheduler_synthetic,4,moisturizer feels heavy and caused mild irritation.,,2026-03-17T19:10:09+00:00
scheduler_ingestion-726b21055db2,2026-03-18,serum,Serum,scheduler_synthetic,5,"Decent serum, but price feels high.",,2026-03-17T20:13:31+00:00
scheduler_ingestion-77b1e797273c,2026-03-18,sunscreen,Sunscreen,scheduler_synthetic,5,Great sunscreen texture and visible improvement.,,2026-03-17T20:11:47+00:00
scheduler_ingestion-7891dec5a5f1,2026-03-18,cleanser,Cleanser,scheduler_synthetic,5,"Decent cleanser, but price feels high.",,2026-03-17T19:28:30+00:00
scheduler_ingestion-78e8d84ddba2,2026-03-18,sunscreen,Sunscreen,scheduler_synthetic,3,sunscreen works but the fragrance is strong.,,2026-03-17T20:13:37+00:00
scheduler_ingestion-7d4609d3bd9c,2026-03-18,moisturizer,Moisturizer,scheduler_synthetic,5,"Decent moisturizer, but price feels high.",,2026-03-17T20:28:31+00:00
scheduler_ingestion-8845818bb17d,2026-03-18,sunscreen,Sunscreen,scheduler_synthetic,4,sunscreen works but the fragrance is strong.,,2026-03-17T19:58:31+00:00
scheduler_ingestion-88e379ab7afa,2026-03-18,serum,Serum,scheduler_synthetic,3,serum works but the fragrance is strong.,,2026-03-17T20:28:31+00:00
scheduler_ingestion-890d8b61acbb,2026-03-18,sunscreen,Sunscreen,scheduler_synthetic,4,sunscreen works but the fragrance is strong.,,2026-03-17T20:13:31+00:00
scheduler_ingestion-895f6ff8a4ad,2026-03-18,sunscreen,Sunscreen,scheduler_synthetic,5,"Decent sunscreen, but price feels high.",,2026-03-17T19:10:09+00:00
scheduler_ingestion-8b1a64cb8c63,2026-03-18,sunscreen,Sunscreen,scheduler_synthetic,4,"Decent sunscreen, but price feels high.",,2026-03-18T15:03:30+00:00
scheduler_ingestion-8d4663b7446a,2026-03-18,serum,Serum,scheduler_synthetic,5,"Decent serum, but price feels high.",,2026-03-17T18:58:30+00:00
scheduler_ingestion-8ef7be1c38a8,2026-03-18,moisturizer,Moisturizer,scheduler_synthetic,5,moisturizer works but the fragrance is strong.,,2026-03-17T19:13:30+00:00
scheduler_ingestion-8fb83144e88a,2026-03-18,moisturizer,Moisturizer,scheduler_synthetic,5,Best moisturizer for daily routine so far.,,2026-03-17T20:13:37+00:00
scheduler_ingestion-90899950690c,2026-03-18,sunscreen,Sunscreen,scheduler_synthetic,5,Best sunscreen for daily routine so far.,,2026-03-17T20:13:31+00:00
scheduler_ingestion-914a7e2eca46,2026-03-18,serum,Serum,scheduler_synthetic,2,serum works but the fragrance is strong.,,2026-03-17T20:29:52+00:00
scheduler_ingestion-93a2e18f100d,2026-03-18,cleanser,Cleanser,scheduler_synthetic,4,"Decent cleanser, but price feels high.",,2026-03-17T19:28:30+00:00
scheduler_ingestion-970c94b41390,2026-03-18,cleanser,Cleanser,scheduler_synthetic,2,"Decent cleanser, but price feels high.",,2026-03-17T20:13:31+00:00
scheduler_ingestion-97a039e10327,2026-03-18,serum,Serum,scheduler_synthetic,3,Best serum for daily routine so far.,,2026-03-17T19:50:35+00:00
scheduler_ingestion-9b1e52a041b8,2026-03-18,serum,Serum,scheduler_synthetic,3,Best serum for daily routine so far.,,2026-03-17T19:43:30+00:00
scheduler_ingestion-9bbb3a13756d,2026-03-18,serum,Serum,scheduler_synthetic,4,"Decent serum, but price feels high.",,2026-03-17T18:58:30+00:00
scheduler_ingestion-9c3b211a0110,2026-03-18,moisturizer,Moisturizer,scheduler_synthetic,4,moisturizer feels heavy and caused mild irritation.,,2026-03-17T19:58:31+00:00
scheduler_ingestion-9e8cf8c9e497,2026-03-18,serum,Serum,scheduler_synthetic,4,"Decent serum, but price feels high.",,2026-03-17T19:35:34+00:00
scheduler_ingestion-9f28e17a60ed,2026-03-18,serum,Serum,scheduler_synthetic,5,serum feels heavy and caused mild irritation.,,2026-03-17T19:58:31+00:00
scheduler_ingestion-9fbce6afa34a,2026-03-18,cleanser,Cleanser,scheduler_synthetic,3,"Decent cleanser, but price feels high.",,2026-03-17T20:02:57+00:00
scheduler_ingestion-a010be9ff2bd,2026-03-18,moisturizer,Moisturizer,scheduler_synthetic,4,Great moisturizer texture and visible improvement.,,2026-03-18T15:03:30+00:00
scheduler_ingestion-a23219da52bf,2026-03-18,sunscreen,Sunscreen,scheduler_synthetic,2,sunscreen feels heavy and caused mild irritation.,,2026-03-17T20:20:35+00:00
scheduler_ingestion-a4ba0fd88e13,2026-03-18,sunscreen,Sunscreen,scheduler_synthetic,3,Best sunscreen for daily routine so far.,,2026-03-17T20:04:35+00:00
scheduler_ingestion-a7f924104c64,2026-03-18,serum,Serum,scheduler_synthetic,3,Great serum texture and visible improvement.,,2026-03-17T20:30:49+00:00
scheduler_ingestion-a9003ea38b3b,2026-03-18,moisturizer,Moisturizer,scheduler_synthetic,4,Best moisturizer for daily routine so far.,,2026-03-18T15:03:30+00:00
scheduler_ingestion-aac104784e37,2026-03-18,cleanser,Cleanser,scheduler_synthetic,5,cleanser works but the fragrance is strong.,,2026-03-17T20:05:35+00:00
scheduler_ingestion-ab7de3fd050b,2026-03-18,serum,Serum,scheduler_synthetic,3,serum works but the fragrance is strong.,,2026-03-17T18:58:11+00:00
scheduler_ingestion-ad62aa84a8b6,2026-03-18,sunscreen,Sunscreen,scheduler_synthetic,2,Best sunscreen for daily routine so far.,,2026-03-17T19:58:31+00:00
scheduler_ingestion-ae6b69692c10,2026-03-18,cleanser,Cleanser,scheduler_synthetic,5,"Decent cleanser, but price feels high.",,2026-03-17T19:13:30+00:00
scheduler_ingestion-b02aa2192ec4,2026-03-18,cleanser,Cleanser,scheduler_synthetic,5,Best cleanser for daily routine so far.,,2026-03-17T20:02:57+00:00
scheduler_ingestion-b26330a0ebec,2026-03-18,moisturizer,Moisturizer,scheduler_synthetic,2,"Decent moisturizer, but price feels high.",,2026-03-17T19:49:03+00:00
scheduler_ingestion-b2dc62b1f989,2026-03-18,moisturizer,Moisturizer,scheduler_synthetic,4,moisturizer works but the fragrance is strong.,,2026-03-17T18:44:54+00:00
scheduler_ingestion-b4764cae66b8,2026-03-18,sunscreen,Sunscreen,scheduler_synthetic,5,Best sunscreen for daily routine so far.,,2026-03-18T14:50:16+00:00
scheduler_ingestion-b5da4cc5f16d,2026-03-18,moisturizer,Moisturizer,scheduler_synthetic,5,moisturizer feels heavy and caused mild irritation.,,2026-03-17T18:44:54+00:00
scheduler_ingestion-b6e4ff09b455,2026-03-18,moisturizer,Moisturizer,scheduler_synthetic,2,moisturizer feels heavy and caused mild irritation.,,2026-03-17T19:43:30+00:00
scheduler_ingestion-b74a77056b73,2026-03-18,serum,Serum,scheduler_synthetic,3,"Decent serum, but price feels high.",,2026-03-17T20:29:52+00:00
scheduler_ingestion-b890d6b1c2a6,2026-03-18,sunscreen,Sunscreen,scheduler_synthetic,5,sunscreen feels heavy and caused mild irritation.,,2026-03-17T20:13:31+00:00
scheduler_ingestion-b98587c420c5,2026-03-18,moisturizer,Moisturizer,scheduler_synthetic,3,Great moisturizer texture and visible improvement.,,2026-03-17T18:58:35+00:00
scheduler_ingestion-bb92cd714b32,2026-03-18,moisturizer,Moisturizer,scheduler_synthetic,2,moisturizer feels heavy and caused mild irritation.,,2026-03-17T19:13:30+00:00
scheduler_ingestion-bcabbecc40f7,2026-03-18,sunscreen,Sunscreen,scheduler_synthetic,5,sunscreen works but the fragrance is strong.,,2026-03-17T20:13:37+00:00
scheduler_ingestion-bda66ecd9458,2026-03-18,cleanser,Cleanser,scheduler_synthetic,5,"Decent cleanser, but price feels high.",,2026-03-17T20:28:31+00:00
scheduler_ingestion-be92fadc290c,2026-03-18,sunscreen,Sunscreen,scheduler_synthetic,2,Great sunscreen texture and visible improvement.,,2026-03-18T15:05:16+00:00
scheduler_ingestion-bfd98aae821e,2026-03-18,cleanser,Cleanser,scheduler_synthetic,2,cleanser works but the fragrance is strong.,,2026-03-17T18:58:30+00:00
scheduler_ingestion-c30bbdf7cc21,2026-03-18,cleanser,Cleanser,scheduler_synthetic,3,cleanser feels heavy and caused mild irritation.,,2026-03-17T19:49:03+00:00
scheduler_ingestion-c38d28057aff,2026-03-18,cleanser,Cleanser,scheduler_synthetic,4,cleanser feels heavy and caused mild irritation.,,2026-03-17T20:14:52+00:00
scheduler_ingestion-c4b928e7cf0e,2026-03-18,serum,Serum,scheduler_synthetic,4,"Decent serum, but price feels high.",,2026-03-17T20:20:35+00:00
scheduler_ingestion-c5d814f3163e,2026-03-18,moisturizer,Moisturizer,scheduler_synthetic,4,"Decent moisturizer, but price feels high.",,2026-03-17T19:28:30+00:00
scheduler_ingestion-c850e909b9ce,2026-03-18,serum,Serum,scheduler_synthetic,2,Best serum for daily routine so far.,,2026-03-17T20:13:31+00:00
scheduler_ingestion-c9888911462a,2026-03-18,serum,Serum,scheduler_synthetic,5,serum feels heavy and caused mild irritation.,,2026-03-17T19:10:09+00:00
scheduler_ingestion-c9e13cc3e1e3,2026-03-18,cleanser,Cleanser,scheduler_synthetic,2,cleanser feels heavy and caused mild irritation.,,2026-03-17T20:04:35+00:00
scheduler_ingestion-cc371578c261,2026-03-18,cleanser,Cleanser,scheduler_synthetic,5,Best cleanser for daily routine so far.,,2026-03-17T18:58:30+00:00
scheduler_ingestion-d24c8cc6861b,2026-03-18,cleanser,Cleanser,scheduler_synthetic,5,Great cleanser texture and visible improvement.,,2026-03-17T18:58:11+00:00
scheduler_ingestion-d3a1baca56e0,2026-03-18,serum,Serum,scheduler_synthetic,2,Great serum texture and visible improvement.,,2026-03-17T20:14:52+00:00
scheduler_ingestion-d673ccd079d6,2026-03-18,cleanser,Cleanser,scheduler_synthetic,3,Best cleanser for daily routine so far.,,2026-03-17T18:58:30+00:00
scheduler_ingestion-d708980eb4af,2026-03-18,sunscreen,Sunscreen,scheduler_synthetic,4,sunscreen feels heavy and caused mild irritation.,,2026-03-17T19:43:30+00:00
scheduler_ingestion-d80997a662a5,2026-03-18,serum,Serum,scheduler_synthetic,3,Best serum for daily routine so far.,,2026-03-17T19:28:30+00:00
scheduler_ingestion-d820e32be06e,2026-03-18,sunscreen,Sunscreen,scheduler_synthetic,3,sunscreen feels heavy and caused mild irritation.,,2026-03-18T15:05:16+00:00
scheduler_ingestion-de9785f5e0b8,2026-03-18,cleanser,Cleanser,scheduler_synthetic,4,Great cleanser texture and visible improvement.,,2026-03-17T19:43:30+00:00
scheduler_ingestion-e532c5aef418,2026-03-18,moisturizer,Moisturizer,scheduler_synthetic,5,moisturizer works but the fragrance is strong.,,2026-03-18T14:48:32+00:00
scheduler_ingestion-eaaf69ef5e24,2026-03-18,serum,Serum,scheduler_synthetic,5,Great serum texture and visible improvement.,,2026-03-17T20:11:47+00:00
scheduler_ingestion-eb165ac30cda,2026-03-18,cleanser,Cleanser,scheduler_synthetic,3,Great cleanser texture and visible improvement.,,2026-03-18T14:48:32+00:00
scheduler_ingestion-eb86265c240a,2026-03-18,moisturizer,Moisturizer,scheduler_synthetic,3,Best moisturizer for daily routine so far.,,2026-03-17T19:35:34+00:00
scheduler_ingestion-ec07e2d363dd,2026-03-18,cleanser,Cleanser,scheduler_synthetic,4,Best cleanser for daily routine so far.,,2026-03-17T18:43:35+00:00
scheduler_ingestion-ec0ea9a0fab7,2026-03-18,cleanser,Cleanser,scheduler_synthetic,3,cleanser feels heavy and caused mild irritation.,,2026-03-17T19:49:03+00:00
scheduler_ingestion-ec8079367785,2026-03-18,serum,Serum,scheduler_synthetic,3,Great serum texture and visible improvement.,,2026-03-18T15:18:31+00:00
scheduler_ingestion-ef3816bef31f,2026-03-18,sunscreen,Sunscreen,scheduler_synthetic,2,sunscreen feels heavy and caused mild irritation.,,2026-03-17T19:34:03+00:00
scheduler_ingestion-ef3d3ad39139,2026-03-18,sunscreen,Sunscreen,scheduler_synthetic,5,sunscreen feels heavy and caused mild irritation.,,2026-03-17T20:05:35+00:00
scheduler_ingestion-f05e94223f5b,2026-03-18,moisturizer,Moisturizer,scheduler_synthetic,3,"Decent moisturizer, but price feels high.",,2026-03-17T20:04:35+00:00
scheduler_ingestion-f376ff5073fd,2026-03-18,serum,Serum,scheduler_synthetic,4,Great serum texture and visible improvement.,,2026-03-17T20:30:49+00:00
scheduler_ingestion-f3c53969fe60,2026-03-18,sunscreen,Sunscreen,scheduler_synthetic,3,sunscreen works but the fragrance is strong.,,2026-03-17T20:20:35+00:00
scheduler_ingestion-f3cc81f37dec,2026-03-18,serum,Serum,scheduler_synthetic,5,serum feels heavy and caused mild irritation.,,2026-03-17T20:30:49+00:00
scheduler_ingestion-f5a7fc9628a7,2026-03-18,moisturizer,Moisturizer,scheduler_synthetic,4,moisturizer works but the fragrance is strong.,,2026-03-17T20:14:23+00:00
scheduler_ingestion-f5aa35593161,2026-03-18,sunscreen,Sunscreen,scheduler_synthetic,3,Best sunscreen for daily routine so far.,,2026-03-17T19:34:03+00:00
scheduler_ingestion-f655c99771b1,2026-03-18,cleanser,Cleanser,scheduler_synthetic,4,"Decent cleanser, but price feels high.",,2026-03-17T18:58:10+00:00
scheduler_ingestion-f829867a3399,2026-03-18,serum,Serum,scheduler_synthetic,5,"Decent serum, but price feels high.",,2026-03-17T20:20:35+00:00
scheduler_ingestion-f94d737b579b,2026-03-18,serum,Serum,scheduler_synthetic,4,"Decent serum, but price feels high.",,2026-03-17T20:10:40+00:00
scheduler_ingestion-f98ed0d6f746,2026-03-18,moisturizer,Moisturizer,scheduler_synthetic,3,Best moisturizer for daily routine so far.,,2026-03-17T19:28:30+00:00
scheduler_ingestion-f9ba6573fe59,2026-03-18,cleanser,Cleanser,scheduler_synthetic,2,Great cleanser texture and visible improvement.,,2026-03-17T20:13:53+00:00
scheduler_ingestion-fb0ba187669d,2026-03-18,moisturizer,Moisturizer,scheduler_synthetic,2,moisturizer works but the fragrance is strong.,,2026-03-18T15:18:31+00:00
scheduler_ingestion-fcbe617f03f5,2026-03-18,cleanser,Cleanser,scheduler_synthetic,3,cleanser feels heavy and caused mild irritation.,,2026-03-17T18:58:10+00:00
seed-v3-cerave-20260318-0,2026-03-18,cerave,CeraVe,news,4,"Stung around my nose, not for me.",,2026-03-20T07:15:22+00:00
seed-v3-cerave-20260318-1,2026-03-18,cerave,CeraVe,reviews,5,Good everyday hydration and fragrance-free.,,2026-03-20T07:15:22+00:00
seed-v3-cerave-20260318-2,2026-03-18,cerave,CeraVe,reviews,5,Good everyday hydration and fragrance-free.,,2026-03-20T07:15:22+00:00
seed-v3-cerave-20260318-3,2026-03-18,cerave,CeraVe,news,5,"Love the ceramides, great for winter skin.",,2026-03-20T07:15:22+00:00
seed-v3-cerave-20260318-4,2026-03-18,cerave,CeraVe,reviews,5,"Love the ceramides, great for winter skin.",,2026-03-20T07:15:22+00:00
seed-v3-cerave-20260318-5,2026-03-18,cerave,CeraVe,reviews,4,"Works well, but the finish is a bit tacky.",,2026-03-20T07:15:22+00:00
seed-v3-cerave-20260318-6,2026-03-18,cerave,CeraVe,reviews,5,"Love the ceramides, great for winter skin.",,2026-03-20T07:15:22+00:00
seed-v3-cleanser-20260318-0,2026-03-18,cleanser,Cleanser,reviews,4,Good everyday cleanser for oily skin.,,2026-03-20T07:15:22+00:00
seed-v3-cleanser-20260318-1,2026-03-18,cleanser,Cleanser,reddit,1,"Gentle, but struggled to remove sunscreen.",,2026-03-20T07:15:22+00:00
seed-v3-cleanser-20260318-2,2026-03-18,cleanser,Cleanser,twitter,2,"Gentle, but struggled to remove sunscreen.",,2026-03-20T07:15:22+00:00
seed-v3-la_roche_posay-20260318-0,2026-03-18,la_roche_posay,La Roche-Posay,reddit,3,"Helped my barrier, fewer irritations this week.",,2026-03-20T07:15:22+00:00
seed-v3-la_roche_posay-20260318-1,2026-03-18,la_roche_posay,La Roche-Posay,twitter,4,Calms redness quickly and feels gentle.,,2026-03-20T07:15:22+00:00
seed-v3-la_roche_posay-20260318-2,2026-03-18,la_roche_posay,La Roche-Posay,news,2,"Broke me out after a week, had to stop.",,2026-03-20T07:15:22+00:00
seed-v3-la_roche_posay-20260318-3,2026-03-18,la_roche_posay,La Roche-Posay,twitter,3,Barrier repair feels solid but price is high.,,2026-03-20T07:15:22+00:00
seed-v3-la_roche_posay-20260318-4,2026-03-18,la_roche_posay,La Roche-Posay,twitter,3,Calms redness quickly and feels gentle.,,2026-03-20T07:15:22+00:00
seed-v3-moisturizer-20260318-0,2026-03-18,moisturizer,Moisturizer,news,2,"Not enough for winter, but good layering.",,2026-03-20T07:15:22+00:00
seed-v3-moisturizer-20260318-1,2026-03-18,moisturizer,Moisturizer,twitter,1,Too oily and caused breakouts.,,2026-03-20T07:15:22+00:00
seed-v3-moisturizer-20260318-2,2026-03-18,moisturizer,Moisturizer,reddit,4,Hydrating and gentle for my sensitive skin.,,2026-03-20T07:15:22+00:00
seed-v3-moisturizer-20260318-3,2026-03-18,moisturizer,Moisturizer,reddit,4,Hydrating and gentle for my sensitive skin.,,2026-03-20T07:15:22+00:00
seed-v3-moisturizer-20260318-4,2026-03-18,moisturizer,Moisturizer,reviews,3,"Not enough for winter, but good layering.",,2026-03-20T07:15:22+00:00
seed-v3-neutrogena-20260318-0,2026-03-18,neutrogena,Neutrogena,reddit,4,Lightweight SPF that layers well under makeup.,,2026-03-20T07:15:22+00:00
seed-v3-neutrogena-20260318-1,2026-03-18,neutrogena,Neutrogena,twitter,4,Lightweight SPF that layers well under makeup.,,2026-03-20T07:15:22+00:00
seed-v3-neutrogena-20260318-2,2026-03-18,neutrogena,Neutrogena,reviews,5,"Dry-touch finish, great for oily skin and acne-prone days.",,2026-03-20T07:15:22+00:00
seed-v3-neutrogena-20260318-3,2026-03-18,neutrogena,Neutrogena,news,4,Good value but a bit of white cast on deeper skin tones.,,2026-03-20T07:15:22+00:00
seed-v3-neutrogena-20260318-4,2026-03-18,neutrogena,Neutrogena,news,4,"Works well for daily sunscreen, but can pill with moisturizer.",,2026-03-20T07:15:22+00:00
seed-v3-neutrogena-20260318-5,2026-03-18,neutrogena,Neutrogena,reddit,2,"Works well for daily sunscreen, but can pill with moisturizer.",,2026-03-20T07:15:22+00:00
seed-v3-neutrogena-20260318-6,2026-03-18,neutrogena,Neutrogena,reviews,5,"Finish is matte, but stings around my eyes.",,2026-03-20T07:15:22+00:00
seed-v3-serum-20260318-0,2026-03-18,serum,Serum,news,3,Absorbs fast and works under makeup.,,2026-03-20T07:15:22+00:00
seed-v3-serum-20260318-1,2026-03-18,serum,Serum,news,4,Absorbs fast and works under makeup.,,2026-03-20T07:15:22+00:00
seed-v3-serum-20260318-2,2026-03-18,serum,Serum,reviews,4,Absorbs fast and works under makeup.,,2026-03-20T07:15:22+00:00
seed-v3-sunscreen-20260318-0,2026-03-18,sunscreen,Sunscreen,reddit,4,"Good daily SPF, absorbs quickly.",,2026-03-20T07:15:22+00:00
seed-v3-sunscreen-20260318-1,2026-03-18,sunscreen,Sunscreen,twitter,1,"No white cast, but reapplication is messy on makeup.",,2026-03-20T07:15:22+00:00
seed-v3-sunscreen-20260318-2,2026-03-18,sunscreen,Sunscreen,reddit,3,Decent protection but slightly greasy in humid weather.,,2026-03-20T07:15:22+00:00
seed-v3-sunscreen-20260318-3,2026-03-18,sunscreen,Sunscreen,news,4,"Good daily SPF, absorbs quickly.",,2026-03-20T07:15:22+00:00
seed-v3-supergoop-20260318-0,2026-03-18,supergoop,Supergoop!,twitter,2,"Good primer feel, but too expensive to repurchase.",,2026-03-20T07:15:22+00:00
test-suite_ingestion-5fa33961d3a0,2026-03-18,moisturizer,Moisturizer,test-suite_synthetic,2,Best moisturizer for daily routine so far.,,2026-03-18T14:48:29+00:00
test-suite_ingestion-6642024fe96d,2026-03-18,sunscreen,Sunscreen,test-suite_synthetic,3,sunscreen feels heavy and caused mild irritation.,,2026-03-17T19:30:12+00:00
test-suite_ingestion-79d9eaf5e3a4,2026-03-18,serum,Serum,test-suite_synthetic,4,Great serum texture and visible improvement.,,2026-03-17T19:30:12+00:00
test-suite_ingestion-c077b28b90b8,2026-03-18,sunscreen,Sunscreen,test-suite_synthetic,5,Best sunscreen for daily routine so far.,,2026-03-18T14:48:29+00:00
scheduler_ingestion-0086fa7fb741,2026-03-19,moisturizer,Moisturizer,scheduler_synthetic,2,moisturizer feels heavy and caused mild irritation.,,2026-03-19T14:06:51+00:00
scheduler_ingestion-02b14223932a,2026-03-19,moisturizer,Moisturizer,scheduler_synthetic,2,moisturizer works but the fragrance is strong.,,2026-03-19T14:35:24+00:00
scheduler_ingestion-05135e439739,2026-03-19,serum,Serum,scheduler_synthetic,3,serum feels heavy and caused mild irritation.,,2026-03-19T14:05:23+00:00
scheduler_ingestion-08351ce735fa,2026-03-19,cleanser,Cleanser,scheduler_synthetic,3,"Decent cleanser, but price feels high.",,2026-03-19T15:36:52+00:00
scheduler_ingestion-08ab5c0d8f1a,2026-03-19,serum,Serum,scheduler_synthetic,2,serum feels heavy and caused mild irritation.,,2026-03-19T14:05:23+00:00
scheduler_ingestion-0eac5f43591a,2026-03-19,moisturizer,Moisturizer,scheduler_synthetic,3,moisturizer works but the fragrance is strong.,,2026-03-19T14:35:24+00:00
scheduler_ingestion-0ee4c400fa68,2026-03-19,cleanser,Cleanser,scheduler_synthetic,4,Best cleanser for daily routine so far.,,2026-03-19T15:05:25+00:00
scheduler_ingestion-10e49401b355,2026-03-19,moisturizer,Moisturizer,scheduler_synthetic,3,moisturizer works but the fragrance is strong.,,2026-03-19T15:21:51+00:00
scheduler_ingestion-10f40f755e54,2026-03-19,moisturizer,Moisturizer,scheduler_synthetic,5,"Decent moisturizer, but price feels high.",,2026-03-19T14:50:24+00:00
scheduler_ingestion-1237d53b8851,2026-03-19,sunscreen,Sunscreen,scheduler_synthetic,4,"Decent sunscreen, but price feels high.",,2026-03-19T14:36:51+00:00
scheduler_ingestion-16241da75128,2026-03-19,moisturizer,Moisturizer,scheduler_synthetic,5,Best moisturizer for daily routine so far.,,2026-03-19T15:51:52+00:00
scheduler_ingestion-19a1ccf4e1e5,2026-03-19,sunscreen,Sunscreen,scheduler_synthetic,5,"Decent sunscreen, but price feels high.",,2026-03-19T13:51:51+00:00
scheduler_ingestion-1c24ab45adf0,2026-03-19,sunscreen,Sunscreen,scheduler_synthetic,2,Great sunscreen texture and visible improvement.,,2026-03-19T14:36:51+00:00
scheduler_ingestion-1dd1aa850997,2026-03-19,cleanser,Cleanser,scheduler_synthetic,2,cleanser feels heavy and caused mild irritation.,,2026-03-19T14:21:51+00:00
scheduler_ingestion-2014a940df3e,2026-03-19,sunscreen,Sunscreen,scheduler_synthetic,4,"Decent sunscreen, but price feels high.",,2026-03-19T14:05:23+00:00
scheduler_ingestion-23b2fc3fc69e,2026-03-19,sunscreen,Sunscreen,scheduler_synthetic,5,Best sunscreen for daily routine so far.,,2026-03-19T14:20:24+00:00
scheduler_ingestion-27d9b3ca80a1,2026-03-19,moisturizer,Moisturizer,scheduler_synthetic,3,"Decent moisturizer, but price feels high.",,2026-03-19T14:35:24+00:00
scheduler_ingestion-27e097217d7c,2026-03-19,serum,Serum,scheduler_synthetic,5,Best serum for daily routine so far.,,2026-03-19T14:50:24+00:00
scheduler_ingestion-2aa400e84554,2026-03-19,sunscreen,Sunscreen,scheduler_synthetic,5,Great sunscreen texture and visible improvement.,,2026-03-19T13:51:51+00:00
scheduler_ingestion-378c68be51f3,2026-03-19,moisturizer,Moisturizer,scheduler_synthetic,5,moisturizer feels heavy and caused mild irritation.,,2026-03-19T14:21:51+00:00
scheduler_ingestion-3819ee57469a,2026-03-19,serum,Serum,scheduler_synthetic,2,Best serum for daily routine so far.,,2026-03-19T15:21:51+00:00
scheduler_ingestion-3b6babfc243b,2026-03-19,moisturizer,Moisturizer,scheduler_synthetic,4,moisturizer works but the fragrance is strong.,,2026-03-19T15:06:51+00:00
scheduler_ingestion-3cbba33b62ea,2026-03-19,moisturizer,Moisturizer,scheduler_synthetic,4,moisturizer feels heavy and caused mild irritation.,,2026-03-19T15:21:51+00:00
scheduler_ingestion-403dab70b91a,2026-03-19,sunscreen,Sunscreen,scheduler_synthetic,5,Best sunscreen for daily routine so far.,,2026-03-19T15:51:52+00:00
scheduler_ingestion-47cf943505b8,2026-03-19,moisturizer,Moisturizer,scheduler_synthetic,4,moisturizer feels heavy and caused mild irritation.,,2026-03-19T15:50:25+00:00
scheduler_ingestion-47f032ac85d9,2026-03-19,serum,Serum,scheduler_synthetic,2,Great serum texture and visible improvement.,,2026-03-19T15:51:52+00:00
scheduler_ingestion-4bc8514187b8,2026-03-19,serum,Serum,scheduler_synthetic,5,Best serum for daily routine so far.,,2026-03-19T14:20:24+00:00
scheduler_ingestion-5036daf7227c,2026-03-19,moisturizer,Moisturizer,scheduler_synthetic,3,moisturizer feels heavy and caused mild irritation.,,2026-03-19T14:50:24+00:00
scheduler_ingestion-514e9b6d413c,2026-03-19,cleanser,Cleanser,scheduler_synthetic,5,Best cleanser for daily routine so far.,,2026-03-19T13:51:51+00:00
scheduler_ingestion-564179f852ed,2026-03-19,serum,Serum,scheduler_synthetic,4,"Decent serum, but price feels high.",,2026-03-19T15:35:24+00:00
scheduler_ingestion-5cbc79647bb7,2026-03-19,cleanser,Cleanser,scheduler_synthetic,2,Great cleanser texture and visible improvement.,,2026-03-19T14:50:24+00:00
scheduler_ingestion-5d019fcd8f83,2026-03-19,cleanser,Cleanser,scheduler_synthetic,5,cleanser works but the fragrance is strong.,,2026-03-19T15:35:24+00:00
scheduler_ingestion-61760d753b50,2026-03-19,serum,Serum,scheduler_synthetic,3,Best serum for daily routine so far.,,2026-03-19T14:51:51+00:00
scheduler_ingestion-63bf5bc644e0,2026-03-19,serum,Serum,scheduler_synthetic,2,Great serum texture and visible improvement.,,2026-03-19T15:50:25+00:00
scheduler_ingestion-6a5a049d2c01,2026-03-19,sunscreen,Sunscreen,scheduler_synthetic,2,sunscreen works but the fragrance is strong.,,2026-03-19T14:50:24+00:00
scheduler_ingestion-6ac65943f262,2026-03-19,sunscreen,Sunscreen,scheduler_synthetic,5,sunscreen works but the fragrance is strong.,,2026-03-19T14:20:24+00:00
scheduler_ingestion-6bd06cf6fdd5,2026-03-19,cleanser,Cleanser,scheduler_synthetic,2,"Decent cleanser, but price feels high.",,2026-03-19T15:20:25+00:00
scheduler_ingestion-71a2d792f6b6,2026-03-19,moisturizer,Moisturizer,scheduler_synthetic,5,Great moisturizer texture and visible improvement.,,2026-03-19T13:51:51+00:00
scheduler_ingestion-729e45922266,2026-03-19,serum,Serum,scheduler_synthetic,3,serum works but the fragrance is strong.,,2026-03-19T15:50:25+00:00
scheduler_ingestion-76d02e248e8c,2026-03-19,moisturizer,Moisturizer,scheduler_synthetic,3,moisturizer works but the fragrance is strong.,,2026-03-19T15:20:25+00:00
scheduler_ingestion-7dd4be14bf2e,2026-03-19,moisturizer,Moisturizer,scheduler_synthetic,3,Great moisturizer texture and visible improvement.,,2026-03-19T14:51:51+00:00
scheduler_ingestion-81f99d8f4527,2026-03-19,sunscreen,Sunscreen,scheduler_synthetic,4,Great sunscreen texture and visible improvement.,,2026-03-19T15:06:51+00:00
scheduler_ingestion-868732d061ad,2026-03-19,cleanser,Cleanser,scheduler_synthetic,5,Best cleanser for daily routine so far.,,2026-03-19T14:50:24+00:00
scheduler_ingestion-8d1ff3cc82cc,2026-03-19,sunscreen,Sunscreen,scheduler_synthetic,4,sunscreen feels heavy and caused mild irritation.,,2026-03-19T14:50:24+00:00
scheduler_ingestion-95d1d410dbc8,2026-03-19,serum,Serum,scheduler_synthetic,4,"Decent serum, but price feels high.",,2026-03-19T14:21:51+00:00
scheduler_ingestion-9d600c4ccfb3,2026-03-19,moisturizer,Moisturizer,scheduler_synthetic,3,moisturizer works but the fragrance is strong.,,2026-03-19T15:05:25+00:00
scheduler_ingestion-9f47ed57bb40,2026-03-19,moisturizer,Moisturizer,scheduler_synthetic,2,moisturizer feels heavy and caused mild irritation.,,2026-03-19T14:20:24+00:00
scheduler_ingestion-a342800542cd,2026-03-19,serum,Serum,scheduler_synthetic,4,serum feels heavy and caused mild irritation.,,2026-03-19T15:21:51+00:00
scheduler_ingestion-a4495663af6f,2026-03-19,sunscreen,Sunscreen,scheduler_synthetic,4,Great sunscreen texture and visible improvement.,,2026-03-19T15:36:52+00:00
scheduler_ingestion-a860ea63753f,2026-03-19,cleanser,Cleanser,scheduler_synthetic,4,cleanser feels heavy and caused mild irritation.,,2026-03-19T14:50:24+00:00
scheduler_ingestion-aa798d183f19,2026-03-19,sunscreen,Sunscreen,scheduler_synthetic,3,Great sunscreen texture and visible improvement.,,2026-03-19T14:05:23+00:00
scheduler_ingestion-ae9dbd313264,2026-03-19,serum,Serum,scheduler_synthetic,4,serum feels heavy and caused mild irritation.,,2026-03-19T14:51:51+00:00
scheduler_ingestion-afaed149d19b,2026-03-19,moisturizer,Moisturizer,scheduler_synthetic,5,moisturizer works but the fragrance is strong.,,2026-03-19T15:06:51+00:00
scheduler_ingestion-b677c5026755,2026-03-19,cleanser,Cleanser,scheduler_synthetic,2,cleanser feels heavy and caused mild irritation.,,2026-03-19T15:51:52+00:00
scheduler_ingestion-b74a17ae1704,2026-03-19,moisturizer,Moisturizer,scheduler_synthetic,4,moisturizer feels heavy and caused mild irritation.,,2026-03-19T14:06:51+00:00
scheduler_ingestion-b800f4ea2af9,2026-03-19,moisturizer,Moisturizer,scheduler_synthetic,3,Best moisturizer for daily routine so far.,,2026-03-19T15:20:25+00:00
scheduler_ingestion-c29c4e12135f,2026-03-19,moisturizer,Moisturizer,scheduler_synthetic,4,"Decent moisturizer, but price feels high.",,2026-03-19T15:36:52+00:00
scheduler_ingestion-c2c11f70a667,2026-03-19,serum,Serum,scheduler_synthetic,2,"Decent serum, but price feels high.",,2026-03-19T14:35:24+00:00
scheduler_ingestion-c6a74e133271,2026-03-19,sunscreen,Sunscreen,scheduler_synthetic,3,sunscreen works but the fragrance is strong.,,2026-03-19T15:35:24+00:00
scheduler_ingestion-cf152ddbc241,2026-03-19,cleanser,Cleanser,scheduler_synthetic,4,"Decent cleanser, but price feels high.",,2026-03-19T15:06:51+00:00
scheduler_ingestion-d9fe805884b5,2026-03-19,sunscreen,Sunscreen,scheduler_synthetic,2,Great sunscreen texture and visible improvement.,,2026-03-19T15:05:25+00:00
scheduler_ingestion-dc43993c2c98,2026-03-19,sunscreen,Sunscreen,scheduler_synthetic,4,sunscreen feels heavy and caused mild irritation.,,2026-03-19T15:05:25+00:00
scheduler_ingestion-dc7382ef0fb9,2026-03-19,cleanser,Cleanser,scheduler_synthetic,4,cleanser feels heavy and caused mild irritation.,,2026-03-19T14:06:51+00:00
scheduler_ingestion-e1ac5d331174,2026-03-19,sunscreen,Sunscreen,scheduler_synthetic,4,"Decent sunscreen, but price feels high.",,2026-03-19T14:51:51+00:00
scheduler_ingestion-e1b8951fc49f,2026-03-19,serum,Serum,scheduler_synthetic,2,"Decent serum, but price feels high.",,2026-03-19T14:36:51+00:00
scheduler_ingestion-e494ab7dbab7,2026-03-19,serum,Serum,scheduler_synthetic,5,Great serum texture and visible improvement.,,2026-03-19T14:21:51+00:00
scheduler_ingestion-e885c944c708,2026-03-19,serum,Serum,scheduler_synthetic,4,serum feels heavy and caused mild irritation.,,2026-03-19T15:35:24+00:00
scheduler_ingestion-efa60baabac4,2026-03-19,cleanser,Cleanser,scheduler_synthetic,5,cleanser works but the fragrance is strong.,,2026-03-19T14:06:51+00:00
scheduler_ingestion-f0cbdef7422d,2026-03-19,moisturizer,Moisturizer,scheduler_synthetic,4,Great moisturizer texture and visible improvement.,,2026-03-19T14:36:51+00:00
scheduler_ingestion-f2e1428e5012,2026-03-19,serum,Serum,scheduler_synthetic,4,Great serum texture and visible improvement.,,2026-03-19T15:50:25+00:00
scheduler_ingestion-f5982c17e538,2026-03-19,cleanser,Cleanser,scheduler_synthetic,3,"Decent cleanser, but price feels high.",,2026-03-19T15:20:25+00:00
scheduler_ingestion-f95b80930623,2026-03-19,serum,Serum,scheduler_synthetic,3,serum feels heavy and caused mild irritation.,,2026-03-19T15:36:52+00:00
seed-v3-cerave-20260319-0,2026-03-19,cerave,CeraVe,reviews,3,"Stung around my nose, not for me.",,2026-03-20T07:15:22+00:00
seed-v3-cerave-20260319-1,2026-03-19,cerave,CeraVe,reviews,5,"Stung around my nose, not for me.",,2026-03-20T07:15:22+00:00
seed-v3-cerave-20260319-2,2026-03-19,cerave,CeraVe,reviews,5,"Reliable and gentle, no irritation.",,2026-03-20T07:15:22+00:00
seed-v3-cerave-20260319-3,2026-03-19,cerave,CeraVe,reddit,3,"Reliable and gentle, no irritation.",,2026-03-20T07:15:22+00:00
seed-v3-cerave-20260319-4,2026-03-19,cerave,CeraVe,twitter,4,"Barrier feels stronger, less dryness overall.",,2026-03-20T07:15:22+00:00
seed-v3-cerave-20260319-5,2026-03-19,cerave,CeraVe,reviews,5,"Love the ceramides, great for winter skin.",,2026-03-20T07:15:22+00:00
seed-v3-cerave-20260319-6,2026-03-19,cerave,CeraVe,reddit,4,"Ceramides helped my dry skin, very gentle cleanser.",,2026-03-20T07:15:22+00:00
seed-v3-cerave-20260319-7,2026-03-19,cerave,CeraVe,reddit,4,"Ceramides helped my dry skin, very gentle cleanser.",,2026-03-20T07:15:22+00:00
seed-v3-cerave-20260319-8,2026-03-19,cerave,CeraVe,news,5,"Reliable and gentle, no irritation.",,2026-03-20T07:15:22+00:00
seed-v3-cleanser-20260319-0,2026-03-19,cleanser,Cleanser,reddit,2,Works okay but fragrance is strong.,,2026-03-20T07:15:22+00:00
seed-v3-cleanser-20260319-1,2026-03-19,cleanser,Cleanser,reddit,3,Cleans well without drying my skin.,,2026-03-20T07:15:22+00:00
seed-v3-cleanser-20260319-2,2026-03-19,cleanser,Cleanser,reviews,2,Made my skin tight and itchy.,,2026-03-20T07:15:22+00:00
seed-v3-cleanser-20260319-3,2026-03-19,cleanser,Cleanser,reviews,5,Good everyday cleanser for oily skin.,,2026-03-20T07:15:22+00:00
seed-v3-cleanser-20260319-4,2026-03-19,cleanser,Cleanser,twitter,2,Broke me out and felt harsh on my cheeks.,,2026-03-20T07:15:22+00:00
seed-v3-la_roche_posay-20260319-0,2026-03-19,la_roche_posay,La Roche-Posay,reddit,1,"Did not work for my acne, caused clogged pores.",,2026-03-20T07:15:22+00:00
seed-v3-la_roche_posay-20260319-1,2026-03-19,la_roche_posay,La Roche-Posay,news,4,"A little greasy in humid weather, still effective.",,2026-03-20T07:15:22+00:00
seed-v3-la_roche_posay-20260319-2,2026-03-19,la_roche_posay,La Roche-Posay,reviews,5,Barrier repair feels solid but price is high.,,2026-03-20T07:15:22+00:00
seed-v3-la_roche_posay-20260319-3,2026-03-19,la_roche_posay,La Roche-Posay,twitter,3,"Great for sensitive skin, but can feel heavy mid-day.",,2026-03-20T07:15:22+00:00
seed-v3-la_roche_posay-20260319-4,2026-03-19,la_roche_posay,La Roche-Posay,reddit,1,"Great for sensitive skin, but can feel heavy mid-day.",,2026-03-20T07:15:22+00:00
seed-v3-moisturizer-20260319-0,2026-03-19,moisturizer,Moisturizer,reddit,3,Great value and smooth texture.,,2026-03-20T07:15:22+00:00
seed-v3-neutrogena-20260319-0,2026-03-19,neutrogena,Neutrogena,reddit,3,"Works well for daily sunscreen, but can pill with moisturizer.",,2026-03-20T07:15:22+00:00
seed-v3-neutrogena-20260319-1,2026-03-19,neutrogena,Neutrogena,reviews,5,Solid protection and easy to reapply.,,2026-03-20T07:15:22+00:00
seed-v3-neutrogena-20260319-2,2026-03-19,neutrogena,Neutrogena,reddit,1,"Finish is matte, but stings around my eyes.",,2026-03-20T07:15:22+00:00
seed-v3-neutrogena-20260319-3,2026-03-19,neutrogena,Neutrogena,twitter,2,"Works well for daily sunscreen, but can pill with moisturizer.",,2026-03-20T07:15:22+00:00
seed-v3-neutrogena-20260319-4,2026-03-19,neutrogena,Neutrogena,news,5,Lightweight SPF that layers well under makeup.,,2026-03-20T07:15:22+00:00
seed-v3-neutrogena-20260319-5,2026-03-19,neutrogena,Neutrogena,reddit,3,Good value but a bit of white cast on deeper skin tones.,,2026-03-20T07:15:22+00:00
seed-v3-neutrogena-20260319-6,2026-03-19,neutrogena,Neutrogena,reddit,4,"Great for acne-prone skin, no breakouts so far.",,2026-03-20T07:15:22+00:00
seed-v3-neutrogena-20260319-7,2026-03-19,neutrogena,Neutrogena,twitter,4,"Great for acne-prone skin, no breakouts so far.",,2026-03-20T07:15:22+00:00
seed-v3-neutrogena-20260319-8,2026-03-19,neutrogena,Neutrogena,reddit,2,Good value but a bit of white cast on deeper skin tones.,,2026-03-20T07:15:22+00:00
seed-v3-neutrogena-20260319-9,2026-03-19,neutrogena,Neutrogena,news,5,Lightweight SPF that layers well under makeup.,,2026-03-20T07:15:22+00:00
seed-v3-serum-20260319-0,2026-03-19,serum,Serum,reddit,1,No noticeable effect and caused redness.,,2026-03-20T07:15:22+00:00
seed-v3-serum-20260319-1,2026-03-19,serum,Serum,news,3,Absorbs fast and works under makeup.,,2026-03-20T07:15:22+00:00
seed-v3-serum-20260319-2,2026-03-19,serum,Serum,reddit,2,"Too strong for me, tingled a lot.",,2026-03-20T07:15:22+00:00
seed-v3-sunscreen-20260319-0,2026-03-19,sunscreen,Sunscreen,news,3,Decent protection but slightly greasy in humid weather.,,2026-03-20T07:15:22+00:00
seed-v3-sunscreen-20260319-1,2026-03-19,sunscreen,Sunscreen,reddit,2,"Good daily SPF, absorbs quickly.",,2026-03-20T07:15:22+00:00
seed-v3-sunscreen-20260319-2,2026-03-19,sunscreen,Sunscreen,reviews,5,"Great for daily wear, feels weightless.",,2026-03-20T07:15:22+00:00
seed-v3-sunscreen-20260319-3,2026-03-19,sunscreen,Sunscreen,reviews,5,"Great for daily wear, feels weightless.",,2026-03-20T07:15:22+00:00
seed-v3-sunscreen-20260319-4,2026-03-19,sunscreen,Sunscreen,reviews,5,Lightweight sunscreen and no white cast.,,2026-03-20T07:15:22+00:00
seed-v3-sunscreen-20260319-5,2026-03-19,sunscreen,Sunscreen,reddit,2,"Good daily SPF, absorbs quickly.",,2026-03-20T07:15:22+00:00
seed-v3-supergoop-20260319-0,2026-03-19,supergoop,Supergoop!,reddit,1,"Too shiny on my skin, had to blot often.",,2026-03-20T07:15:22+00:00
scheduler_ingestion-03e805088fa3,2026-03-20,cleanser,Cleanser,scheduler_synthetic,4,Great cleanser texture and visible improvement.,,2026-03-20T16:04:08+00:00
scheduler_ingestion-0520ec4e7828,2026-03-20,cleanser,Cleanser,scheduler_synthetic,5,Best cleanser for daily routine so far.,,2026-03-20T16:04:08+00:00
scheduler_ingestion-06c91dbd8451,2026-03-20,moisturizer,Moisturizer,scheduler_synthetic,4,"Decent moisturizer, but price feels high.",,2026-03-20T07:16:49+00:00
scheduler_ingestion-06d71350dba0,2026-03-20,cleanser,Cleanser,scheduler_synthetic,4,cleanser works but the fragrance is strong.,,2026-03-20T10:08:03+00:00
scheduler_ingestion-07149094cd50,2026-03-20,cleanser,Cleanser,scheduler_synthetic,2,"Decent cleanser, but price feels high.",,2026-03-20T12:24:56+00:00
scheduler_ingestion-07db2ec675b0,2026-03-20,cleanser,Cleanser,scheduler_synthetic,3,"Decent cleanser, but price feels high.",,2026-03-20T12:24:56+00:00
scheduler_ingestion-07fd44f63c25,2026-03-20,moisturizer,Moisturizer,scheduler_synthetic,3,Great moisturizer texture and visible improvement.,,2026-03-20T15:57:15+00:00
scheduler_ingestion-07fee95f1c3d,2026-03-20,cleanser,Cleanser,scheduler_synthetic,3,"Decent cleanser, but price feels high.",,2026-03-20T14:11:42+00:00
scheduler_ingestion-080208675982,2026-03-20,serum,Serum,scheduler_synthetic,3,Great serum texture and visible improvement.,,2026-03-20T10:23:06+00:00
scheduler_ingestion-096c1ee92f92,2026-03-20,serum,Serum,scheduler_synthetic,5,Great serum texture and visible improvement.,,2026-03-20T14:50:38+00:00
scheduler_ingestion-09d773d3aa16,2026-03-20,cleanser,Cleanser,scheduler_synthetic,5,cleanser feels heavy and caused mild irritation.,,2026-03-20T07:16:49+00:00
scheduler_ingestion-0a6de202659e,2026-03-20,cleanser,Cleanser,scheduler_synthetic,4,cleanser works but the fragrance is strong.,,2026-03-20T13:26:36+00:00
scheduler_ingestion-0a91b7518e82,2026-03-20,sunscreen,Sunscreen,scheduler_synthetic,2,sunscreen feels heavy and caused mild irritation.,,2026-03-20T13:26:35+00:00
scheduler_ingestion-0ba7fb0bf5d7,2026-03-20,sunscreen,Sunscreen,scheduler_synthetic,4,sunscreen works but the fragrance is strong.,,2026-03-20T14:50:38+00:00
scheduler_ingestion-0baa2ad72920,2026-03-20,cleanser,Cleanser,scheduler_synthetic,4,Great cleanser texture and visible improvement.,,2026-03-20T12:56:35+00:00
scheduler_ingestion-0bc8b72c83bb,2026-03-20,serum,Serum,scheduler_synthetic,4,Best serum for daily routine so far.,,2026-03-20T15:49:07+00:00
scheduler_ingestion-0dc9450454e8,2026-03-20,cleanser,Cleanser,scheduler_synthetic,2,Best cleanser for daily routine so far.,,2026-03-20T13:41:36+00:00
scheduler_ingestion-0f66d62f9e9e,2026-03-20,serum,Serum,scheduler_synthetic,2,Best serum for daily routine so far.,,2026-03-20T10:21:37+00:00
scheduler_ingestion-0fa8989e22d0,2026-03-20,sunscreen,Sunscreen,scheduler_synthetic,2,sunscreen works but the fragrance is strong.,,2026-03-20T15:12:15+00:00
scheduler_ingestion-12059a5045be,2026-03-20,moisturizer,Moisturizer,scheduler_synthetic,2,Best moisturizer for daily routine so far.,,2026-03-20T15:49:07+00:00
scheduler_ingestion-14010b5cb794,2026-03-20,moisturizer,Moisturizer,scheduler_synthetic,2,moisturizer feels heavy and caused mild irritation.,,2026-03-20T14:11:36+00:00
scheduler_ingestion-15b06ef9b267,2026-03-20,cleanser,Cleanser,scheduler_synthetic,5,cleanser feels heavy and caused mild irritation.,,2026-03-20T15:19:08+00:00
scheduler_ingestion-16469e927904,2026-03-20,sunscreen,Sunscreen,scheduler_synthetic,4,Best sunscreen for daily routine so far.,,2026-03-20T12:39:56+00:00
scheduler_ingestion-17270de538fd,2026-03-20,serum,Serum,scheduler_synthetic,4,serum works but the fragrance is strong.,,2026-03-20T14:57:15+00:00
scheduler_ingestion-17640144e16f,2026-03-20,serum,Serum,scheduler_synthetic,3,serum feels heavy and caused mild irritation.,,2026-03-20T12:25:05+00:00
scheduler_ingestion-179cccd3c65b,2026-03-20,sunscreen,Sunscreen,scheduler_synthetic,2,Great sunscreen texture and visible improvement.,,2026-03-20T10:23:06+00:00
scheduler_ingestion-1829d72917c4,2026-03-20,serum,Serum,scheduler_synthetic,2,"Decent serum, but price feels high.",,2026-03-20T10:06:37+00:00
scheduler_ingestion-183225e3bcb1,2026-03-20,moisturizer,Moisturizer,scheduler_synthetic,2,"Decent moisturizer, but price feels high.",,2026-03-20T13:41:35+00:00
scheduler_ingestion-1967e44cb662,2026-03-20,cleanser,Cleanser,scheduler_synthetic,5,cleanser feels heavy and caused mild irritation.,,2026-03-20T14:11:36+00:00
scheduler_ingestion-1a5a2b14b5ab,2026-03-20,moisturizer,Moisturizer,scheduler_synthetic,3,"Decent moisturizer, but price feels high.",,2026-03-20T12:56:35+00:00
scheduler_ingestion-1a837d61111a,2026-03-20,sunscreen,Sunscreen,scheduler_synthetic,4,"Decent sunscreen, but price feels high.",,2026-03-20T15:57:15+00:00
scheduler_ingestion-1ad453dce37e,2026-03-20,moisturizer,Moisturizer,scheduler_synthetic,4,"Decent moisturizer, but price feels high.",,2026-03-20T15:42:15+00:00
scheduler_ingestion-1c3a5d4a6791,2026-03-20,sunscreen,Sunscreen,scheduler_synthetic,3,Great sunscreen texture and visible improvement.,,2026-03-20T15:35:38+00:00
scheduler_ingestion-1d0561a9a88e,2026-03-20,moisturizer,Moisturizer,scheduler_synthetic,2,Best moisturizer for daily routine so far.,,2026-03-20T10:53:04+00:00
scheduler_ingestion-1f36028e77dd,2026-03-20,serum,Serum,scheduler_synthetic,5,"Decent serum, but price feels high.",,2026-03-20T14:57:15+00:00
scheduler_ingestion-1f91b55e481a,2026-03-20,cleanser,Cleanser,scheduler_synthetic,5,Best cleanser for daily routine so far.,,2026-03-20T12:25:05+00:00
scheduler_ingestion-2104f01e38cf,2026-03-20,moisturizer,Moisturizer,scheduler_synthetic,2,moisturizer works but the fragrance is strong.,,2026-03-20T09:19:13+00:00
scheduler_ingestion-217d426627cd,2026-03-20,serum,Serum,scheduler_synthetic,3,Great serum texture and visible improvement.,,2026-03-20T10:06:37+00:00
scheduler_ingestion-21c7c25ed8eb,2026-03-20,cleanser,Cleanser,scheduler_synthetic,5,cleanser feels heavy and caused mild irritation.,,2026-03-20T15:42:15+00:00
scheduler_ingestion-245cc8fbca98,2026-03-20,cleanser,Cleanser,scheduler_synthetic,3,cleanser works but the fragrance is strong.,,2026-03-20T15:35:38+00:00
scheduler_ingestion-248883879e72,2026-03-20,sunscreen,Sunscreen,scheduler_synthetic,5,sunscreen works but the fragrance is strong.,,2026-03-20T09:19:13+00:00
scheduler_ingestion-24b898ae873a,2026-03-20,cleanser,Cleanser,scheduler_synthetic,4,Great cleanser texture and visible improvement.,,2026-03-20T14:42:15+00:00
scheduler_ingestion-24bf9b10c712,2026-03-20,serum,Serum,scheduler_synthetic,4,"Decent serum, but price feels high.",,2026-03-20T14:11:42+00:00
scheduler_ingestion-2586be4f4fc8,2026-03-20,moisturizer,Moisturizer,scheduler_synthetic,2,"Decent moisturizer, but price feels high.",,2026-03-20T07:16:49+00:00
scheduler_ingestion-25d436c6c5ed,2026-03-20,moisturizer,Moisturizer,scheduler_synthetic,3,moisturizer feels heavy and caused mild irritation.,,2026-03-20T13:41:35+00:00
scheduler_ingestion-25d476e7dbf2,2026-03-20,serum,Serum,scheduler_synthetic,4,Best serum for daily routine so far.,,2026-03-20T09:19:13+00:00
scheduler_ingestion-25dcdebf93d4,2026-03-20,cleanser,Cleanser,scheduler_synthetic,5,Great cleanser texture and visible improvement.,,2026-03-20T07:15:23+00:00
scheduler_ingestion-28d732f2b965,2026-03-20,sunscreen,Sunscreen,scheduler_synthetic,3,sunscreen works but the fragrance is strong.,,2026-03-20T15:27:14+00:00
scheduler_ingestion-28faf0ceb924,2026-03-20,cleanser,Cleanser,scheduler_synthetic,4,Best cleanser for daily routine so far.,,2026-03-20T07:16:49+00:00
scheduler_ingestion-298fe553c751,2026-03-20,cleanser,Cleanser,scheduler_synthetic,2,"Decent cleanser, but price feels high.",,2026-03-20T15:57:15+00:00
scheduler_ingestion-2b5de1c52925,2026-03-20,sunscreen,Sunscreen,scheduler_synthetic,3,Best sunscreen for daily routine so far.,,2026-03-20T14:57:14+00:00
scheduler_ingestion-2cc3f30075df,2026-03-20,moisturizer,Moisturizer,scheduler_synthetic,2,moisturizer feels heavy and caused mild irritation.,,2026-03-20T14:49:07+00:00
scheduler_ingestion-2ce6eae99e16,2026-03-20,moisturizer,Moisturizer,scheduler_synthetic,4,moisturizer works but the fragrance is strong.,,2026-03-20T07:54:53+00:00
scheduler_ingestion-2ceacc749b7b,2026-03-20,serum,Serum,scheduler_synthetic,5,"Decent serum, but price feels high.",,2026-03-20T10:23:06+00:00
scheduler_ingestion-2fe5d5d005e1,2026-03-20,moisturizer,Moisturizer,scheduler_synthetic,3,moisturizer works but the fragrance is strong.,,2026-03-20T15:57:14+00:00
scheduler_ingestion-2febc6768571,2026-03-20,sunscreen,Sunscreen,scheduler_synthetic,2,Best sunscreen for daily routine so far.,,2026-03-20T14:57:15+00:00
scheduler_ingestion-2fee6805dea0,2026-03-20,moisturizer,Moisturizer,scheduler_synthetic,2,moisturizer feels heavy and caused mild irritation.,,2026-03-20T14:11:36+00:00
scheduler_ingestion-32d194d9b312,2026-03-20,sunscreen,Sunscreen,scheduler_synthetic,4,sunscreen works but the fragrance is strong.,,2026-03-20T10:51:37+00:00
scheduler_ingestion-32ddff916124,2026-03-20,moisturizer,Moisturizer,scheduler_synthetic,2,moisturizer works but the fragrance is strong.,,2026-03-20T15:35:38+00:00
scheduler_ingestion-32ee74ee6034,2026-03-20,cleanser,Cleanser,scheduler_synthetic,2,Best cleanser for daily routine so far.,,2026-03-20T15:42:15+00:00
scheduler_ingestion-32eeaadfa547,2026-03-20,sunscreen,Sunscreen,scheduler_synthetic,4,"Decent sunscreen, but price feels high.",,2026-03-20T13:56:35+00:00
scheduler_ingestion-34283a3c721e,2026-03-20,sunscreen,Sunscreen,scheduler_synthetic,4,Best sunscreen for daily routine so far.,,2026-03-20T16:12:14+00:00
scheduler_ingestion-34f6ab8f55d2,2026-03-20,sunscreen,Sunscreen,scheduler_synthetic,3,sunscreen works but the fragrance is strong.,,2026-03-20T11:33:02+00:00
scheduler_ingestion-361152c0e2b5,2026-03-20,sunscreen,Sunscreen,scheduler_synthetic,4,sunscreen feels heavy and caused mild irritation.,,2026-03-20T12:07:30+00:00
scheduler_ingestion-368dfb6cee3c,2026-03-20,sunscreen,Sunscreen,scheduler_synthetic,5,Great sunscreen texture and visible improvement.,,2026-03-20T12:56:35+00:00
scheduler_ingestion-36c2285a5b3f,2026-03-20,cleanser,Cleanser,scheduler_synthetic,3,Great cleanser texture and visible improvement.,,2026-03-20T14:49:07+00:00
scheduler_ingestion-36ff2cf8b9d5,2026-03-20,moisturizer,Moisturizer,scheduler_synthetic,3,Best moisturizer for daily routine so far.,,2026-03-20T14:49:07+00:00
scheduler_ingestion-37471e25d7c0,2026-03-20,moisturizer,Moisturizer,scheduler_synthetic,2,moisturizer works but the fragrance is strong.,,2026-03-20T11:06:37+00:00
scheduler_ingestion-38b9d50094f0,2026-03-20,cleanser,Cleanser,scheduler_synthetic,4,Great cleanser texture and visible improvement.,,2026-03-20T07:15:23+00:00
scheduler_ingestion-38fed05c17f9,2026-03-20,serum,Serum,scheduler_synthetic,4,serum feels heavy and caused mild irritation.,,2026-03-20T10:38:04+00:00
scheduler_ingestion-3a8920d20cc9,2026-03-20,sunscreen,Sunscreen,scheduler_synthetic,3,"Decent sunscreen, but price feels high.",,2026-03-20T13:26:36+00:00
scheduler_ingestion-3b0277ec15e9,2026-03-20,moisturizer,Moisturizer,scheduler_synthetic,2,Great moisturizer texture and visible improvement.,,2026-03-20T15:05:38+00:00
scheduler_ingestion-3c1da22dba81,2026-03-20,sunscreen,Sunscreen,scheduler_synthetic,2,"Decent sunscreen, but price feels high.",,2026-03-20T11:06:37+00:00
scheduler_ingestion-3ccdda8de04c,2026-03-20,moisturizer,Moisturizer,scheduler_synthetic,2,Great moisturizer texture and visible improvement.,,2026-03-20T09:27:34+00:00
scheduler_ingestion-3d9109b5ec64,2026-03-20,sunscreen,Sunscreen,scheduler_synthetic,4,Great sunscreen texture and visible improvement.,,2026-03-20T12:07:30+00:00
scheduler_ingestion-3e2d17aae0bb,2026-03-20,cleanser,Cleanser,scheduler_synthetic,5,Great cleanser texture and visible improvement.,,2026-03-20T13:11:35+00:00
scheduler_ingestion-3fb5b5a63025,2026-03-20,serum,Serum,scheduler_synthetic,2,Best serum for daily routine so far.,,2026-03-20T15:50:38+00:00
scheduler_ingestion-3ff2f08dfca6,2026-03-20,serum,Serum,scheduler_synthetic,3,"Decent serum, but price feels high.",,2026-03-20T13:56:35+00:00
scheduler_ingestion-40938ef9a5f8,2026-03-20,serum,Serum,scheduler_synthetic,3,Best serum for daily routine so far.,,2026-03-20T15:27:14+00:00
scheduler_ingestion-40aee1c59857,2026-03-20,moisturizer,Moisturizer,scheduler_synthetic,3,Best moisturizer for daily routine so far.,,2026-03-20T15:42:15+00:00
scheduler_ingestion-41567bbea4f0,2026-03-20,sunscreen,Sunscreen,scheduler_synthetic,3,"Decent sunscreen, but price feels high.",,2026-03-20T16:19:15+00:00
scheduler_ingestion-428921027640,2026-03-20,moisturizer,Moisturizer,scheduler_synthetic,2,Best moisturizer for daily routine so far.,,2026-03-20T11:06:37+00:00
scheduler_ingestion-42fbfcc41029,2026-03-20,cleanser,Cleanser,scheduler_synthetic,5,Best cleanser for daily routine so far.,,2026-03-20T12:11:06+00:00
scheduler_ingestion-43e7a23329c0,2026-03-20,sunscreen,Sunscreen,scheduler_synthetic,2,"Decent sunscreen, but price feels high.",,2026-03-20T15:57:14+00:00
scheduler_ingestion-455587cad097,2026-03-20,cleanser,Cleanser,scheduler_synthetic,2,cleanser feels heavy and caused mild irritation.,,2026-03-20T10:23:06+00:00
scheduler_ingestion-45c68dc03418,2026-03-20,sunscreen,Sunscreen,scheduler_synthetic,3,"Decent sunscreen, but price feels high.",,2026-03-20T15:34:07+00:00
scheduler_ingestion-46d1c2fad4fa,2026-03-20,moisturizer,Moisturizer,scheduler_synthetic,2,moisturizer feels heavy and caused mild irritation.,,2026-03-20T10:51:37+00:00
scheduler_ingestion-478af2404550,2026-03-20,serum,Serum,scheduler_synthetic,5,serum works but the fragrance is strong.,,2026-03-20T15:27:15+00:00
scheduler_ingestion-4a255783d6f4,2026-03-20,moisturizer,Moisturizer,scheduler_synthetic,5,Best moisturizer for daily routine so far.,,2026-03-20T14:42:15+00:00
scheduler_ingestion-4ac31a8b5b30,2026-03-20,serum,Serum,scheduler_synthetic,3,serum feels heavy and caused mild irritation.,,2026-03-20T12:07:30+00:00
scheduler_ingestion-4b38631dd3b2,2026-03-20,moisturizer,Moisturizer,scheduler_synthetic,3,"Decent moisturizer, but price feels high.",,2026-03-20T13:26:36+00:00
scheduler_ingestion-4b51903c77d4,2026-03-20,sunscreen,Sunscreen,scheduler_synthetic,2,Great sunscreen texture and visible improvement.,,2026-03-20T16:12:14+00:00
scheduler_ingestion-4c46923e1913,2026-03-20,sunscreen,Sunscreen,scheduler_synthetic,3,sunscreen works but the fragrance is strong.,,2026-03-20T15:27:14+00:00
scheduler_ingestion-4cc719ec2234,2026-03-20,cleanser,Cleanser,scheduler_synthetic,5,Best cleanser for daily routine so far.,,2026-03-20T12:39:56+00:00
scheduler_ingestion-4dedae0abb94,2026-03-20,sunscreen,Sunscreen,scheduler_synthetic,3,sunscreen feels heavy and caused mild irritation.,,2026-03-20T13:11:35+00:00
scheduler_ingestion-4e673e6c821c,2026-03-20,cleanser,Cleanser,scheduler_synthetic,2,"Decent cleanser, but price feels high.",,2026-03-20T10:53:04+00:00
scheduler_ingestion-4ff0b7ecbb9c,2026-03-20,cleanser,Cleanser,scheduler_synthetic,2,cleanser works but the fragrance is strong.,,2026-03-20T15:42:15+00:00
scheduler_ingestion-50370b27a4dd,2026-03-20,cleanser,Cleanser,scheduler_synthetic,2,Best cleanser for daily routine so far.,,2026-03-20T12:25:05+00:00
scheduler_ingestion-518b4476d7aa,2026-03-20,moisturizer,Moisturizer,scheduler_synthetic,3,"Decent moisturizer, but price feels high.",,2026-03-20T12:07:30+00:00
scheduler_ingestion-51e9a5b98617,2026-03-20,cleanser,Cleanser,scheduler_synthetic,2,Great cleanser texture and visible improvement.,,2026-03-20T14:42:15+00:00
scheduler_ingestion-5380f5309c8e,2026-03-20,moisturizer,Moisturizer,scheduler_synthetic,2,moisturizer works but the fragrance is strong.,,2026-03-20T15:34:07+00:00
scheduler_ingestion-554c5a974bc0,2026-03-20,moisturizer,Moisturizer,scheduler_synthetic,3,Best moisturizer for daily routine so far.,,2026-03-20T12:56:35+00:00
scheduler_ingestion-56008f686464,2026-03-20,cleanser,Cleanser,scheduler_synthetic,5,Best cleanser for daily routine so far.,,2026-03-20T15:12:15+00:00
scheduler_ingestion-57ecba324b79,2026-03-20,moisturizer,Moisturizer,scheduler_synthetic,5,"Decent moisturizer, but price feels high.",,2026-03-20T12:24:56+00:00
scheduler_ingestion-58920e0e523d,2026-03-20,moisturizer,Moisturizer,scheduler_synthetic,5,Great moisturizer texture and visible improvement.,,2026-03-20T07:56:18+00:00
scheduler_ingestion-5952da3a50e2,2026-03-20,serum,Serum,scheduler_synthetic,2,"Decent serum, but price feels high.",,2026-03-20T16:19:15+00:00
scheduler_ingestion-5a3733c636c8,2026-03-20,cleanser,Cleanser,scheduler_synthetic,4,Best cleanser for daily routine so far.,,2026-03-20T15:12:15+00:00
scheduler_ingestion-5a82c3550bc6,2026-03-20,sunscreen,Sunscreen,scheduler_synthetic,5,Best sunscreen for daily routine so far.,,2026-03-20T14:57:15+00:00
scheduler_ingestion-5be61b953504,2026-03-20,sunscreen,Sunscreen,scheduler_synthetic,3,sunscreen feels heavy and caused mild irritation.,,2026-03-20T16:12:15+00:00
scheduler_ingestion-5c26df51defe,2026-03-20,sunscreen,Sunscreen,scheduler_synthetic,4,Great sunscreen texture and visible improvement.,,2026-03-20T09:27:34+00:00
scheduler_ingestion-5cdecd64f4a2,2026-03-20,moisturizer,Moisturizer,scheduler_synthetic,2,Best moisturizer for daily routine so far.,,2026-03-20T14:11:35+00:00
scheduler_ingestion-5f09ab9c6607,2026-03-20,moisturizer,Moisturizer,scheduler_synthetic,4,moisturizer feels heavy and caused mild irritation.,,2026-03-20T12:07:30+00:00
scheduler_ingestion-5fbb8a4f49b3,2026-03-20,serum,Serum,scheduler_synthetic,2,serum feels heavy and caused mild irritation.,,2026-03-20T10:21:37+00:00
scheduler_ingestion-6014bca64956,2026-03-20,sunscreen,Sunscreen,scheduler_synthetic,2,sunscreen feels heavy and caused mild irritation.,,2026-03-20T16:05:38+00:00
scheduler_ingestion-62d79f17ee48,2026-03-20,sunscreen,Sunscreen,scheduler_synthetic,2,sunscreen feels heavy and caused mild irritation.,,2026-03-20T12:24:56+00:00
scheduler_ingestion-63cd80decb59,2026-03-20,serum,Serum,scheduler_synthetic,4,serum works but the fragrance is strong.,,2026-03-20T11:08:04+00:00
scheduler_ingestion-6520d43d904e,2026-03-20,cleanser,Cleanser,scheduler_synthetic,5,cleanser feels heavy and caused mild irritation.,,2026-03-20T11:33:01+00:00
scheduler_ingestion-655097209527,2026-03-20,serum,Serum,scheduler_synthetic,3,Great serum texture and visible improvement.,,2026-03-20T15:04:07+00:00
scheduler_ingestion-65eaf385ce81,2026-03-20,serum,Serum,scheduler_synthetic,3,Best serum for daily routine so far.,,2026-03-20T09:19:13+00:00
scheduler_ingestion-65f006204dd0,2026-03-20,cleanser,Cleanser,scheduler_synthetic,5,Best cleanser for daily routine so far.,,2026-03-20T13:11:35+00:00
scheduler_ingestion-6818263e17e3,2026-03-20,sunscreen,Sunscreen,scheduler_synthetic,4,"Decent sunscreen, but price feels high.",,2026-03-20T12:39:56+00:00
scheduler_ingestion-684a6e7403e1,2026-03-20,cleanser,Cleanser,scheduler_synthetic,5,cleanser feels heavy and caused mild irritation.,,2026-03-20T16:19:15+00:00
scheduler_ingestion-68ac37bc783f,2026-03-20,sunscreen,Sunscreen,scheduler_synthetic,4,sunscreen works but the fragrance is strong.,,2026-03-20T15:12:14+00:00
scheduler_ingestion-68ee2ad2bf02,2026-03-20,moisturizer,Moisturizer,scheduler_synthetic,5,"Decent moisturizer, but price feels high.",,2026-03-20T15:50:38+00:00
scheduler_ingestion-6953a53b8bf9,2026-03-20,sunscreen,Sunscreen,scheduler_synthetic,3,sunscreen works but the fragrance is strong.,,2026-03-20T11:33:02+00:00
scheduler_ingestion-69818b9a7075,2026-03-20,cleanser,Cleanser,scheduler_synthetic,3,cleanser feels heavy and caused mild irritation.,,2026-03-20T11:08:04+00:00
scheduler_ingestion-6cee5334d7e0,2026-03-20,sunscreen,Sunscreen,scheduler_synthetic,3,Best sunscreen for daily routine so far.,,2026-03-20T10:38:04+00:00
scheduler_ingestion-6dc2f833f79c,2026-03-20,sunscreen,Sunscreen,scheduler_synthetic,3,"Decent sunscreen, but price feels high.",,2026-03-20T13:56:36+00:00
scheduler_ingestion-6e596d5c04e7,2026-03-20,cleanser,Cleanser,scheduler_synthetic,2,cleanser works but the fragrance is strong.,,2026-03-20T15:05:38+00:00
scheduler_ingestion-70e505de7bae,2026-03-20,sunscreen,Sunscreen,scheduler_synthetic,3,Great sunscreen texture and visible improvement.,,2026-03-20T14:50:38+00:00
scheduler_ingestion-70e8000d5fd6,2026-03-20,serum,Serum,scheduler_synthetic,5,Great serum texture and visible improvement.,,2026-03-20T15:35:38+00:00
scheduler_ingestion-716f36eb01a4,2026-03-20,sunscreen,Sunscreen,scheduler_synthetic,5,"Decent sunscreen, but price feels high.",,2026-03-20T13:41:36+00:00
scheduler_ingestion-71c3db5a7a96,2026-03-20,moisturizer,Moisturizer,scheduler_synthetic,5,moisturizer works but the fragrance is strong.,,2026-03-20T15:27:14+00:00
scheduler_ingestion-71c925aae354,2026-03-20,sunscreen,Sunscreen,scheduler_synthetic,2,Best sunscreen for daily routine so far.,,2026-03-20T10:08:03+00:00
scheduler_ingestion-721d67403da0,2026-03-20,moisturizer,Moisturizer,scheduler_synthetic,5,moisturizer feels heavy and caused mild irritation.,,2026-03-20T10:06:37+00:00
scheduler_ingestion-7267b9d87715,2026-03-20,serum,Serum,scheduler_synthetic,5,serum feels heavy and caused mild irritation.,,2026-03-20T07:56:18+00:00
scheduler_ingestion-727842f9055c,2026-03-20,serum,Serum,scheduler_synthetic,2,"Decent serum, but price feels high.",,2026-03-20T12:07:30+00:00
scheduler_ingestion-72ce8734651a,2026-03-20,sunscreen,Sunscreen,scheduler_synthetic,2,Best sunscreen for daily routine so far.,,2026-03-20T15:12:14+00:00
scheduler_ingestion-756dd79d6587,2026-03-20,moisturizer,Moisturizer,scheduler_synthetic,5,Best moisturizer for daily routine so far.,,2026-03-20T15:49:07+00:00
scheduler_ingestion-76408de5ff1e,2026-03-20,moisturizer,Moisturizer,scheduler_synthetic,5,moisturizer feels heavy and caused mild irritation.,,2026-03-20T15:12:15+00:00
scheduler_ingestion-76d21f51eee5,2026-03-20,moisturizer,Moisturizer,scheduler_synthetic,5,Best moisturizer for daily routine so far.,,2026-03-20T15:12:14+00:00
scheduler_ingestion-76e1225a5d01,2026-03-20,moisturizer,Moisturizer,scheduler_synthetic,2,moisturizer feels heavy and caused mild irritation.,,2026-03-20T12:24:56+00:00
scheduler_ingestion-772876a3f0e7,2026-03-20,serum,Serum,scheduler_synthetic,5,Best serum for daily routine so far.,,2026-03-20T10:53:04+00:00
scheduler_ingestion-7869467500fb,2026-03-20,cleanser,Cleanser,scheduler_synthetic,3,cleanser feels heavy and caused mild irritation.,,2026-03-20T16:12:14+00:00
scheduler_ingestion-797a859dcf50,2026-03-20,serum,Serum,scheduler_synthetic,3,Great serum texture and visible improvement.,,2026-03-20T07:54:53+00:00
scheduler_ingestion-7ad4f8b1c05a,2026-03-20,cleanser,Cleanser,scheduler_synthetic,3,cleanser works but the fragrance is strong.,,2026-03-20T16:12:15+00:00
scheduler_ingestion-7b1f6744e0f6,2026-03-20,moisturizer,Moisturizer,scheduler_synthetic,5,"Decent moisturizer, but price feels high.",,2026-03-20T15:19:08+00:00
scheduler_ingestion-7c3549a3aca6,2026-03-20,moisturizer,Moisturizer,scheduler_synthetic,3,Great moisturizer texture and visible improvement.,,2026-03-20T13:56:36+00:00
scheduler_ingestion-7eaec88e3f21,2026-03-20,sunscreen,Sunscreen,scheduler_synthetic,3,sunscreen works but the fragrance is strong.,,2026-03-20T16:05:38+00:00
scheduler_ingestion-80fddb8d8145,2026-03-20,cleanser,Cleanser,scheduler_synthetic,3,"Decent cleanser, but price feels high.",,2026-03-20T15:27:15+00:00
scheduler_ingestion-811de27488e3,2026-03-20,serum,Serum,scheduler_synthetic,2,serum feels heavy and caused mild irritation.,,2026-03-20T11:33:01+00:00
scheduler_ingestion-81b107dc232d,2026-03-20,serum,Serum,scheduler_synthetic,3,Great serum texture and visible improvement.,,2026-03-20T10:53:04+00:00
scheduler_ingestion-81e96c52bc26,2026-03-20,serum,Serum,scheduler_synthetic,3,serum works but the fragrance is strong.,,2026-03-20T16:04:08+00:00
scheduler_ingestion-822743aaed2f,2026-03-20,moisturizer,Moisturizer,scheduler_synthetic,4,Great moisturizer texture and visible improvement.,,2026-03-20T12:56:35+00:00
scheduler_ingestion-839975f03fb8,2026-03-20,cleanser,Cleanser,scheduler_synthetic,3,cleanser feels heavy and caused mild irritation.,,2026-03-20T16:12:15+00:00
scheduler_ingestion-84147726ed4b,2026-03-20,sunscreen,Sunscreen,scheduler_synthetic,2,Best sunscreen for daily routine so far.,,2026-03-20T14:11:42+00:00
scheduler_ingestion-88a83a4f9b7b,2026-03-20,sunscreen,Sunscreen,scheduler_synthetic,5,sunscreen works but the fragrance is strong.,,2026-03-20T15:57:14+00:00
scheduler_ingestion-89d40d72aeda,2026-03-20,sunscreen,Sunscreen,scheduler_synthetic,3,Great sunscreen texture and visible improvement.,,2026-03-20T11:33:01+00:00
scheduler_ingestion-8a5e9a01f9e6,2026-03-20,moisturizer,Moisturizer,scheduler_synthetic,2,"Decent moisturizer, but price feels high.",,2026-03-20T12:07:30+00:00
scheduler_ingestion-8a85d60dac70,2026-03-20,moisturizer,Moisturizer,scheduler_synthetic,2,"Decent moisturizer, but price feels high.",,2026-03-20T14:42:15+00:00
scheduler_ingestion-8b6c02e554b1,2026-03-20,cleanser,Cleanser,scheduler_synthetic,4,cleanser feels heavy and caused mild irritation.,,2026-03-20T16:05:38+00:00
scheduler_ingestion-8bb6d7b8ad3e,2026-03-20,moisturizer,Moisturizer,scheduler_synthetic,4,Best moisturizer for daily routine so far.,,2026-03-20T15:42:15+00:00
scheduler_ingestion-8bef2b66b319,2026-03-20,serum,Serum,scheduler_synthetic,4,Great serum texture and visible improvement.,,2026-03-20T15:49:07+00:00
scheduler_ingestion-8d2cbc8ee748,2026-03-20,sunscreen,Sunscreen,scheduler_synthetic,3,sunscreen works but the fragrance is strong.,,2026-03-20T13:26:35+00:00
scheduler_ingestion-8e7324ec179d,2026-03-20,serum,Serum,scheduler_synthetic,5,serum works but the fragrance is strong.,,2026-03-20T13:11:35+00:00
scheduler_ingestion-8f92ef364b4b,2026-03-20,sunscreen,Sunscreen,scheduler_synthetic,4,Best sunscreen for daily routine so far.,,2026-03-20T10:51:37+00:00
scheduler_ingestion-902639e22bdf,2026-03-20,serum,Serum,scheduler_synthetic,3,Great serum texture and visible improvement.,,2026-03-20T13:41:36+00:00
scheduler_ingestion-940d7ce0e1ea,2026-03-20,sunscreen,Sunscreen,scheduler_synthetic,5,"Decent sunscreen, but price feels high.",,2026-03-20T16:12:15+00:00
scheduler_ingestion-943ba4c0ca70,2026-03-20,serum,Serum,scheduler_synthetic,5,Best serum for daily routine so far.,,2026-03-20T13:26:36+00:00
scheduler_ingestion-960f594588b2,2026-03-20,sunscreen,Sunscreen,scheduler_synthetic,2,Best sunscreen for daily routine so far.,,2026-03-20T11:33:01+00:00
scheduler_ingestion-96b7f4f16c53,2026-03-20,cleanser,Cleanser,scheduler_synthetic,3,Best cleanser for daily routine so far.,,2026-03-20T16:05:38+00:00
scheduler_ingestion-97c90cd3c55b,2026-03-20,cleanser,Cleanser,scheduler_synthetic,3,cleanser works but the fragrance is strong.,,2026-03-20T15:12:15+00:00
scheduler_ingestion-992b03898f29,2026-03-20,sunscreen,Sunscreen,scheduler_synthetic,3,sunscreen works but the fragrance is strong.,,2026-03-20T14:11:35+00:00
scheduler_ingestion-993e8315f151,2026-03-20,moisturizer,Moisturizer,scheduler_synthetic,5,moisturizer works but the fragrance is strong.,,2026-03-20T10:21:37+00:00
scheduler_ingestion-9c47f0844958,2026-03-20,cleanser,Cleanser,scheduler_synthetic,5,cleanser feels heavy and caused mild irritation.,,2026-03-20T14:11:42+00:00
scheduler_ingestion-9d7fc170d14c,2026-03-20,cleanser,Cleanser,scheduler_synthetic,4,cleanser feels heavy and caused mild irritation.,,2026-03-20T14:57:14+00:00
scheduler_ingestion-9df8ab15f995,2026-03-20,serum,Serum,scheduler_synthetic,3,serum feels heavy and caused mild irritation.,,2026-03-20T07:15:23+00:00
scheduler_ingestion-9fb6f8d2b2d1,2026-03-20,sunscreen,Sunscreen,scheduler_synthetic,2,sunscreen works but the fragrance is strong.,,2026-03-20T15:50:38+00:00
scheduler_ingestion-a512b5ff68fe,2026-03-20,cleanser,Cleanser,scheduler_synthetic,2,Great cleanser texture and visible improvement.,,2026-03-20T15:05:38+00:00
scheduler_ingestion-a5c1181246cd,2026-03-20,sunscreen,Sunscreen,scheduler_synthetic,5,Great sunscreen texture and visible improvement.,,2026-03-20T11:06:37+00:00
scheduler_ingestion-a74308a8576d,2026-03-20,serum,Serum,scheduler_synthetic,4,serum feels heavy and caused mild irritation.,,2026-03-20T12:11:06+00:00
scheduler_ingestion-a8410b68df68,2026-03-20,sunscreen,Sunscreen,scheduler_synthetic,5,Best sunscreen for daily routine so far.,,2026-03-20T13:26:35+00:00
scheduler_ingestion-a91fa9aedb94,2026-03-20,moisturizer,Moisturizer,scheduler_synthetic,5,Best moisturizer for daily routine so far.,,2026-03-20T13:11:35+00:00
scheduler_ingestion-a96e6417db2f,2026-03-20,cleanser,Cleanser,scheduler_synthetic,4,cleanser feels heavy and caused mild irritation.,,2026-03-20T15:50:38+00:00
scheduler_ingestion-a9dfcbe72766,2026-03-20,sunscreen,Sunscreen,scheduler_synthetic,3,Great sunscreen texture and visible improvement.,,2026-03-20T12:39:55+00:00
scheduler_ingestion-aa749c73ac0f,2026-03-20,cleanser,Cleanser,scheduler_synthetic,5,Great cleanser texture and visible improvement.,,2026-03-20T14:11:35+00:00
scheduler_ingestion-aaa577b72177,2026-03-20,sunscreen,Sunscreen,scheduler_synthetic,5,sunscreen works but the fragrance is strong.,,2026-03-20T07:15:23+00:00
scheduler_ingestion-aaebd7beb008,2026-03-20,serum,Serum,scheduler_synthetic,5,serum feels heavy and caused mild irritation.,,2026-03-20T11:08:04+00:00
scheduler_ingestion-ac7372647c94,2026-03-20,moisturizer,Moisturizer,scheduler_synthetic,5,"Decent moisturizer, but price feels high.",,2026-03-20T15:12:15+00:00
scheduler_ingestion-adea024e3816,2026-03-20,serum,Serum,scheduler_synthetic,5,Best serum for daily routine so far.,,2026-03-20T10:08:03+00:00
scheduler_ingestion-adf99f81923f,2026-03-20,moisturizer,Moisturizer,scheduler_synthetic,2,Best moisturizer for daily routine so far.,,2026-03-20T10:36:38+00:00
scheduler_ingestion-b0cd45399f6b,2026-03-20,sunscreen,Sunscreen,scheduler_synthetic,3,Best sunscreen for daily routine so far.,,2026-03-20T15:27:15+00:00
scheduler_ingestion-b12824e7b3e4,2026-03-20,serum,Serum,scheduler_synthetic,4,Great serum texture and visible improvement.,,2026-03-20T14:42:15+00:00
scheduler_ingestion-b24cee85240f,2026-03-20,serum,Serum,scheduler_synthetic,2,serum works but the fragrance is strong.,,2026-03-20T14:42:15+00:00
scheduler_ingestion-b599dfb7b3d9,2026-03-20,sunscreen,Sunscreen,scheduler_synthetic,2,sunscreen works but the fragrance is strong.,,2026-03-20T10:23:06+00:00
scheduler_ingestion-b5b4bb597585,2026-03-20,moisturizer,Moisturizer,scheduler_synthetic,5,moisturizer feels heavy and caused mild irritation.,,2026-03-20T15:20:38+00:00
scheduler_ingestion-b611b1cf9933,2026-03-20,serum,Serum,scheduler_synthetic,5,Best serum for daily routine so far.,,2026-03-20T13:11:35+00:00
scheduler_ingestion-b683fd9afbe5,2026-03-20,moisturizer,Moisturizer,scheduler_synthetic,5,Great moisturizer texture and visible improvement.,,2026-03-20T13:56:35+00:00
scheduler_ingestion-b72be3f02890,2026-03-20,moisturizer,Moisturizer,scheduler_synthetic,2,Great moisturizer texture and visible improvement.,,2026-03-20T12:56:35+00:00
scheduler_ingestion-b932754ffb63,2026-03-20,moisturizer,Moisturizer,scheduler_synthetic,3,moisturizer feels heavy and caused mild irritation.,,2026-03-20T12:07:30+00:00
scheduler_ingestion-b9f75407b208,2026-03-20,cleanser,Cleanser,scheduler_synthetic,4,cleanser feels heavy and caused mild irritation.,,2026-03-20T14:50:38+00:00
scheduler_ingestion-ba063c1ee152,2026-03-20,serum,Serum,scheduler_synthetic,4,"Decent serum, but price feels high.",,2026-03-20T13:56:35+00:00
scheduler_ingestion-ba6f67286336,2026-03-20,moisturizer,Moisturizer,scheduler_synthetic,4,Best moisturizer for daily routine so far.,,2026-03-20T15:04:07+00:00
scheduler_ingestion-bbc07a3abcbc,2026-03-20,moisturizer,Moisturizer,scheduler_synthetic,2,moisturizer feels heavy and caused mild irritation.,,2026-03-20T13:56:36+00:00
scheduler_ingestion-bc048d405050,2026-03-20,moisturizer,Moisturizer,scheduler_synthetic,2,moisturizer works but the fragrance is strong.,,2026-03-20T15:04:07+00:00
scheduler_ingestion-bc8b4d8494d3,2026-03-20,sunscreen,Sunscreen,scheduler_synthetic,4,Best sunscreen for daily routine so far.,,2026-03-20T16:12:14+00:00
scheduler_ingestion-bd66b78c4376,2026-03-20,sunscreen,Sunscreen,scheduler_synthetic,3,"Decent sunscreen, but price feels high.",,2026-03-20T15:19:08+00:00
scheduler_ingestion-bdd2c4d1ac85,2026-03-20,moisturizer,Moisturizer,scheduler_synthetic,2,Great moisturizer texture and visible improvement.,,2026-03-20T10:23:06+00:00
scheduler_ingestion-be3d284f1946,2026-03-20,moisturizer,Moisturizer,scheduler_synthetic,2,Best moisturizer for daily routine so far.,,2026-03-20T14:57:14+00:00
scheduler_ingestion-bebae1e25482,2026-03-20,cleanser,Cleanser,scheduler_synthetic,5,cleanser works but the fragrance is strong.,,2026-03-20T13:41:35+00:00
scheduler_ingestion-bec5b505851e,2026-03-20,sunscreen,Sunscreen,scheduler_synthetic,3,sunscreen feels heavy and caused mild irritation.,,2026-03-20T16:04:08+00:00
scheduler_ingestion-bef9970f6773,2026-03-20,moisturizer,Moisturizer,scheduler_synthetic,2,Best moisturizer for daily routine so far.,,2026-03-20T15:27:15+00:00
scheduler_ingestion-c205140ddbab,2026-03-20,moisturizer,Moisturizer,scheduler_synthetic,4,Great moisturizer texture and visible improvement.,,2026-03-20T13:26:35+00:00
scheduler_ingestion-c46389324e9e,2026-03-20,serum,Serum,scheduler_synthetic,5,serum feels heavy and caused mild irritation.,,2026-03-20T15:04:07+00:00
scheduler_ingestion-c4f250441b74,2026-03-20,sunscreen,Sunscreen,scheduler_synthetic,3,sunscreen feels heavy and caused mild irritation.,,2026-03-20T11:33:02+00:00
scheduler_ingestion-c574d32bf464,2026-03-20,serum,Serum,scheduler_synthetic,5,"Decent serum, but price feels high.",,2026-03-20T07:54:53+00:00
scheduler_ingestion-c64803554f18,2026-03-20,serum,Serum,scheduler_synthetic,2,serum works but the fragrance is strong.,,2026-03-20T07:54:53+00:00
scheduler_ingestion-c6aeae603480,2026-03-20,moisturizer,Moisturizer,scheduler_synthetic,2,moisturizer feels heavy and caused mild irritation.,,2026-03-20T14:42:15+00:00
scheduler_ingestion-c6e7d9f6c017,2026-03-20,serum,Serum,scheduler_synthetic,5,serum works but the fragrance is strong.,,2026-03-20T14:57:14+00:00
scheduler_ingestion-c75e375e53d1,2026-03-20,sunscreen,Sunscreen,scheduler_synthetic,3,Great sunscreen texture and visible improvement.,,2026-03-20T14:49:07+00:00
scheduler_ingestion-c968017d36f0,2026-03-20,serum,Serum,scheduler_synthetic,5,serum feels heavy and caused mild irritation.,,2026-03-20T10:38:04+00:00
scheduler_ingestion-c9c52d515d50,2026-03-20,sunscreen,Sunscreen,scheduler_synthetic,3,Best sunscreen for daily routine so far.,,2026-03-20T15:20:38+00:00
scheduler_ingestion-ca29ff993c7a,2026-03-20,sunscreen,Sunscreen,scheduler_synthetic,2,sunscreen works but the fragrance is strong.,,2026-03-20T15:42:15+00:00
scheduler_ingestion-caab445a6d86,2026-03-20,moisturizer,Moisturizer,scheduler_synthetic,2,"Decent moisturizer, but price feels high.",,2026-03-20T15:20:38+00:00
scheduler_ingestion-cae4f333defc,2026-03-20,serum,Serum,scheduler_synthetic,3,Great serum texture and visible improvement.,,2026-03-20T13:41:35+00:00
scheduler_ingestion-cbb7dbf438fd,2026-03-20,moisturizer,Moisturizer,scheduler_synthetic,4,Best moisturizer for daily routine so far.,,2026-03-20T11:08:04+00:00
scheduler_ingestion-cd8301b57c1b,2026-03-20,sunscreen,Sunscreen,scheduler_synthetic,2,Great sunscreen texture and visible improvement.,,2026-03-20T12:25:05+00:00
scheduler_ingestion-cdcfe78d8554,2026-03-20,serum,Serum,scheduler_synthetic,5,"Decent serum, but price feels high.",,2026-03-20T10:08:03+00:00
scheduler_ingestion-ce2fac7ec9dc,2026-03-20,cleanser,Cleanser,scheduler_synthetic,3,cleanser works but the fragrance is strong.,,2026-03-20T15:34:07+00:00
scheduler_ingestion-d013843bc896,2026-03-20,serum,Serum,scheduler_synthetic,5,"Decent serum, but price feels high.",,2026-03-20T10:51:37+00:00
scheduler_ingestion-d01e277e4129,2026-03-20,cleanser,Cleanser,scheduler_synthetic,3,cleanser feels heavy and caused mild irritation.,,2026-03-20T12:11:06+00:00
scheduler_ingestion-d02b25df29da,2026-03-20,cleanser,Cleanser,scheduler_synthetic,3,cleanser feels heavy and caused mild irritation.,,2026-03-20T13:56:36+00:00
scheduler_ingestion-d24fa8e7b0c8,2026-03-20,sunscreen,Sunscreen,scheduler_synthetic,3,sunscreen works but the fragrance is strong.,,2026-03-20T12:11:06+00:00
scheduler_ingestion-d3c8a0c21daa,2026-03-20,moisturizer,Moisturizer,scheduler_synthetic,5,moisturizer works but the fragrance is strong.,,2026-03-20T12:56:35+00:00
scheduler_ingestion-d5c979fbb258,2026-03-20,moisturizer,Moisturizer,scheduler_synthetic,5,Best moisturizer for daily routine so far.,,2026-03-20T12:39:55+00:00
scheduler_ingestion-d5d8f10c2806,2026-03-20,moisturizer,Moisturizer,scheduler_synthetic,3,moisturizer works but the fragrance is strong.,,2026-03-20T13:11:35+00:00
scheduler_ingestion-d5e1a781d3a1,2026-03-20,cleanser,Cleanser,scheduler_synthetic,3,cleanser works but the fragrance is strong.,,2026-03-20T15:57:15+00:00
scheduler_ingestion-d63fa44494c9,2026-03-20,moisturizer,Moisturizer,scheduler_synthetic,5,moisturizer feels heavy and caused mild irritation.,,2026-03-20T10:23:06+00:00
scheduler_ingestion-d6f3b1137705,2026-03-20,moisturizer,Moisturizer,scheduler_synthetic,2,Great moisturizer texture and visible improvement.,,2026-03-20T12:39:55+00:00
scheduler_ingestion-d74eb0ecde10,2026-03-20,cleanser,Cleanser,scheduler_synthetic,4,cleanser feels heavy and caused mild irritation.,,2026-03-20T13:11:35+00:00
scheduler_ingestion-d7869756deae,2026-03-20,serum,Serum,scheduler_synthetic,2,serum works but the fragrance is strong.,,2026-03-20T14:11:36+00:00
scheduler_ingestion-d7925edb1ff7,2026-03-20,sunscreen,Sunscreen,scheduler_synthetic,3,sunscreen works but the fragrance is strong.,,2026-03-20T12:24:56+00:00
scheduler_ingestion-d8193d184c60,2026-03-20,sunscreen,Sunscreen,scheduler_synthetic,2,Best sunscreen for daily routine so far.,,2026-03-20T12:39:55+00:00
scheduler_ingestion-db0d4df0f893,2026-03-20,moisturizer,Moisturizer,scheduler_synthetic,3,moisturizer feels heavy and caused mild irritation.,,2026-03-20T10:36:38+00:00
scheduler_ingestion-dee022ea3abc,2026-03-20,moisturizer,Moisturizer,scheduler_synthetic,4,moisturizer works but the fragrance is strong.,,2026-03-20T15:12:15+00:00
scheduler_ingestion-df4be6aba9b4,2026-03-20,cleanser,Cleanser,scheduler_synthetic,2,cleanser works but the fragrance is strong.,,2026-03-20T16:19:15+00:00
scheduler_ingestion-e1bbe5ed8f61,2026-03-20,sunscreen,Sunscreen,scheduler_synthetic,5,Great sunscreen texture and visible improvement.,,2026-03-20T15:12:15+00:00
scheduler_ingestion-e4c12af5666d,2026-03-20,moisturizer,Moisturizer,scheduler_synthetic,4,"Decent moisturizer, but price feels high.",,2026-03-20T15:20:38+00:00
scheduler_ingestion-e5da935fcd50,2026-03-20,moisturizer,Moisturizer,scheduler_synthetic,3,moisturizer works but the fragrance is strong.,,2026-03-20T15:20:38+00:00
scheduler_ingestion-e60d531aaeb6,2026-03-20,moisturizer,Moisturizer,scheduler_synthetic,5,Great moisturizer texture and visible improvement.,,2026-03-20T10:38:04+00:00
scheduler_ingestion-e6f8fc1ec472,2026-03-20,serum,Serum,scheduler_synthetic,2,Best serum for daily routine so far.,,2026-03-20T09:27:34+00:00
scheduler_ingestion-e75f8a98e8fc,2026-03-20,cleanser,Cleanser,scheduler_synthetic,4,cleanser works but the fragrance is strong.,,2026-03-20T10:21:37+00:00
scheduler_ingestion-e76e4d9ab7b1,2026-03-20,moisturizer,Moisturizer,scheduler_synthetic,4,Great moisturizer texture and visible improvement.,,2026-03-20T15:19:08+00:00
scheduler_ingestion-e82e54261997,2026-03-20,sunscreen,Sunscreen,scheduler_synthetic,4,sunscreen feels heavy and caused mild irritation.,,2026-03-20T07:56:18+00:00
scheduler_ingestion-e8d91803623d,2026-03-20,moisturizer,Moisturizer,scheduler_synthetic,2,Best moisturizer for daily routine so far.,,2026-03-20T10:06:37+00:00
scheduler_ingestion-e91700ca01e7,2026-03-20,cleanser,Cleanser,scheduler_synthetic,2,cleanser feels heavy and caused mild irritation.,,2026-03-20T15:20:38+00:00
scheduler_ingestion-ea46b6e07189,2026-03-20,serum,Serum,scheduler_synthetic,3,Great serum texture and visible improvement.,,2026-03-20T15:05:38+00:00
scheduler_ingestion-ebe097c6413f,2026-03-20,sunscreen,Sunscreen,scheduler_synthetic,3,Best sunscreen for daily routine so far.,,2026-03-20T14:11:35+00:00
scheduler_ingestion-ed444eb5384a,2026-03-20,cleanser,Cleanser,scheduler_synthetic,2,cleanser feels heavy and caused mild irritation.,,2026-03-20T13:41:36+00:00
scheduler_ingestion-eef0302355ed,2026-03-20,sunscreen,Sunscreen,scheduler_synthetic,4,"Decent sunscreen, but price feels high.",,2026-03-20T15:12:14+00:00
scheduler_ingestion-efe2212ec69d,2026-03-20,moisturizer,Moisturizer,scheduler_synthetic,2,Best moisturizer for daily routine so far.,,2026-03-20T11:33:02+00:00
scheduler_ingestion-f1a643fda212,2026-03-20,cleanser,Cleanser,scheduler_synthetic,5,"Decent cleanser, but price feels high.",,2026-03-20T15:34:07+00:00
scheduler_ingestion-f25735c3dc60,2026-03-20,cleanser,Cleanser,scheduler_synthetic,2,"Decent cleanser, but price feels high.",,2026-03-20T12:39:56+00:00
scheduler_ingestion-f29000c76109,2026-03-20,sunscreen,Sunscreen,scheduler_synthetic,5,Great sunscreen texture and visible improvement.,,2026-03-20T10:23:06+00:00
scheduler_ingestion-f3fc4b703047,2026-03-20,sunscreen,Sunscreen,scheduler_synthetic,4,Best sunscreen for daily routine so far.,,2026-03-20T07:56:18+00:00
scheduler_ingestion-f4db3209377e,2026-03-20,serum,Serum,scheduler_synthetic,5,Great serum texture and visible improvement.,,2026-03-20T12:24:56+00:00
scheduler_ingestion-f57723dac2e3,2026-03-20,sunscreen,Sunscreen,scheduler_synthetic,2,sunscreen works but the fragrance is strong.,,2026-03-20T10:36:38+00:00
scheduler_ingestion-f6492a8368f0,2026-03-20,moisturizer,Moisturizer,scheduler_synthetic,5,Best moisturizer for daily routine so far.,,2026-03-20T14:42:15+00:00
scheduler_ingestion-f6f6e3ced1eb,2026-03-20,serum,Serum,scheduler_synthetic,5,"Decent serum, but price feels high.",,2026-03-20T15:42:15+00:00
scheduler_ingestion-f7c0fcc35417,2026-03-20,moisturizer,Moisturizer,scheduler_synthetic,2,moisturizer works but the fragrance is strong.,,2026-03-20T10:36:38+00:00
scheduler_ingestion-fa42320f3989,2026-03-20,moisturizer,Moisturizer,scheduler_synthetic,4,"Decent moisturizer, but price feels high.",,2026-03-20T15:57:14+00:00
scheduler_ingestion-fac3f53f89b6,2026-03-20,sunscreen,Sunscreen,scheduler_synthetic,4,"Decent sunscreen, but price feels high.",,2026-03-20T15:20:38+00:00
scheduler_ingestion-fb8b29dcc044,2026-03-20,serum,Serum,scheduler_synthetic,2,serum feels heavy and caused mild irritation.,,2026-03-20T12:24:56+00:00
scheduler_ingestion-fbce358b6cc2,2026-03-20,moisturizer,Moisturizer,scheduler_synthetic,4,moisturizer works but the fragrance is strong.,,2026-03-20T12:56:35+00:00
scheduler_ingestion-fc1e98810804,2026-03-20,sunscreen,Sunscreen,scheduler_synthetic,5,sunscreen feels heavy and caused mild irritation.,,2026-03-20T15:20:38+00:00
scheduler_ingestion-fe6120e1f798,2026-03-20,cleanser,Cleanser,scheduler_synthetic,3,cleanser feels heavy and caused mild irritation.,,2026-03-20T09:27:34+00:00
seed-v3-cerave-20260320-0,2026-03-20,cerave,CeraVe,twitter,2,"Works well, but the finish is a bit tacky.",,2026-03-20T07:15:22+00:00
seed-v3-cerave-20260320-1,2026-03-20,cerave,CeraVe,reviews,5,"Barrier feels stronger, less dryness overall.",,2026-03-20T07:15:22+00:00
seed-v3-cerave-20260320-2,2026-03-20,cerave,CeraVe,reviews,4,"Stung around my nose, not for me.",,2026-03-20T07:15:22+00:00
seed-v3-cerave-20260320-3,2026-03-20,cerave,CeraVe,reddit,3,"Texture is okay, but it pills with sunscreen.",,2026-03-20T07:15:22+00:00
seed-v3-cerave-20260320-4,2026-03-20,cerave,CeraVe,reddit,4,"Reliable and gentle, no irritation.",,2026-03-20T07:15:22+00:00
seed-v3-cerave-20260320-5,2026-03-20,cerave,CeraVe,reddit,4,"Barrier feels stronger, less dryness overall.",,2026-03-20T07:15:22+00:00
seed-v3-cerave-20260320-6,2026-03-20,cerave,CeraVe,twitter,4,"Works well, but the finish is a bit tacky.",,2026-03-20T07:15:22+00:00
seed-v3-cleanser-20260320-0,2026-03-20,cleanser,Cleanser,reddit,4,Good everyday cleanser for oily skin.,,2026-03-20T07:15:22+00:00
seed-v3-cleanser-20260320-1,2026-03-20,cleanser,Cleanser,news,1,Made my skin tight and itchy.,,2026-03-20T07:15:22+00:00
seed-v3-cleanser-20260320-2,2026-03-20,cleanser,Cleanser,twitter,3,"Gentle, but struggled to remove sunscreen.",,2026-03-20T07:15:22+00:00
seed-v3-cleanser-20260320-3,2026-03-20,cleanser,Cleanser,reviews,3,Made my skin tight and itchy.,,2026-03-20T07:15:22+00:00
seed-v3-cleanser-20260320-4,2026-03-20,cleanser,Cleanser,reviews,3,Made my skin tight and itchy.,,2026-03-20T07:15:22+00:00
seed-v3-la_roche_posay-20260320-0,2026-03-20,la_roche_posay,La Roche-Posay,reviews,4,"Great for sensitive skin, but can feel heavy mid-day.",,2026-03-20T07:15:22+00:00
seed-v3-la_roche_posay-20260320-1,2026-03-20,la_roche_posay,La Roche-Posay,reviews,5,Calms redness quickly and feels gentle.,,2026-03-20T07:15:22+00:00
seed-v3-la_roche_posay-20260320-2,2026-03-20,la_roche_posay,La Roche-Posay,news,3,"Did not work for my acne, caused clogged pores.",,2026-03-20T07:15:22+00:00
seed-v3-la_roche_posay-20260320-3,2026-03-20,la_roche_posay,La Roche-Posay,reddit,2,"Did not work for my acne, caused clogged pores.",,2026-03-20T07:15:22+00:00
seed-v3-la_roche_posay-20260320-4,2026-03-20,la_roche_posay,La Roche-Posay,reddit,1,"Broke me out after a week, had to stop.",,2026-03-20T07:15:22+00:00
seed-v3-la_roche_posay-20260320-5,2026-03-20,la_roche_posay,La Roche-Posay,reviews,5,Barrier repair feels solid but price is high.,,2026-03-20T07:15:22+00:00
seed-v3-la_roche_posay-20260320-6,2026-03-20,la_roche_posay,La Roche-Posay,reviews,5,"Great for sensitive skin, but can feel heavy mid-day.",,2026-03-20T07:15:22+00:00
seed-v3-moisturizer-20260320-0,2026-03-20,moisturizer,Moisturizer,reddit,4,Hydrating and gentle for my sensitive skin.,,2026-03-20T07:15:22+00:00
seed-v3-neutrogena-20260320-0,2026-03-20,neutrogena,Neutrogena,reddit,4,Good value but a bit of white cast on deeper skin tones.,,2026-03-20T07:15:22+00:00
seed-v3-neutrogena-20260320-1,2026-03-20,neutrogena,Neutrogena,twitter,3,"Works well for daily sunscreen, but can pill with moisturizer.",,2026-03-20T07:15:22+00:00
seed-v3-neutrogena-20260320-2,2026-03-20,neutrogena,Neutrogena,news,5,Solid protection and easy to reapply.,,2026-03-20T07:15:22+00:00
seed-v3-neutrogena-20260320-3,2026-03-20,neutrogena,Neutrogena,twitter,1,"Finish is matte, but stings around my eyes.",,2026-03-20T07:15:22+00:00
seed-v3-neutrogena-20260320-4,2026-03-20,neutrogena,Neutrogena,news,4,Good value but a bit of white cast on deeper skin tones.,,2026-03-20T07:15:22+00:00
seed-v3-neutrogena-20260320-5,2026-03-20,neutrogena,Neutrogena,reddit,3,"Dry-touch finish, great for oily skin and acne-prone days.",,2026-03-20T07:15:22+00:00
seed-v3-neutrogena-20260320-6,2026-03-20,neutrogena,Neutrogena,reviews,5,Lightweight SPF that layers well under makeup.,,2026-03-20T07:15:22+00:00
seed-v3-serum-20260320-0,2026-03-20,serum,Serum,news,4,Improved texture and visible glow.,,2026-03-20T07:15:22+00:00
seed-v3-serum-20260320-1,2026-03-20,serum,Serum,reviews,4,Absorbs fast and works under makeup.,,2026-03-20T07:15:22+00:00
seed-v3-serum-20260320-2,2026-03-20,serum,Serum,reddit,4,Absorbs fast and works under makeup.,,2026-03-20T07:15:22+00:00
seed-v3-sunscreen-20260320-0,2026-03-20,sunscreen,Sunscreen,twitter,4,Lightweight sunscreen and no white cast.,,2026-03-20T07:15:22+00:00
seed-v3-sunscreen-20260320-1,2026-03-20,sunscreen,Sunscreen,reviews,5,Decent protection but slightly greasy in humid weather.,,2026-03-20T07:15:22+00:00
seed-v3-sunscreen-20260320-2,2026-03-20,sunscreen,Sunscreen,twitter,2,Decent protection but slightly greasy in humid weather.,,2026-03-20T07:15:22+00:00
seed-v3-sunscreen-20260320-3,2026-03-20,sunscreen,Sunscreen,twitter,1,Caused irritation and felt heavy.,,2026-03-20T07:15:22+00:00
seed-v3-sunscreen-20260320-4,2026-03-20,sunscreen,Sunscreen,twitter,2,"Good daily SPF, absorbs quickly.",,2026-03-20T07:15:22+00:00
seed-v3-supergoop-20260320-0,2026-03-20,supergoop,Supergoop!,news,4,"No white cast, works like a primer with a soft glow.",,2026-03-20T07:15:22+00:00
